{"type":"FeatureCollection","features":[{"type":"Feature","geometry":{"type":"Point","coordinates":[-84.775606,38.8580137]},"properties":{"id":"big-bone-lick","name":"Big Bone Lick","title":"Big Bone Lick","subtitle":"Boone County / salt lick & fossil beds","county":"Boone","history":"Big Bone Lick was a mineral spring where Pleistocene mastodons, mammoths, and ground sloths left bones in the mud while seeking salt. Native peoples and later explorers—including Christopher Gist—collected fossils here; Thomas Jefferson later studied specimens from the lick. The site became Big Bone Lick State Historic Site, one of Kentucky’s earliest windows on deep time and a waypoint for salt hunters on the Ohio frontier.","description":"Big Bone Lick was a mineral spring where Pleistocene mastodons, mammoths, and ground sloths left bones in the mud while seeking salt. Native peoples and later explorers—including Christopher Gist—collected fossils here; Thomas Jefferson later studied specimens from the lick. The site became Big Bone Lick State Historic Site, one of Kentucky’s earliest windows on deep time and a waypoint for salt hunters on the Ohio frontier.","category":"archaeology","marker_number":32,"marker_title":"Big Bone Lick, Three Miles","source_date":"2026-08-27","year_start":-10000,"year_end":-8000,"yearStart":-10000,"yearEnd":-8000,"era":"prehistoric","layer":"history"}},{"type":"Feature","geometry":{"type":"Point","coordinates":[-84.52875,38.057833333333335]},"properties":{"id":"lexington-named","name":"Lexington Named","title":"Lexington Named","subtitle":"Fayette County / McConnell Springs","county":"Fayette","history":"In early June 1775, William McConnell’s surveyors camped on a sinking spring of Elkhorn Creek when word arrived of the April 19 fight at Lexington, Massachusetts. They named the camp for that battle and returned east; permanent settlement waited until 1779, when Robert Patterson’s party built a blockhouse near present Main and Mill. Virginia established the town in 1782—the springs chose the site, the Revolution chose the name.","description":"In early June 1775, William McConnell’s surveyors camped on a sinking spring of Elkhorn Creek when word arrived of the April 19 fight at Lexington, Massachusetts. They named the camp for that battle and returned east; permanent settlement waited until 1779, when Robert Patterson’s party built a blockhouse near present Main and Mill. Virginia established the town in 1782—the springs chose the site, the Revolution chose the name.","category":"town","marker_number":554,"marker_title":"Lexington Named","source_date":"2026-08-27","year_start":1782,"year_end":1782,"yearStart":1782,"yearEnd":1782,"era":"frontier","layer":"history"}},{"type":"Feature","geometry":{"type":"Point","coordinates":[-84.6676739,37.5302888]},"properties":{"id":"logans-station","name":"Benjamin Logan / Logan's Station","title":"Benjamin Logan / Logan's Station","subtitle":"Lincoln County / St. Asaph near Stanford","county":"Lincoln","history":"In 1775 Benjamin Logan left Boone's party and built Logan's Station (St. Asaph) near present-day Stanford—a stockade by Buffalo Spring that held through a roughly thirteen-day siege in May 1777. Logan hauled the wounded Burr Harrison inside under fire, then slipped out at night and walked about 150 miles to the Holston settlements for powder. He later helped write Kentucky's first constitution and settled on Bullskin Creek near Finchville in Shelby County.","description":"In 1775 Benjamin Logan left Boone's party and built Logan's Station (St. Asaph) near present-day Stanford—a stockade by Buffalo Spring that held through a roughly thirteen-day siege in May 1777. Logan hauled the wounded Burr Harrison inside under fire, then slipped out at night and walked about 150 miles to the Holston settlements for powder. He later helped write Kentucky's first constitution and settled on Bullskin Creek near Finchville in Shelby County.","category":"frontier","marker_number":56,"marker_title":"Logan's Station","source_date":"2026-08-28","year_start":1775,"year_end":1777,"yearStart":1775,"yearEnd":1777,"era":"frontier","layer":"history"}},{"type":"Feature","geometry":{"type":"Point","coordinates":[-85.21585,38.211083333333335]},"properties":{"id":"shelbyville-founding","name":"Shelbyville Founding","title":"Shelbyville Founding","subtitle":"Shelby County seat / Clear Creek","county":"Shelby County seat","history":"Shelby County was carved from Jefferson County in 1792 and named for first governor Isaac Shelby. That October, at the first county court, Revolutionary veteran William Shannon donated about 50 acres on Clear Creek so the new seat would sit on the Frankfort-to-Falls road. Trustees required hewed-log houses with brick or stone chimneys; by 1800 the town had 262 people. Nearby Squire Boone's Painted Stone Station had been the earlier foothold—Shelbyville won the courthouse.","description":"Shelby County was carved from Jefferson County in 1792 and named for first governor Isaac Shelby. That October, at the first county court, Revolutionary veteran William Shannon donated about 50 acres on Clear Creek so the new seat would sit on the Frankfort-to-Falls road. Trustees required hewed-log houses with brick or stone chimneys; by 1800 the town had 262 people. Nearby Squire Boone's Painted Stone Station had been the earlier foothold—Shelbyville won the courthouse.","category":"town","marker_number":1238,"marker_title":"Shelby County, 1792","source_date":"2026-08-28","year_start":1792,"year_end":1800,"yearStart":1792,"yearEnd":1800,"era":"early-commonwealth","layer":"history"}},{"type":"Feature","geometry":{"type":"Point","coordinates":[-88.63255,37.10445]},"properties":{"id":"jackson-purchase","name":"Chickasaw / Jackson Purchase","title":"Chickasaw / Jackson Purchase","subtitle":"Western Kentucky / 1818 treaty","county":"Western Kentucky","history":"West of the Tennessee River, Chickasaw hunting grounds stayed off Kentucky's settled map until October 19, 1818. Andrew Jackson and Isaac Shelby negotiated what became the Jackson Purchase: roughly 13,000 square miles (about 2,369 in Kentucky) for annuities. That treaty filled in the western counties from Ballard through McCracken and closed the last big Indigenous title claim inside the state.","description":"West of the Tennessee River, Chickasaw hunting grounds stayed off Kentucky's settled map until October 19, 1818. Andrew Jackson and Isaac Shelby negotiated what became the Jackson Purchase: roughly 13,000 square miles (about 2,369 in Kentucky) for annuities. That treaty filled in the western counties from Ballard through McCracken and closed the last big Indigenous title claim inside the state.","category":"frontier","marker_number":1006,"marker_title":"Jackson Purchase","source_date":"2026-08-28","year_start":1818,"year_end":1818,"yearStart":1818,"yearEnd":1818,"era":"early-commonwealth","layer":"history"}},{"type":"Feature","geometry":{"type":"Point","coordinates":[-84.8655544,38.1980678]},"properties":{"id":"frankfort-founding","name":"Frankfort Founding","title":"Frankfort Founding","subtitle":"Franklin County / Frank's Ford capital","county":"Franklin","history":"Before it was the capital, the site was a buffalo-trail ford on the Kentucky River. In 1780 pioneer Stephen Frank was killed in a skirmish there; settlers called the crossing Frank's Ford, which shortened to Frankfort. In 1786 Virginia chartered a town on land promoted by Gen. James Wilkinson. When Kentucky became a state in 1792, Frankfort outbid rivals for the capital, and Gideon Shryock's Greek Revival Old Capitol (1830) finally stuck after earlier buildings burned.","description":"Before it was the capital, the site was a buffalo-trail ford on the Kentucky River. In 1780 pioneer Stephen Frank was killed in a skirmish there; settlers called the crossing Frank's Ford, which shortened to Frankfort. In 1786 Virginia chartered a town on land promoted by Gen. James Wilkinson. When Kentucky became a state in 1792, Frankfort outbid rivals for the capital, and Gideon Shryock's Greek Revival Old Capitol (1830) finally stuck after earlier buildings burned.","category":"town","marker_number":105,"marker_title":"Frankfort","source_date":"2026-08-29","year_start":1780,"year_end":1830,"yearStart":1780,"yearEnd":1830,"era":"frontier","layer":"history"}},{"type":"Feature","geometry":{"type":"Point","coordinates":[-85.7640065,38.000782]},"properties":{"id":"bullitts-lick","name":"Bullitt's Lick","title":"Bullitt's Lick","subtitle":"Bullitt County / Kentucky's first industry","county":"Bullitt","history":"Salt was frontier white gold, and the only large commercial saltworks west of the Alleghenies during the Revolution sat about three miles west of present-day Shepherdsville. Capt. Thomas Bullitt surveyed the Salt River lick in 1773; production started in 1779 as workers boiled brine in rows of iron kettles. Pack trains and flatboats carried the salt across Kentucky, a fort went up in 1780, and a boomtown nicknamed Saltburg grew around the furnaces until cheaper salt arrived around 1830.","description":"Salt was frontier white gold, and the only large commercial saltworks west of the Alleghenies during the Revolution sat about three miles west of present-day Shepherdsville. Capt. Thomas Bullitt surveyed the Salt River lick in 1773; production started in 1779 as workers boiled brine in rows of iron kettles. Pack trains and flatboats carried the salt across Kentucky, a fort went up in 1780, and a boomtown nicknamed Saltburg grew around the furnaces until cheaper salt arrived around 1830.","category":"industry","marker_number":133,"marker_title":"Bullitt's Lick","source_date":"2026-08-29","year_start":1773,"year_end":1780,"yearStart":1773,"yearEnd":1780,"era":"frontier","layer":"history"}},{"type":"Feature","geometry":{"type":"Point","coordinates":[-85.7173,38.2434]},"properties":{"id":"george-rogers-clark-corn-island","name":"George Rogers Clark / Corn Island","title":"George Rogers Clark / Corn Island","subtitle":"Jefferson County / Falls of the Ohio","county":"Jefferson","history":"Virginia surveyor-turned-militia leader George Rogers Clark staged at Corn Island in the Falls of the Ohio in 1778, then launched the Illinois Campaign that took Kaskaskia and Vincennes from the British. The settlement he left behind became Louisville, chartered in 1780 and named for France’s Louis XVI. Fort Nelson later rose on the mainland as his western headquarters.","description":"Virginia surveyor-turned-militia leader George Rogers Clark staged at Corn Island in the Falls of the Ohio in 1778, then launched the Illinois Campaign that took Kaskaskia and Vincennes from the British. The settlement he left behind became Louisville, chartered in 1780 and named for France’s Louis XVI. Fort Nelson later rose on the mainland as his western headquarters.","category":"person","marker_number":1753,"marker_title":"George Rogers Clark","source_date":"2026-08-30","year_start":1778,"year_end":1780,"yearStart":1778,"yearEnd":1780,"era":"frontier","layer":"history"}},{"type":"Feature","geometry":{"type":"Point","coordinates":[-83.99151666666667,38.43443333333333]},"properties":{"id":"battle-of-blue-licks","name":"Battle of Blue Licks","title":"Battle of Blue Licks","subtitle":"Robertson County · Aug 19, 1782 · McGary’s charge","history":"On August 19, 1782, about 182 Kentucky militia chasing Captain William Caldwell’s raiders walked into an ambush on a Licking River ridge in today’s Robertson County. Major Hugh McGary commanded the center under Col. John Todd; when Boone warned of an ambush at the Licking Ford, McGary rode across daring anyone who wasn’t a coward to follow. Roughly seventy Kentuckians fell in minutes, including Todd, Trigg, and Boone’s son Israel. It was the settlers’ bloodiest Revolutionary defeat in Kentucky, months after Yorktown.","description":"On August 19, 1782, about 182 Kentucky militia chasing Captain William Caldwell’s raiders walked into an ambush on a Licking River ridge in today’s Robertson County. Major Hugh McGary commanded the center under Col. John Todd; when Boone warned of an ambush at the Licking Ford, McGary rode across daring anyone who wasn’t a coward to follow. Roughly seventy Kentuckians fell in minutes, including Todd, Trigg, and Boone’s son Israel. It was the settlers’ bloodiest Revolutionary defeat in Kentucky, months after Yorktown.","website":"https://en.wikipedia.org/wiki/Battle_of_Blue_Licks","category":"battle","marker_number":18,"marker_title":"Blue Licks Battlefield","source_date":"2026-09-25","year_start":1782,"year_end":1782,"photo":{"image_url":"/content/photos/stories/hugh-mcgary-the-blue-licks-hothead.jpg","title":"Blue Licks Battlefield monument","source_url":"https://commons.wikimedia.org/wiki/File:Blue_Licks_Battlefield_monument.jpg","source_label":"Wikimedia Commons","attribution":"Nyttend · Wikimedia Commons · Public domain","year":null},"yearStart":1782,"yearEnd":1782,"era":"frontier","layer":"history"}},{"type":"Feature","geometry":{"type":"Point","coordinates":[-84.2036474,37.3677334]},"properties":{"id":"great-saltpetre-cave","name":"Great Saltpetre Cave","title":"Great Saltpetre Cave","subtitle":"Rockcastle County / War of 1812 powder","county":"Rockcastle","history":"South of Mount Vernon in Rockcastle County, Great Saltpetre Cave was mined hard for calcium nitrate during the War of 1812, when British blockades cut off imported saltpeter for gunpowder. Dozens of workers (many enslaved) leached cave earth in wooden vats and shipped crystals to powder mills until trade reopened after 1815. The Rockcastle Karst Conservancy keeps the preserve today.","description":"South of Mount Vernon in Rockcastle County, Great Saltpetre Cave was mined hard for calcium nitrate during the War of 1812, when British blockades cut off imported saltpeter for gunpowder. Dozens of workers (many enslaved) leached cave earth in wooden vats and shipped crystals to powder mills until trade reopened after 1815. The Rockcastle Karst Conservancy keeps the preserve today.","category":"industry","marker_number":715,"marker_title":"Great Saltpeter Cave","source_date":"2026-08-30","year_start":1815,"year_end":1815,"yearStart":1815,"yearEnd":1815,"era":"early-commonwealth","layer":"history"}},{"type":"Feature","geometry":{"type":"Point","coordinates":[-87.5691084,37.8310805]},"properties":{"id":"richard-henderson-transylvania","name":"Richard Henderson / Transylvania","title":"Richard Henderson / Transylvania","subtitle":"Henderson County / Transylvania Company","county":"Henderson","history":"North Carolina judge Richard Henderson reorganized his investors as the Transylvania Company in early 1775, then bargained at Sycamore Shoals for roughly 20 million acres between the Kentucky, Cumberland, and Ohio rivers. Cherokee headmen signed in mid-March; warrior Dragging Canoe opposed the sale and warned the country would become dark and bloody. Virginia later voided the private purchase but compensated the company with Ohio River acreage that seeded Henderson County.","description":"North Carolina judge Richard Henderson reorganized his investors as the Transylvania Company in early 1775, then bargained at Sycamore Shoals for roughly 20 million acres between the Kentucky, Cumberland, and Ohio rivers. Cherokee headmen signed in mid-March; warrior Dragging Canoe opposed the sale and warned the country would become dark and bloody. Virginia later voided the private purchase but compensated the company with Ohio River acreage that seeded Henderson County.","category":"frontier","marker_number":66,"marker_title":"Transylvania Company","source_date":"2026-08-31","year_start":1775,"year_end":1775,"yearStart":1775,"yearEnd":1775,"era":"frontier","layer":"history"}},{"type":"Feature","geometry":{"type":"Point","coordinates":[-85.4665,37.8089]},"properties":{"id":"bardstown-founding","name":"Bardstown Founding","title":"Bardstown Founding","subtitle":"Nelson County seat / Beech Fork","county":"Nelson County seat","history":"The Bardstown area was explored in the mid-1770s and briefly called Salem. In 1780 William Bard surveyed a town on a 1,000-acre grant for his brother David and John Cockey Owings and set aside ground for public buildings. Named seat of new Nelson County in 1784, it was chartered by Virginia as Baird’s Town in 1788 and settled into the name Bardstown—one of Kentucky’s oldest inland towns.","description":"The Bardstown area was explored in the mid-1770s and briefly called Salem. In 1780 William Bard surveyed a town on a 1,000-acre grant for his brother David and John Cockey Owings and set aside ground for public buildings. Named seat of new Nelson County in 1784, it was chartered by Virginia as Baird’s Town in 1788 and settled into the name Bardstown—one of Kentucky’s oldest inland towns.","category":"town","marker_number":1668,"marker_title":"Bardstown","source_date":"2026-08-31","year_start":1780,"year_end":1788,"yearStart":1780,"yearEnd":1788,"era":"frontier","layer":"history"}},{"type":"Feature","geometry":{"type":"Point","coordinates":[-85.64503333333333,38.24001666666667]},"properties":{"id":"floyds-station","name":"John Floyd / Floyd's Station","title":"John Floyd / Floyd's Station","subtitle":"Jefferson County / Beargrass Creek","county":"Jefferson","history":"Virginia surveyor John Floyd led a 1774 Fincastle party into Kentucky, staked 2,000 acres on Beargrass Creek, and came back in 1779 to stockade Floyd's Station near today's St. Matthews. Virginia made him a Louisville trustee, Jefferson militia colonel, and in 1783 one of Kentucky's first two judges. On April 8 that year he rode toward Bullitt's Lick in a scarlet coat; a shot from ambush dropped him, and he died two days later at 32.","description":"Virginia surveyor John Floyd led a 1774 Fincastle party into Kentucky, staked 2,000 acres on Beargrass Creek, and came back in 1779 to stockade Floyd's Station near today's St. Matthews. Virginia made him a Louisville trustee, Jefferson militia colonel, and in 1783 one of Kentucky's first two judges. On April 8 that year he rode toward Bullitt's Lick in a scarlet coat; a shot from ambush dropped him, and he died two days later at 32.","category":"person","marker_number":1060,"marker_title":"Floyd's Station","source_date":"2026-09-01","year_start":1774,"year_end":1783,"yearStart":1774,"yearEnd":1783,"era":"frontier","layer":"history"}},{"type":"Feature","geometry":{"type":"Point","coordinates":[-84.5614948,38.2100364]},"properties":{"id":"georgetown-royal-spring","name":"Georgetown / Royal Spring","title":"Georgetown / Royal Spring","subtitle":"Scott County / Elijah Craig spring","county":"Scott","history":"In July 1774 John Floyd claimed a thousand acres around a big Bluegrass spring. John McClelland built a cabin and stockade above it in 1775; an attack on December 29, 1776, killed McClelland, and the station emptied in 1777. Baptist preacher Elijah Craig later laid out Lebanon on the same spring, won a 1784 Virginia charter, and in 1790 renamed the place George Town for Washington. Scott County's seat still drinks from Royal Spring.","description":"In July 1774 John Floyd claimed a thousand acres around a big Bluegrass spring. John McClelland built a cabin and stockade above it in 1775; an attack on December 29, 1776, killed McClelland, and the station emptied in 1777. Baptist preacher Elijah Craig later laid out Lebanon on the same spring, won a 1784 Virginia charter, and in 1790 renamed the place George Town for Washington. Scott County's seat still drinks from Royal Spring.","category":"town","marker_number":63,"marker_title":"Royal Spring","source_date":"2026-09-01","year_start":1774,"year_end":1790,"yearStart":1774,"yearEnd":1790,"era":"frontier","layer":"history"}},{"type":"Feature","geometry":{"type":"Point","coordinates":[-84.8677266,38.2137751]},"properties":{"id":"leestown","name":"Leestown","title":"Leestown","subtitle":"Franklin County / Kentucky River port","county":"Franklin","history":"In 1773 the McAfee company and Hancock Taylor surveyed a buffalo crossing on the Kentucky River about a mile north of today’s Frankfort. Hancock and Willis Lee planted a village on the north bank in 1775, the first Anglo-American settlement north of the river. Raids emptied it in 1777; it returned as a tobacco warehouse and shipping port for hemp, corn, and whiskey, and in 1827 limestone for the Old State House was quarried from the riverbank here.","description":"In 1773 the McAfee company and Hancock Taylor surveyed a buffalo crossing on the Kentucky River about a mile north of today’s Frankfort. Hancock and Willis Lee planted a village on the north bank in 1775, the first Anglo-American settlement north of the river. Raids emptied it in 1777; it returned as a tobacco warehouse and shipping port for hemp, corn, and whiskey, and in 1827 limestone for the Old State House was quarried from the riverbank here.","category":"town","marker_number":103,"marker_title":"Leestown","source_date":"2026-09-01","year_start":1773,"year_end":1777,"yearStart":1773,"yearEnd":1777,"era":"frontier","layer":"history"}},{"type":"Feature","geometry":{"type":"Point","coordinates":[-85.4313603,38.2363772]},"properties":{"id":"squire-boone-painted-stone","name":"Squire Boone / Painted Stone / Long Run","title":"Squire Boone / Painted Stone / Long Run","subtitle":"Shelby & Jefferson counties / 1781 massacre","county":"Shelby & Jefferson counties","history":"Daniel's younger brother Squire Boone carved his name into a Clear Creek rock, painted the letters red, and by spring 1780 planted Shelby County's first large station about two miles north of present Shelbyville. After an April 1781 wound left Squire's right arm permanently short, most settlers fled toward Linn's Station and walked into the Long Run Massacre of September 13. He later rebuilt a mill on the burnt site before land debts cost him the station.","description":"Daniel's younger brother Squire Boone carved his name into a Clear Creek rock, painted the letters red, and by spring 1780 planted Shelby County's first large station about two miles north of present Shelbyville. After an April 1781 wound left Squire's right arm permanently short, most settlers fled toward Linn's Station and walked into the Long Run Massacre of September 13. He later rebuilt a mill on the burnt site before land debts cost him the station.","category":"frontier","marker_number":991,"marker_title":"Long Run Massacre","source_date":"2026-09-02","year_start":1780,"year_end":1781,"yearStart":1780,"yearEnd":1781,"era":"frontier","layer":"history"}},{"type":"Feature","geometry":{"type":"Point","coordinates":[-84.24981666666666,38.21273333333333]},"properties":{"id":"paris-founding","name":"Paris Founding","title":"Paris Founding","subtitle":"Bourbon County seat / 1789–1790","county":"Bourbon County seat","history":"Joseph Houston's 1776 station sat near Doyle Spring. Lawrence Protzman later platted 250 acres and in 1789 got Virginia to charter the town as Hopewell as Bourbon County's seat. In 1790 James Garrard and locals renamed it Paris to match the county, itself named for France's Bourbon kings who backed the Revolution. The post office briefly ran as Bourbonton before Paris stuck.","description":"Joseph Houston's 1776 station sat near Doyle Spring. Lawrence Protzman later platted 250 acres and in 1789 got Virginia to charter the town as Hopewell as Bourbon County's seat. In 1790 James Garrard and locals renamed it Paris to match the county, itself named for France's Bourbon kings who backed the Revolution. The post office briefly ran as Bourbonton before Paris stuck.","category":"town","marker_number":1246,"marker_title":"Bourbon County, 1786","source_date":"2026-09-02","year_start":1789,"year_end":1790,"yearStart":1789,"yearEnd":1790,"era":"frontier","layer":"history"}},{"type":"Feature","geometry":{"type":"Point","coordinates":[-86.4425,36.992466666666665]},"properties":{"id":"capt-will-long-hunters","name":"Capt. Will Emery / Long Hunters","title":"Capt. Will Emery / Long Hunters","subtitle":"Warren County / hunting-ground conflict","county":"Warren","history":"Shawnee held the larger northern and central Kentucky hunting grounds; Cherokee worked closer to Cumberland Gap. When long hunters stacked pelts for eastern markets, Native parties treated them as poachers. Around late 1769 a Shawnee band with Captain Will Emery took Boone and John Stewart’s six-month haul and warned them home: stay out, or the wasps and yellowjackets would sting. Not blank wilderness—a contested commons.","description":"Shawnee held the larger northern and central Kentucky hunting grounds; Cherokee worked closer to Cumberland Gap. When long hunters stacked pelts for eastern markets, Native parties treated them as poachers. Around late 1769 a Shawnee band with Captain Will Emery took Boone and John Stewart’s six-month haul and warned them home: stay out, or the wasps and yellowjackets would sting. Not blank wilderness—a contested commons.","category":"frontier","marker_number":1187,"marker_title":"Long Hunters","source_date":"2026-09-02","year_start":1769,"year_end":1769,"yearStart":1769,"yearEnd":1769,"era":"frontier","layer":"history"}},{"type":"Feature","geometry":{"type":"Point","coordinates":[-84.4906036,38.0464087]},"properties":{"id":"christopher-gist-ohio-company","name":"Christopher Gist / Ohio Company","title":"Christopher Gist / Ohio Company","subtitle":"Fayette County / 1750–51 survey","county":"Fayette","history":"Fifteen-plus years before Boone’s fame, the Ohio Company hired surveyor Christopher Gist to probe the Ohio Valley down toward the Falls. Crossing into Kentucky from the Scioto mouth, his journal logged rich bottomlands, canebrakes, buffalo plains, and Native towns. Shawnee at Lower Shawneetown warned him off the Falls; he brought the company a fossil “beest” tooth from Big Bone country and the first detailed English read of northeastern Kentucky.","description":"Fifteen-plus years before Boone’s fame, the Ohio Company hired surveyor Christopher Gist to probe the Ohio Valley down toward the Falls. Crossing into Kentucky from the Scioto mouth, his journal logged rich bottomlands, canebrakes, buffalo plains, and Native towns. Shawnee at Lower Shawneetown warned him off the Falls; he brought the company a fossil “beest” tooth from Big Bone country and the first detailed English read of northeastern Kentucky.","category":"person","marker_number":20,"marker_title":"Ohio Company of Virginia","source_date":"2026-09-02","year_start":1750,"year_end":1750,"yearStart":1750,"yearEnd":1750,"era":"frontier","layer":"history"}},{"type":"Feature","geometry":{"type":"Point","coordinates":[-84.29951666666666,38.27406666666667]},"properties":{"id":"jacob-spears","name":"Jacob Spears","title":"Jacob Spears","subtitle":"Bourbon County / early bourbon whiskey","county":"Bourbon","history":"Pennsylvania-born Revolutionary veteran Jacob Spears settled near Paris in Bourbon County and was distilling by the 1790s. Thomas Metcalfe built his stone house (“Stone Castle”) around 1790; the farm still holds a springhouse and whiskey storehouse—Kentucky’s most complete early distiller’s complex. Spears floated barrels down the Licking to the Ohio and on to New Orleans, and he is often credited among the first to market the county’s whiskey under the name that stuck: bourbon.","description":"Pennsylvania-born Revolutionary veteran Jacob Spears settled near Paris in Bourbon County and was distilling by the 1790s. Thomas Metcalfe built his stone house (“Stone Castle”) around 1790; the farm still holds a springhouse and whiskey storehouse—Kentucky’s most complete early distiller’s complex. Spears floated barrels down the Licking to the Ohio and on to New Orleans, and he is often credited among the first to market the county’s whiskey under the name that stuck: bourbon.","category":"bourbon","marker_number":2295,"marker_title":"Bourbon Whiskey/ Jacob Spears","source_date":"2026-09-03","year_start":1790,"year_end":1790,"yearStart":1790,"yearEnd":1790,"era":"frontier","layer":"history"}},{"type":"Feature","geometry":{"type":"Point","coordinates":[-85.75941874666854,38.2323905798604]},"properties":{"id":"john-filson","name":"John Filson","title":"John Filson","subtitle":"Jefferson County / Filson Club pin","county":"Jefferson","history":"Pennsylvania schoolteacher and surveyor John Filson reached Lexington around 1783 with land warrants for more than 12,000 acres. In 1784 he published The Discovery, Settlement and Present State of Kentucke—the first written history of the country—with a companion map engraved in Philadelphia. The book’s appendix carried the earliest printed Boone narrative; in 1788 Filson helped plat Losantiville (later Cincinnati) and that October vanished while surveying near the Great Miami.","description":"Pennsylvania schoolteacher and surveyor John Filson reached Lexington around 1783 with land warrants for more than 12,000 acres. In 1784 he published The Discovery, Settlement and Present State of Kentucke—the first written history of the country—with a companion map engraved in Philadelphia. The book’s appendix carried the earliest printed Boone narrative; in 1788 Filson helped plat Losantiville (later Cincinnati) and that October vanished while surveying near the Great Miami.","category":"person","marker_number":1976,"marker_title":"The Filson Club Historical Society","source_date":"2026-09-04","year_start":1783,"year_end":1788,"yearStart":1783,"yearEnd":1788,"era":"frontier","layer":"history"}},{"type":"Feature","geometry":{"type":"Point","coordinates":[-84.81528333333333,38.1884]},"properties":{"id":"lexington-ohio-railroad","name":"Lexington & Ohio Railroad","title":"Lexington & Ohio Railroad","subtitle":"Franklin County / first KY railroad","county":"Franklin","history":"On January 27, 1830, Kentucky chartered the Lexington & Ohio—the commonwealth’s first railroad, and among the first west of the Alleghenies—to tie Lexington to the Ohio River. Track used English strap iron spiked to quarried limestone sills; horses pulled early cars, then steam. The “Daniel Boone” engine made Lexington to Frankfort in about two and a half hours in 1835, cracking open Bluegrass freight toward the river long before the Civil War.","description":"On January 27, 1830, Kentucky chartered the Lexington & Ohio—the commonwealth’s first railroad, and among the first west of the Alleghenies—to tie Lexington to the Ohio River. Track used English strap iron spiked to quarried limestone sills; horses pulled early cars, then steam. The “Daniel Boone” engine made Lexington to Frankfort in about two and a half hours in 1835, cracking open Bluegrass freight toward the river long before the Civil War.","category":"industry","marker_number":69,"marker_title":"Lexington & Ohio RR","source_date":"2026-09-04","year_start":1830,"year_end":1835,"yearStart":1830,"yearEnd":1835,"era":"early-commonwealth","layer":"history"}},{"type":"Feature","geometry":{"type":"Point","coordinates":[-85.2361795,38.2143528]},"properties":{"id":"bland-ballard-tyler-station","name":"Bland W. Ballard / Tyler Station","title":"Bland W. Ballard / Tyler Station","subtitle":"Shelby County / Tick Creek","county":"Shelby","history":"Born Spotsylvania County, Va., October 16, 1761, Bland Williams Ballard came to Kentucky in 1779 and scouted for George Rogers Clark. With Robert Tyler he helped plant Tyler Station on Tick Creek east of Shelbyville around 1781. In 1788 Delaware warriors killed his father and several siblings near the station; Ballard fought through Fallen Timbers, survived capture at Frenchtown, represented Shelby County in the General Assembly, and died September 5, 1853. Ballard County carries his name.","description":"Born Spotsylvania County, Va., October 16, 1761, Bland Williams Ballard came to Kentucky in 1779 and scouted for George Rogers Clark. With Robert Tyler he helped plant Tyler Station on Tick Creek east of Shelbyville around 1781. In 1788 Delaware warriors killed his father and several siblings near the station; Ballard fought through Fallen Timbers, survived capture at Frenchtown, represented Shelby County in the General Assembly, and died September 5, 1853. Ballard County carries his name.","category":"person","marker_number":1088,"marker_title":"Maj. Bland W. Ballard","source_date":"2026-09-05","year_start":1761,"year_end":1788,"yearStart":1761,"yearEnd":1788,"era":"frontier","layer":"history"}},{"type":"Feature","geometry":{"type":"Point","coordinates":[-83.9511,38.0733]},"properties":{"id":"gaitskill-mound","name":"Gaitskill Mound","title":"Gaitskill Mound","subtitle":"Montgomery County / Adena tablets","county":"Montgomery","history":"On Mount Sterling’s northern bypass, Gaitskill Mound is an Adena earthwork (roughly 800 B.C.–A.D. 700) listed on the National Register in 1975. Unlike many looted mounds, it yielded rare engraved stone and clay tablets recovered through University of Kentucky work associated with W.S. Webb—ritual objects tied to Adena cremation and mound ceremony rather than everyday trash. The site anchors Montgomery County’s deep Woodland past beneath the later townscape.","description":"On Mount Sterling’s northern bypass, Gaitskill Mound is an Adena earthwork (roughly 800 B.C.–A.D. 700) listed on the National Register in 1975. Unlike many looted mounds, it yielded rare engraved stone and clay tablets recovered through University of Kentucky work associated with W.S. Webb—ritual objects tied to Adena cremation and mound ceremony rather than everyday trash. The site anchors Montgomery County’s deep Woodland past beneath the later townscape.","category":"archaeology","marker_number":1655,"marker_title":"The Gaitskill Mound","source_date":"2026-09-05","year_start":-800,"year_end":700,"yearStart":-800,"yearEnd":700,"era":"prehistoric","layer":"history"}},{"type":"Feature","geometry":{"type":"Point","coordinates":[-84.78761913468118,38.13698933835563]},"properties":{"id":"james-crow-oscar-pepper","name":"James C. Crow / Oscar Pepper","title":"James C. Crow / Oscar Pepper","subtitle":"Woodford County / Labrot & Graham ground","county":"Woodford","history":"Scottish physician-chemist James C. Crow began advising Oscar Pepper's Woodford County farm still on Glenn's Creek by 1833. After Pepper rebuilt in stone (1837–38), Crow returned as master distiller (1840–55), measuring mash temperatures, yeast, and acidity with scientific care that fixed sour-mash practice as commercial habit. His whiskey shipped far beyond Kentucky; Old Crow later took his name, and the limestone valley still hosts Woodford Reserve on the old Pepper ground.","description":"Scottish physician-chemist James C. Crow began advising Oscar Pepper's Woodford County farm still on Glenn's Creek by 1833. After Pepper rebuilt in stone (1837–38), Crow returned as master distiller (1840–55), measuring mash temperatures, yeast, and acidity with scientific care that fixed sour-mash practice as commercial habit. His whiskey shipped far beyond Kentucky; Old Crow later took his name, and the limestone valley still hosts Woodford Reserve on the old Pepper ground.","category":"bourbon","marker_number":1987,"marker_title":"Labrot & Graham Distillery","source_date":"2026-09-05","year_start":1837,"year_end":1837,"yearStart":1837,"yearEnd":1837,"era":"early-commonwealth","layer":"history"}},{"type":"Feature","geometry":{"type":"Point","coordinates":[-84.7919732,37.5753439]},"properties":{"id":"isaac-shelby","name":"Isaac Shelby","title":"Isaac Shelby","subtitle":"Lincoln County / Traveler's Rest","county":"Lincoln","history":"Maryland-born Isaac Shelby fought at Point Pleasant, then helped lead the Overmountain Men to victory at Kings Mountain in 1780. He moved to Kentucky in the 1780s, helped push statehood, and in 1792 became the commonwealth's first governor; sixteen years later he returned as fifth governor and led militia at the Battle of the Thames. Shelby County still carries his name, and Traveler's Rest marks his home ground.","description":"Maryland-born Isaac Shelby fought at Point Pleasant, then helped lead the Overmountain Men to victory at Kings Mountain in 1780. He moved to Kentucky in the 1780s, helped push statehood, and in 1792 became the commonwealth's first governor; sixteen years later he returned as fifth governor and led militia at the Battle of the Thames. Shelby County still carries his name, and Traveler's Rest marks his home ground.","category":"person","marker_number":95,"marker_title":"Traveler's Rest","source_date":"2026-08-29","year_start":1780,"year_end":1792,"yearStart":1780,"yearEnd":1792,"era":"frontier","layer":"history"}},{"type":"Feature","geometry":{"type":"Point","coordinates":[-84.54252,37.4761695]},"properties":{"id":"william-whitley-sportsmans-hill","name":"William Whitley / Sportsman's Hill","title":"William Whitley / Sportsman's Hill","subtitle":"Lincoln County / Crab Orchard","county":"Lincoln","history":"Near Crab Orchard, William Whitley finished Sportsman's Hill (1787–1794), often called Kentucky's first brick house—thick walls, elevated windows, and hiding places against raids. Beside it he ran a clay oval where horses raced counter-clockwise, a pointed break from English turf clockwise. The house and hill remain a Lincoln County historic site.","description":"Near Crab Orchard, William Whitley finished Sportsman's Hill (1787–1794), often called Kentucky's first brick house—thick walls, elevated windows, and hiding places against raids. Beside it he ran a clay oval where horses raced counter-clockwise, a pointed break from English turf clockwise. The house and hill remain a Lincoln County historic site.","category":"frontier","marker_number":982,"marker_title":"Sportsman's HIll","source_date":"2026-08-28","year_start":1787,"year_end":1794,"yearStart":1787,"yearEnd":1794,"era":"frontier","layer":"history"}},{"type":"Feature","geometry":{"type":"Point","coordinates":[-83.9431961,38.0561079]},"properties":{"id":"estills-defeat","name":"Estill's Defeat","title":"Estill's Defeat","subtitle":"Montgomery County / Little Mountain 1782","county":"Montgomery","history":"On March 22, 1782, Capt. James Estill and about 25 Lincoln County militiamen overtook a Wyandot raiding party at Little Mountain Creek, near today’s Mount Sterling. After nearly two hours of fighting, Lt. William Miller’s left flank broke, the Wyandots closed, and Estill was killed in hand-to-hand combat along with six of his men. The fight—also called the Battle of Little Mountain—was one of the bloodiest single engagements of Kentucky’s “Year of Blood.”","description":"On March 22, 1782, Capt. James Estill and about 25 Lincoln County militiamen overtook a Wyandot raiding party at Little Mountain Creek, near today’s Mount Sterling. After nearly two hours of fighting, Lt. William Miller’s left flank broke, the Wyandots closed, and Estill was killed in hand-to-hand combat along with six of his men. The fight—also called the Battle of Little Mountain—was one of the bloodiest single engagements of Kentucky’s “Year of Blood.”","category":"battle","marker_number":153,"marker_title":"Estill's Defeat","source_date":"2026-09-03","year_start":1782,"year_end":1782,"yearStart":1782,"yearEnd":1782,"era":"frontier","layer":"history"}},{"type":"Feature","geometry":{"type":"Point","coordinates":[-83.70171666666667,36.60686666666667]},"properties":{"id":"cumberland-gap-thomas-walker","name":"Cumberland Gap / Thomas Walker","title":"Cumberland Gap / Thomas Walker","subtitle":"Bell County / geologic doorway","county":"Bell","history":"In March 1750 Dr. Thomas Walker led a Loyal Land Company party through the Appalachians and on April 13 recorded Cave Gap: a plain Indian road, a spring pouring from a cave, marked trees, and a pass visible for miles. He named the gap and nearby river for the Duke of Cumberland and later had a small cabin raised near present Barbourville—the first Euro-American house claimed in Kentucky. Walker’s journal mapped the geologic doorway later generations would pour through.","description":"In March 1750 Dr. Thomas Walker led a Loyal Land Company party through the Appalachians and on April 13 recorded Cave Gap: a plain Indian road, a spring pouring from a cave, marked trees, and a pass visible for miles. He named the gap and nearby river for the Duke of Cumberland and later had a small cabin raised near present Barbourville—the first Euro-American house claimed in Kentucky. Walker’s journal mapped the geologic doorway later generations would pour through.","category":"frontier","marker_number":2217,"marker_title":"Lewis and Clark in Kentucky - Cumberland Gap","source_date":"2026-08-31","year_start":1750,"year_end":1750,"yearStart":1750,"yearEnd":1750,"era":"frontier","layer":"history"}},{"type":"Feature","geometry":{"type":"Point","coordinates":[-84.9393979,37.3184064]},"properties":{"id":"catherine-spears-carpenter","name":"Catherine Spears Carpenter","title":"Catherine Spears Carpenter","subtitle":"Casey County / 1818 sour-mash recipes","county":"Casey","history":"Twice-widowed Catherine Spears Carpenter ran a large Casey County farm after 1806, raising crops, livestock, and surplus corn into whiskey. County tax records show her paying on 100 gallons of spirits in 1815. An 1818 manuscript in the Carpenter Family Papers preserves sweet-mash and sour-mash distilling recipes she used to instruct her household—one of the earliest written American sour-mash records, decades before James Crow’s fame.","description":"Twice-widowed Catherine Spears Carpenter ran a large Casey County farm after 1806, raising crops, livestock, and surplus corn into whiskey. County tax records show her paying on 100 gallons of spirits in 1815. An 1818 manuscript in the Carpenter Family Papers preserves sweet-mash and sour-mash distilling recipes she used to instruct her household—one of the earliest written American sour-mash records, decades before James Crow’s fame.","category":"bourbon","source_date":"2026-08-27","year_start":1806,"year_end":1818,"yearStart":1806,"yearEnd":1818,"era":"early-commonwealth","layer":"history"}},{"type":"Feature","geometry":{"type":"Point","coordinates":[-89.0917492,36.9712176]},"properties":{"id":"wickliffe-mounds","name":"Wickliffe Mounds","title":"Wickliffe Mounds","subtitle":"Ballard County / Mississippian town","county":"Ballard","history":"Mississippian farmers founded Wickliffe around AD 1100 on a bluff over the Ohio, three miles from the Mississippi confluence. They built platform mounds, a plaza, houses, and after 1175 a cemetery mound; by 1350 the community capped its mounds and left. In the 1930s a promoter opened graves to tourists as “Ancient Buried City”; Murray State later professionalized the research, and the site became a state historic site in 2004.","description":"Mississippian farmers founded Wickliffe around AD 1100 on a bluff over the Ohio, three miles from the Mississippi confluence. They built platform mounds, a plaza, houses, and after 1175 a cemetery mound; by 1350 the community capped its mounds and left. In the 1930s a promoter opened graves to tourists as “Ancient Buried City”; Murray State later professionalized the research, and the site became a state historic site in 2004.","category":"archaeology","source_date":"2026-08-27","year_start":1100,"year_end":1350,"yearStart":1100,"yearEnd":1350,"era":"native","layer":"history"}},{"type":"Feature","geometry":{"type":"Point","coordinates":[-85.7628814,38.2753405]},"properties":{"id":"falls-of-the-ohio","name":"Falls of the Ohio","title":"Falls of the Ohio","subtitle":"Clarksville / Jefferson fossil beds","county":"Clarksville","history":"About 390 million years ago a shallow Devonian sea laid down the Jeffersonville Limestone—coral banks and stromatoporoid sponges now exposed at the Falls of the Ohio. Those hard shelves made the only major rapids on the river, so flatboats had to portage; Louisville and the Indiana towns grew at that choke point. George Rogers Clark staged from Corn Island in 1778. The beds have been a National Natural Landmark since 1966.","description":"About 390 million years ago a shallow Devonian sea laid down the Jeffersonville Limestone—coral banks and stromatoporoid sponges now exposed at the Falls of the Ohio. Those hard shelves made the only major rapids on the river, so flatboats had to portage; Louisville and the Indiana towns grew at that choke point. George Rogers Clark staged from Corn Island in 1778. The beds have been a National Natural Landmark since 1966.","category":"archaeology","source_date":"2026-08-28","year_start":-4000,"year_end":1800,"yearStart":-4000,"yearEnd":1800,"era":"prehistoric","layer":"history"}},{"type":"Feature","geometry":{"type":"Point","coordinates":[-83.01,38.73]},"properties":{"id":"lower-shawneetown","name":"Lower Shawneetown","title":"Lower Shawneetown","subtitle":"Greenup County / Scioto mouth KY bank","county":"Greenup","history":"Long before stations dotted the Bluegrass, a major Shawnee town straddled the Ohio at the Scioto’s mouth near today’s South Portsmouth. English maps called it Lower Shawneetown; by 1751 eyewitnesses put the population around 1,200. It was a diplomatic hub and western end of Pennsylvania’s southern deerskin trade until 1758, when the Shawnee moved north. Kentucky archaeology still holds Fort Ancient pottery mixed with mid-1700s trade goods from the Bentley and related sites on the Kentucky bank.","description":"Long before stations dotted the Bluegrass, a major Shawnee town straddled the Ohio at the Scioto’s mouth near today’s South Portsmouth. English maps called it Lower Shawneetown; by 1751 eyewitnesses put the population around 1,200. It was a diplomatic hub and western end of Pennsylvania’s southern deerskin trade until 1758, when the Shawnee moved north. Kentucky archaeology still holds Fort Ancient pottery mixed with mid-1700s trade goods from the Bentley and related sites on the Kentucky bank.","category":"archaeology","source_date":"2026-08-29","year_start":1600,"year_end":1750,"yearStart":1600,"yearEnd":1750,"era":"frontier","layer":"history"}},{"type":"Feature","geometry":{"type":"Point","coordinates":[-86.84,37.48]},"properties":{"id":"indian-knoll","name":"Indian Knoll","title":"Indian Knoll","subtitle":"Late Archaic shell midden · Ohio County","history":"Five thousand years before the first stations, Late Archaic hunter-gatherers kept returning to a shell midden on the Green River in Ohio County. Indian Knoll (15OH2) yielded over a thousand burials, twenty-three dog burials, and more than 50,000 artifacts when University of Kentucky crews dug it in the late 1930s WPA years. In the early 1990s it and nineteen other Green River shell middens became National Historic Landmarks.","description":"Five thousand years before the first stations, Late Archaic hunter-gatherers kept returning to a shell midden on the Green River in Ohio County. Indian Knoll (15OH2) yielded over a thousand burials, twenty-three dog burials, and more than 50,000 artifacts when University of Kentucky crews dug it in the late 1930s WPA years. In the early 1990s it and nineteen other Green River shell middens became National Historic Landmarks.","category":"archaeology","source_date":"2026-08-29","year_start":-3000,"year_end":-1000,"yearStart":-3000,"yearEnd":-1000,"era":"prehistoric","layer":"history"}},{"type":"Feature","geometry":{"type":"Point","coordinates":[-84.7721823,37.6456488]},"properties":{"id":"danville-constitution-square","name":"Danville Constitution Square","title":"Danville Constitution Square","subtitle":"Boyle County / statehood conventions","county":"Boyle","history":"After the Kentucky District court moved from Harrodsburg to Crow’s Station, Danville’s public square (laid out 1785) hosted ten conventions from 1784 to 1792. Delegates there framed the first state constitution in April 1792, clearing the way for Kentucky to enter the Union as the fifteenth state on June 1. Replicas of the log courthouse, jail, and meetinghouse still mark the ground.","description":"After the Kentucky District court moved from Harrodsburg to Crow’s Station, Danville’s public square (laid out 1785) hosted ten conventions from 1784 to 1792. Delegates there framed the first state constitution in April 1792, clearing the way for Kentucky to enter the Union as the fifteenth state on June 1. Replicas of the log courthouse, jail, and meetinghouse still mark the ground.","category":"town","source_date":"2026-08-30","year_start":1784,"year_end":1792,"yearStart":1784,"yearEnd":1792,"era":"frontier","layer":"history"}},{"type":"Feature","geometry":{"type":"Point","coordinates":[-84.4652044,38.1588727]},"properties":{"id":"mount-horeb-adena-park","name":"Mount Horeb Adena / Adena Park","title":"Mount Horeb Adena / Adena Park","subtitle":"Fayette County / UK Adena Park","county":"Fayette","history":"Above Elkhorn Creek near Lexington, Adena people built a circular ditch-and-embankment enclosure during the Adena period. WPA digs under William S. Webb in 1939 found a ring of large paired posts that likely screened ceremonies before the earthen walls went up. The University of Kentucky now protects a partially reconstructed site as Adena Park.","description":"Above Elkhorn Creek near Lexington, Adena people built a circular ditch-and-embankment enclosure during the Adena period. WPA digs under William S. Webb in 1939 found a ring of large paired posts that likely screened ceremonies before the earthen walls went up. The University of Kentucky now protects a partially reconstructed site as Adena Park.","category":"archaeology","source_date":"2026-08-30","year_start":-500,"year_end":250,"yearStart":-500,"yearEnd":250,"era":"prehistoric","layer":"history"}},{"type":"Feature","geometry":{"type":"Point","coordinates":[-83.83,38.59]},"properties":{"id":"fox-farm-fort-ancient","name":"Fox Farm Fort Ancient","title":"Fox Farm Fort Ancient","subtitle":"Mason County / 15Ms1","county":"Mason","history":"On a broad ridgetop near Mays Lick, Fort Ancient farmers lived at Fox Farm (15Ms1) from about 1300 into the mid-1600s—one of the longest-lived villages of its kind in the Ohio Valley. Houses first ringed a plaza, then clustered around a large public building as population grew. Residents planted corn, beans, and squash, managed turkey harvests, and once curated eleven deer jaws as a ritual offering inside a house wall.","description":"On a broad ridgetop near Mays Lick, Fort Ancient farmers lived at Fox Farm (15Ms1) from about 1300 into the mid-1600s—one of the longest-lived villages of its kind in the Ohio Valley. Houses first ringed a plaza, then clustered around a large public building as population grew. Residents planted corn, beans, and squash, managed turkey harvests, and once curated eleven deer jaws as a ritual offering inside a house wall.","category":"archaeology","source_date":"2026-08-31","year_start":1200,"year_end":1700,"yearStart":1200,"yearEnd":1700,"era":"native","layer":"history"}},{"type":"Feature","geometry":{"type":"Point","coordinates":[-84.2328837,37.5675476]},"properties":{"id":"indian-fort-mountain","name":"Indian Fort Mountain","title":"Indian Fort Mountain","subtitle":"Madison County / Berea Pinnacles","county":"Madison","history":"On a knobby ridge south of Berea, dry-laid stone walls ring Indian Fort Mountain (15Ma25) in the Berea College Forest. Hopewell-era Middle Woodland people built them about 2,000 years ago as a hilltop enclosure, more a ceremonial marker than a stockade. Tests in 1980 treated the tumbled rock as linear mounds rather than a fighting wall. The site went on the National Register in 1983; hikers still climb the Pinnacles over the same ground.","description":"On a knobby ridge south of Berea, dry-laid stone walls ring Indian Fort Mountain (15Ma25) in the Berea College Forest. Hopewell-era Middle Woodland people built them about 2,000 years ago as a hilltop enclosure, more a ceremonial marker than a stockade. Tests in 1980 treated the tumbled rock as linear mounds rather than a fighting wall. The site went on the National Register in 1983; hikers still climb the Pinnacles over the same ground.","category":"archaeology","source_date":"2026-09-01","year_start":-39,"year_end":236,"yearStart":-39,"yearEnd":236,"era":"prehistoric","layer":"history"}},{"type":"Feature","geometry":{"type":"Point","coordinates":[-82.63752,38.4730716]},"properties":{"id":"ashland-adena-mounds","name":"Ashland Central Park Adena Mounds","title":"Ashland Central Park Adena Mounds","subtitle":"Boyd County / Central Park","county":"Boyd","history":"Six conical Adena burial mounds survive in Ashland’s Central Park, roughly 15–20 feet across and 4–6 feet high in a slight curve. A 1930s survey said no Kentucky city held more prehistoric evidence than Ashland, though many other local mounds were leveled for streets. The mounds mark Woodland mound-builder presence along the Ohio centuries before historic tribes.","description":"Six conical Adena burial mounds survive in Ashland’s Central Park, roughly 15–20 feet across and 4–6 feet high in a slight curve. A 1930s survey said no Kentucky city held more prehistoric evidence than Ashland, though many other local mounds were leveled for streets. The mounds mark Woodland mound-builder presence along the Ohio centuries before historic tribes.","category":"archaeology","source_date":"2026-09-02","year_start":-500,"year_end":250,"yearStart":-500,"yearEnd":250,"era":"prehistoric","layer":"history"}},{"type":"Feature","geometry":{"type":"Point","coordinates":[-83.9431961,38.0561079]},"properties":{"id":"mount-sterling-founding","name":"Mount Sterling Founding","title":"Mount Sterling Founding","subtitle":"Montgomery County seat / Little Mountain","county":"Montgomery County seat","history":"Explorers out of Boonesborough called a tree-covered Adena burial mound “the Little Mountain.” Scotsman Hugh Forbes began selling lots beside it around 1790; in 1792 the Kentucky Assembly chartered the town on 640 acres. Forbes meant Mount Stirling (for Stirling, Scotland, plus the mound); the misspelled “Sterling” stuck. The mound—once about 25 feet high at Queen and Locust—was leveled in 1845, and Mount Sterling became Montgomery County’s seat.","description":"Explorers out of Boonesborough called a tree-covered Adena burial mound “the Little Mountain.” Scotsman Hugh Forbes began selling lots beside it around 1790; in 1792 the Kentucky Assembly chartered the town on 640 acres. Forbes meant Mount Stirling (for Stirling, Scotland, plus the mound); the misspelled “Sterling” stuck. The mound—once about 25 feet high at Queen and Locust—was leveled in 1845, and Mount Sterling became Montgomery County’s seat.","category":"town","source_date":"2026-09-03","year_start":1792,"year_end":1792,"yearStart":1792,"yearEnd":1792,"era":"early-commonwealth","layer":"history"}},{"type":"Feature","geometry":{"type":"Point","coordinates":[-86.68,37.21]},"properties":{"id":"carlston-annis-shell-mound","name":"Carlston Annis Shell Mound","title":"Carlston Annis Shell Mound","subtitle":"Butler County / 15Bt5","county":"Butler","history":"On the Green River floodplain in Butler County, Carlston Annis (15Bt5) is a Late Archaic shell midden about 300 by 350 feet and more than six feet thick, piled up beside a mussel shoal between roughly 3000 and 1000 BC. WPA crews under William S. Webb dug nearly half an acre in 1940–41; later work by the Shell Mound Archaeological Project refined the picture of repeated seasonal camps with burials, dog burials, hearths, and pestle caches.","description":"On the Green River floodplain in Butler County, Carlston Annis (15Bt5) is a Late Archaic shell midden about 300 by 350 feet and more than six feet thick, piled up beside a mussel shoal between roughly 3000 and 1000 BC. WPA crews under William S. Webb dug nearly half an acre in 1940–41; later work by the Shell Mound Archaeological Project refined the picture of repeated seasonal camps with burials, dog burials, hearths, and pestle caches.","category":"archaeology","source_date":"2026-09-03","year_start":-3000,"year_end":-1000,"yearStart":-3000,"yearEnd":-1000,"era":"prehistoric","layer":"history"}},{"type":"Feature","geometry":{"type":"Point","coordinates":[-84.1776735,37.9929112]},"properties":{"id":"winchester-founding","name":"Winchester Founding","title":"Winchester Founding","subtitle":"Clark County seat","history":"Clark County was carved from Fayette and Bourbon on December 6, 1792, and named for George Rogers Clark. Justices first met at John Strode’s station, then voted to put the public buildings on John Baker’s land by his spring. On December 17, 1793, the Assembly established a town there named Winchester, after Baker’s hometown in Frederick County, Virginia. A two-room log courthouse went up in 1794; Winchester remains Clark’s seat.","description":"Clark County was carved from Fayette and Bourbon on December 6, 1792, and named for George Rogers Clark. Justices first met at John Strode’s station, then voted to put the public buildings on John Baker’s land by his spring. On December 17, 1793, the Assembly established a town there named Winchester, after Baker’s hometown in Frederick County, Virginia. A two-room log courthouse went up in 1794; Winchester remains Clark’s seat.","category":"town","source_date":"2026-09-04","year_start":1792,"year_end":1794,"yearStart":1792,"yearEnd":1794,"era":"early-commonwealth","layer":"history"}},{"type":"Feature","geometry":{"type":"Point","coordinates":[-82.93,38.56]},"properties":{"id":"hardin-village-fort-ancient","name":"Hardin Village Fort Ancient","title":"Hardin Village Fort Ancient","subtitle":"Greenup County / 15Gp22","county":"Greenup","history":"On the Ohio floodplain in Greenup County near South Shore, Hardin Village was a late Fort Ancient town occupied from the late 1500s to the mid-1600s and covering more than ten acres. University of Kentucky digs in 1939 and again in the 2010s mapped large bark-walled houses, storage pits, and family cemeteries. Triangular endscrapers point to intensive hide work for long-distance exchange—marine shell and brass among the imports—just as the protohistoric Ohio Valley was tipping toward abandonment.","description":"On the Ohio floodplain in Greenup County near South Shore, Hardin Village was a late Fort Ancient town occupied from the late 1500s to the mid-1600s and covering more than ten acres. University of Kentucky digs in 1939 and again in the 2010s mapped large bark-walled houses, storage pits, and family cemeteries. Triangular endscrapers point to intensive hide work for long-distance exchange—marine shell and brass among the imports—just as the protohistoric Ohio Valley was tipping toward abandonment.","category":"archaeology","source_date":"2026-09-04","year_start":1550,"year_end":1650,"yearStart":1550,"yearEnd":1650,"era":"native","layer":"history"}},{"type":"Feature","geometry":{"type":"Point","coordinates":[-84.2943662,37.747975]},"properties":{"id":"richmond-founding","name":"Richmond Founding","title":"Richmond Founding","subtitle":"Madison County / Miller's barn courthouse","county":"Madison","history":"Madison County's first seat sat at hillside Milford with thin water. In 1798 the legislature let the court move onto Revolutionary War veteran Col. John Miller's land along Otter Creek; the county paid angry Milford residents before carting records to Miller's barn. On July 4, 1798, trustees named the new seat Richmond for Miller's Virginia birthplace, surveyed fifty acres into lots, and built a brick courthouse on the barn site in 1799. Richmond incorporated in 1809.","description":"Madison County's first seat sat at hillside Milford with thin water. In 1798 the legislature let the court move onto Revolutionary War veteran Col. John Miller's land along Otter Creek; the county paid angry Milford residents before carting records to Miller's barn. On July 4, 1798, trustees named the new seat Richmond for Miller's Virginia birthplace, surveyed fifty acres into lots, and built a brick courthouse on the barn site in 1799. Richmond incorporated in 1809.","category":"town","source_date":"2026-09-05","year_start":1798,"year_end":1809,"yearStart":1798,"yearEnd":1809,"era":"early-commonwealth","layer":"history"}},{"type":"Feature","geometry":{"type":"Point","coordinates":[-85.60747586447548,38.24890948935559]},"properties":{"id":"william-christian-fort-william","name":"William Christian / Fort William","title":"William Christian / Fort William","subtitle":"Fort William (A'Sturgus Station) Beargrass","history":"William Christian / Fort William (A'Sturgus Station) Beargrass / Christian County namesake / killed Apr 9 1786 near Jeffersonville.","description":"William Christian / Fort William (A'Sturgus Station) Beargrass / Christian County namesake / killed Apr 9 1786 near Jeffersonville.","category":"town","marker_number":984,"marker_title":"Sturgus Station","source_date":"2026-09-06","year_start":1786,"year_end":1786,"yearStart":1786,"yearEnd":1786,"era":"frontier","layer":"history"}},{"type":"Feature","geometry":{"type":"Point","coordinates":[-84.7139251,38.052276]},"properties":{"id":"versailles-founding","name":"Versailles founding / Hezekiah Briscoe","title":"Versailles founding / Hezekiah Briscoe","subtitle":"Hezekiah Briscoe","history":"Versailles founding / Hezekiah Briscoe / Marquis Calmes / June 23 1792 / named for Versailles France & Lafayette.","description":"Versailles founding / Hezekiah Briscoe / Marquis Calmes / June 23 1792 / named for Versailles France & Lafayette.","category":"town","source_date":"2026-09-06","year_start":1792,"year_end":1792,"yearStart":1792,"yearEnd":1792,"era":"early-commonwealth","layer":"history"}},{"type":"Feature","geometry":{"type":"Point","coordinates":[-84.71,39.09]},"properties":{"id":"robbins-mounds","name":"Robbins Mounds (Boone County Adena)","title":"Robbins Mounds (Boone County Adena)","subtitle":"Boone County · Adena burial mounds","history":"Robbins Mounds (15Be3) is an Adena burial complex in Boone County excavated by WPA–UK crews in 1939, revealing circular screens and log tombs typical of Middle Woodland Adena ceremonial architecture along the Ohio.","description":"Robbins Mounds (15Be3) is an Adena burial complex in Boone County excavated by WPA–UK crews in 1939, revealing circular screens and log tombs typical of Middle Woodland Adena ceremonial architecture along the Ohio.","category":"archaeology","source_date":"2026-09-06","year_start":-150,"year_end":1,"yearStart":-150,"yearEnd":1,"era":"prehistoric","layer":"history"}},{"type":"Feature","geometry":{"type":"Point","coordinates":[-85.4480029,37.6730101]},"properties":{"id":"basil-hayden-holy-cross","name":"Basil Hayden Sr. / Holy Cross (Pottinger's Creek)","title":"Basil Hayden Sr. / Holy Cross (Pottinger's Creek)","subtitle":"Nelson County / Pottinger's Creek","county":"Nelson","history":"Basil Hayden Sr. led Maryland Catholic settlers to Pottinger's Creek in 1785; high-rye whiskey tradition and Holy Cross Church land mark early Nelson County bourbon and Catholic frontier settlement.","description":"Basil Hayden Sr. led Maryland Catholic settlers to Pottinger's Creek in 1785; high-rye whiskey tradition and Holy Cross Church land mark early Nelson County bourbon and Catholic frontier settlement.","category":"bourbon","source_date":"2026-09-06","year_start":1785,"year_end":1785,"yearStart":1785,"yearEnd":1785,"era":"frontier","layer":"history"}},{"type":"Feature","geometry":{"type":"Point","coordinates":[-84.2147,38.0089]},"properties":{"id":"capt-john-strode-strode-s-station-1779-clark-county","name":"Capt. John Strode / Strode's Station 1779 Clark County","title":"Capt. John Strode / Strode's Station 1779 Clark County","subtitle":"Strode's Station 1779 Clark County","history":"Capt. John Strode / Strode's Station 1779 Clark County / attacks 1781 & later / KY marker 1047.","description":"Capt. John Strode / Strode's Station 1779 Clark County / attacks 1781 & later / KY marker 1047.","category":"town","marker_number":1047,"marker_title":"Capt. John Strode","source_date":"2026-09-07","year_start":1779,"year_end":1781,"yearStart":1779,"yearEnd":1781,"era":"frontier","layer":"history"}},{"type":"Feature","geometry":{"type":"Point","coordinates":[-84.57311666666666,37.88055]},"properties":{"id":"nicholasville-founding-rev-john-metcalf-1798","name":"Nicholasville founding / Rev. John Metcalf 1798","title":"Nicholasville founding / Rev. John Metcalf 1798","subtitle":"Rev. John Metcalf 1798","history":"Nicholasville founding / Rev. John Metcalf 1798 / named for George Nicholas / Jessamine County seat.","description":"Nicholasville founding / Rev. John Metcalf 1798 / named for George Nicholas / Jessamine County seat.","category":"town","marker_number":947,"marker_title":"Jessamine County","source_date":"2026-09-07","year_start":1798,"year_end":1798,"yearStart":1798,"yearEnd":1798,"era":"early-commonwealth","layer":"history"}},{"type":"Feature","geometry":{"type":"Point","coordinates":[-83.94,38.06]},"properties":{"id":"wright-mounds-15mm6-8-montgomery-county-adena","name":"Wright Mounds (Montgomery County Adena)","title":"Wright Mounds (Montgomery County Adena)","subtitle":"Montgomery County · Adena mounds","history":"Three conical Adena mounds (15Mm6–8) once crowned a Bluegrass ridgetop in Montgomery County. University of Kentucky crews excavated two in 1937 and found paired-post screens and log tombs typical of Adena mortuary practice. The mounds date to the Late Adena period (roughly A.D. 1–250), not the excavation year.","description":"Three conical Adena mounds (15Mm6–8) once crowned a Bluegrass ridgetop in Montgomery County. University of Kentucky crews excavated two in 1937 and found paired-post screens and log tombs typical of Adena mortuary practice. The mounds date to the Late Adena period (roughly A.D. 1–250), not the excavation year.","category":"archaeology","source_date":"2026-09-07","year_start":1,"year_end":250,"yearStart":1,"yearEnd":250,"era":"prehistoric","layer":"history"}},{"type":"Feature","geometry":{"type":"Point","coordinates":[-86.0626,37.1161]},"properties":{"id":"diamond-caverns-park-city-ste-genevieve-limestone","name":"Diamond Caverns Park City / Ste. Genevieve limestone","title":"Diamond Caverns Park City / Ste. Genevieve limestone","subtitle":"Ste. Genevieve limestone","history":"Diamond Caverns Park City / Ste. Genevieve limestone / discovered July 14 1859 / no Big Clifty caprock.","description":"Diamond Caverns Park City / Ste. Genevieve limestone / discovered July 14 1859 / no Big Clifty caprock.","category":"archaeology","marker_number":2259,"marker_title":"Diamond Caverns","source_date":"2026-09-07","year_start":1859,"year_end":1859,"yearStart":1859,"yearEnd":1859,"era":"early-commonwealth","layer":"history"}},{"type":"Feature","geometry":{"type":"Point","coordinates":[-83.93778,39.73028]},"properties":{"id":"col-john-bowman-battle-of-chillicothe","name":"Col. John Bowman / Battle of Chillicothe","title":"Col. John Bowman / Battle of Chillicothe","subtitle":"Old Chillicothe (Oldtown, Greene County, Ohio) · May 1779","history":"In late May 1779 Col. John Bowman led Kentucky militia across the Ohio River against the Shawnee town of Old Chillicothe on the Little Miami River, at today’s Oldtown near Xenia, Greene County, Ohio. Chief Blackfish defended the town and was shot in the leg; he later died of the wound. The site lies north of the Ohio, outside Kentucky.","description":"In late May 1779 Col. John Bowman led Kentucky militia across the Ohio River against the Shawnee town of Old Chillicothe on the Little Miami River, at today’s Oldtown near Xenia, Greene County, Ohio. Chief Blackfish defended the town and was shot in the leg; he later died of the wound. The site lies north of the Ohio, outside Kentucky.","category":"battle","source_date":"2026-09-08","year_start":1779,"year_end":1779,"yearStart":1779,"yearEnd":1779,"era":"frontier","layer":"history"}},{"type":"Feature","geometry":{"type":"Point","coordinates":[-85.9118928,37.6828019]},"properties":{"id":"elizabethtown-founding-severns-valley","name":"Elizabethtown founding / Severns Valley","title":"Elizabethtown founding / Severns Valley","subtitle":"Severns Valley","history":"Elizabethtown founding / Severns Valley / Helm–Hynes–Haycraft forts 1780 / named for Elizabeth Hynes 1797.","description":"Elizabethtown founding / Severns Valley / Helm–Hynes–Haycraft forts 1780 / named for Elizabeth Hynes 1797.","category":"town","source_date":"2026-09-08","year_start":1780,"year_end":1797,"yearStart":1780,"yearEnd":1797,"era":"frontier","layer":"history"}},{"type":"Feature","geometry":{"type":"Point","coordinates":[-84.28,37.73]},"properties":{"id":"howard-site-15ma427-late-fort-ancient-madison-county","name":"Howard Site (15Ma427) Late Fort Ancient","title":"Howard Site (15Ma427) Late Fort Ancient","subtitle":"Madison County · Late Fort Ancient","history":"Howard Site (15Ma427) Late Fort Ancient Madison County / Harts Fork / mica & European beads.","description":"Howard Site (15Ma427) Late Fort Ancient Madison County / Harts Fork / mica & European beads.","category":"archaeology","source_date":"2026-09-09","year_start":1400,"year_end":1750,"yearStart":1400,"yearEnd":1750,"era":"native","layer":"history"}},{"type":"Feature","geometry":{"type":"Point","coordinates":[-88.3107024,36.6615391]},"properties":{"id":"cynthiana-founding-robert-harrison","name":"Cynthiana founding / Robert Harrison","title":"Cynthiana founding / Robert Harrison","subtitle":"Robert Harrison","history":"Cynthiana founding / Robert Harrison / Cynthia & Anna / South Fork Licking 1793.","description":"Cynthiana founding / Robert Harrison / Cynthia & Anna / South Fork Licking 1793.","category":"archaeology","source_date":"2026-09-09","year_start":1793,"year_end":1793,"yearStart":1793,"yearEnd":1793,"era":"early-commonwealth","layer":"history"}},{"type":"Feature","geometry":{"type":"Point","coordinates":[-85.4724533,37.8303086]},"properties":{"id":"michael-stoner-holsteiner","name":"Michael Stoner / Holsteiner","title":"Michael Stoner / Holsteiner","subtitle":"Holsteiner","history":"Michael Stoner / Holsteiner / Dunmore’s War surveyor warning ride 1774 / Clark & Wayne Counties.","description":"Michael Stoner / Holsteiner / Dunmore’s War surveyor warning ride 1774 / Clark & Wayne Counties.","category":"person","source_date":"2026-09-10","year_start":1774,"year_end":1774,"yearStart":1774,"yearEnd":1774,"era":"frontier","layer":"history"}},{"type":"Feature","geometry":{"type":"Point","coordinates":[-84.74,38.96]},"properties":{"id":"cleek-mccabe-fort-ancient-village-boone-county","name":"Cleek-McCabe Fort Ancient Village","title":"Cleek-McCabe Fort Ancient Village","subtitle":"Boone County · circular village · occupation ~1200–1300 CE","history":"On the Mud Lick Creek floodplain near Walton, Cleek-McCabe is a thirteenth-century Fort Ancient village: a ~100-foot-wide midden ring around a ~200-foot plaza, with low burial mounds east and west. UK crews in the late 1930s sampled the ring and dug the western mound; the eastern mound still stands. Under that western mound they found three successive roofless public buildings—first a 43-foot circle, then rectangles up to about 56 by 95 feet—sharing a central pole pit that links Fort Ancient ritual architecture to earlier Adena and Hopewell submound screens. Cordmarked jars with guilloche necks and triangular strap handles tie the pottery to Boone County and neighboring Ohio–Indiana Fort Ancient communities.","description":"On the Mud Lick Creek floodplain near Walton, Cleek-McCabe is a thirteenth-century Fort Ancient village: a ~100-foot-wide midden ring around a ~200-foot plaza, with low burial mounds east and west. UK crews in the late 1930s sampled the ring and dug the western mound; the eastern mound still stands. Under that western mound they found three successive roofless public buildings—first a 43-foot circle, then rectangles up to about 56 by 95 feet—sharing a central pole pit that links Fort Ancient ritual architecture to earlier Adena and Hopewell submound screens. Cordmarked jars with guilloche necks and triangular strap handles tie the pottery to Boone County and neighboring Ohio–Indiana Fort Ancient communities.","website":"https://archaeology.ky.gov/Find-a-Site/Pages/Cleek-McCabe.aspx","category":"archaeology","marker_number":2583,"marker_title":"Fort Ancient Village","source_date":"2026-09-25","year_start":1200,"year_end":1300,"photo":{"image_url":"/content/photos/stories/cleek-mccabe-a-circular-fort-ancient-village-in-boone-county.jpg","title":"Boone County Courthouse, Burlington","source_url":"https://commons.wikimedia.org/wiki/File:Boone_County_Courthouse%2C_Burlington%2C_KY.jpg","source_label":"Wikimedia Commons","attribution":"w_lemay · Wikimedia Commons · CC0","year":null},"yearStart":1200,"yearEnd":1300,"era":"native","layer":"history"}},{"type":"Feature","geometry":{"type":"Point","coordinates":[-85.3364,37.76176666666667]},"properties":{"id":"jacob-beam-hardins-creek-washington-county","name":"Jacob Beam / Hardin's Creek","title":"Jacob Beam / Hardin's Creek","subtitle":"First barrel sale 1795 · Washington County (then)","history":"In 1795 Jacob Beam (born Johannes Jacob Boehm) sold his first barrel of \"Old Jake Beam\" sour-mash whiskey from a corn farm and mill on Hardin's Creek in what was then Washington County, Kentucky. The family later grew the Old Tub brand; after Prohibition Jim Beam reopened the line, and seven generations still distill from that pioneer start.","description":"In 1795 Jacob Beam (born Johannes Jacob Boehm) sold his first barrel of \"Old Jake Beam\" sour-mash whiskey from a corn farm and mill on Hardin's Creek in what was then Washington County, Kentucky. The family later grew the Old Tub brand; after Prohibition Jim Beam reopened the line, and seven generations still distill from that pioneer start.","website":"https://www.jimbeam.com/en-us/our-story/beam-history","category":"bourbon","marker_number":853,"marker_title":"Washington County","source_date":"2026-09-24","year_start":1795,"year_end":1795,"photo":{"image_url":"/content/photos/stories/jacob-beam-sells-old-jakes-first-barrel.jpg","title":"Jim Beam White Label","source_url":"https://commons.wikimedia.org/wiki/File:Jim_Beam_White_Label.jpg","source_label":"Wikimedia Commons","attribution":"Wikimedia Commons","local_image_path":"/content/photos/stories/jacob-beam-sells-old-jakes-first-barrel.jpg"},"yearStart":1795,"yearEnd":1795,"era":"early-commonwealth","layer":"history"}},{"type":"Feature","geometry":{"type":"Point","coordinates":[-84.5779957,37.6195246]},"properties":{"id":"lancaster-founding-wallace-s-crossroads","name":"Lancaster founding / Wallace’s Crossroads","title":"Lancaster founding / Wallace’s Crossroads","subtitle":"Garrard County seat · founded 1797 at Wallace’s Crossroads","history":"Lancaster, the Garrard County seat, grew up around Revolutionary War Maj. Andrew Wallace’s settlement at Wallace’s Crossroads. Garrard County was formed in 1796 as Kentucky’s 25th county and named for Gov. James Garrard. In 1797 Capt. William Buford donated land for a town around the crossroads, and Joseph Bledsoe Jr. completed the survey and plat over the next year; the name came from Lancaster, Pennsylvania, either because a settler came from there or because the town followed a similar plan. Buford’s son Thomas was among the first town trustees in 1797. The post office opened in 1801 as “Lancaster Court House” (the name it kept until 1811), and the state assembly formally incorporated the city in 1837.","description":"Lancaster, the Garrard County seat, grew up around Revolutionary War Maj. Andrew Wallace’s settlement at Wallace’s Crossroads. Garrard County was formed in 1796 as Kentucky’s 25th county and named for Gov. James Garrard. In 1797 Capt. William Buford donated land for a town around the crossroads, and Joseph Bledsoe Jr. completed the survey and plat over the next year; the name came from Lancaster, Pennsylvania, either because a settler came from there or because the town followed a similar plan. Buford’s son Thomas was among the first town trustees in 1797. The post office opened in 1801 as “Lancaster Court House” (the name it kept until 1811), and the state assembly formally incorporated the city in 1837.","website":"https://en.wikipedia.org/wiki/Lancaster,_Kentucky","category":"town","source_date":"2026-09-11","year_start":1797,"year_end":1797,"yearStart":1797,"yearEnd":1797,"era":"early-commonwealth","layer":"history"}},{"type":"Feature","geometry":{"type":"Point","coordinates":[-84.5,38.05]},"properties":{"id":"peter-village-enclosure-15fa166-fayette-county","name":"Peter Village enclosure (15Fa166)","title":"Peter Village enclosure (15Fa166)","subtitle":"Fayette County · Early Woodland ditch-and-embankment · ~5th c. BCE","history":"North of Lexington in Fayette County, Peter Village (15Fa166) is a huge Early Woodland ditch-and-embankment enclosure—about 9.2 hectares, irregular rather than a neat geometric circle. Long mislabeled an Adena “village,” it is better read as a specialized gathering and craft place; archaeologist Berle Clay tied it to barite and galena working, and newer geoarchaeology (Henry and others) points to dual embankments and construction as early as the 5th century BCE—among the earliest monumental enclosures in the Middle Ohio Valley. It sits near the better-known Mount Horeb circle, marking Bluegrass ritual landscapes centuries before forts and stations.","description":"North of Lexington in Fayette County, Peter Village (15Fa166) is a huge Early Woodland ditch-and-embankment enclosure—about 9.2 hectares, irregular rather than a neat geometric circle. Long mislabeled an Adena “village,” it is better read as a specialized gathering and craft place; archaeologist Berle Clay tied it to barite and galena working, and newer geoarchaeology (Henry and others) points to dual embankments and construction as early as the 5th century BCE—among the earliest monumental enclosures in the Middle Ohio Valley. It sits near the better-known Mount Horeb circle, marking Bluegrass ritual landscapes centuries before forts and stations.","website":"https://en.wikipedia.org/wiki/Mount_Horeb_Earthworks_Complex","category":"archaeology","marker_number":1440,"marker_title":"Fayette County","source_date":"2026-09-11","year_start":-500,"year_end":0,"yearStart":-500,"yearEnd":0,"era":"prehistoric","layer":"history"}},{"type":"Feature","geometry":{"type":"Point","coordinates":[-86.96,40.40083]},"properties":{"id":"wea-waayaahtanwa-ouiatenon","name":"Wea (Waayaahtanwa) / Ouiatenon","title":"Wea (Waayaahtanwa) / Ouiatenon","subtitle":"Ouiatenon · Wabash River · Indiana (Wea towns)","history":"Wea (Waayaahtanwa) / Ouiatenon / Greenville & Wabash cessions / opposite western KY.","description":"Wea (Waayaahtanwa) / Ouiatenon / Greenville & Wabash cessions / opposite western KY.","category":"person","source_date":"2026-09-13","year_start":1795,"year_end":1818,"yearStart":1795,"yearEnd":1818,"era":"early-commonwealth","layer":"history"}},{"type":"Feature","geometry":{"type":"Point","coordinates":[-87.27,37.53]},"properties":{"id":"ward-site-15mcl11-mclean-county-late-archaic","name":"Ward Site (15McL11) Late Archaic","title":"Ward Site (15McL11) Late Archaic","subtitle":"McLean County · Late Archaic shell midden","history":"On the Godfrey Ward farm along the Green River, the Ward Site (15McL11) is a Late Archaic shell-midden cemetery in the same Green River series as Indian Knoll and Carlston Annis. WPA crews dug about 16,000 square feet in 1938 and catalogued hundreds of burials; the occupation itself belongs to the Late Archaic (roughly 3000–1000 B.C.).","description":"On the Godfrey Ward farm along the Green River, the Ward Site (15McL11) is a Late Archaic shell-midden cemetery in the same Green River series as Indian Knoll and Carlston Annis. WPA crews dug about 16,000 square feet in 1938 and catalogued hundreds of burials; the occupation itself belongs to the Late Archaic (roughly 3000–1000 B.C.).","category":"archaeology","source_date":"2026-09-13","year_start":-3000,"year_end":-1000,"yearStart":-3000,"yearEnd":-1000,"era":"prehistoric","layer":"history"}},{"type":"Feature","geometry":{"type":"Point","coordinates":[-83.112554,38.3561484]},"properties":{"id":"carter-caves-cascade-cave-and-falls","name":"Carter Caves / Cascade Cave & Falls","title":"Carter Caves / Cascade Cave & Falls","subtitle":"Cascade Cave & Falls","history":"Carter Caves / Cascade Cave & Falls / Smokey Bridge / park donation 1946.","description":"Carter Caves / Cascade Cave & Falls / Smokey Bridge / park donation 1946.","category":"archaeology","source_date":"2026-09-13","year_start":1946,"year_end":1946,"yearStart":1946,"yearEnd":1946,"era":"other","layer":"history"}},{"type":"Feature","geometry":{"type":"Point","coordinates":[-84.314117,37.72168]},"properties":{"id":"richmond-founding-2","name":"Hancock Taylor / Taylor's Fork burial","title":"Hancock Taylor / Taylor's Fork burial","subtitle":"Fincastle surveyor · Madison County","history":"Hancock Taylor / Fincastle deputy surveyor / shot July 1774 / Taylor’s Fork burial near Richmond.","description":"Hancock Taylor / Fincastle deputy surveyor / shot July 1774 / Taylor’s Fork burial near Richmond.","category":"person","marker_number":1685,"marker_title":"Grave of Hancock Taylor","source_date":"2026-09-14","year_start":1773,"year_end":1774,"yearStart":1773,"yearEnd":1774,"era":"frontier","layer":"history"}},{"type":"Feature","geometry":{"type":"Point","coordinates":[-84.8769101,38.1741739]},"properties":{"id":"lawrenceburg-founding-kaufman-s-coffman-s-station","name":"Lawrenceburg founding / Kaufman’s–Coffman’s Station","title":"Lawrenceburg founding / Kaufman’s–Coffman’s Station","subtitle":"Kaufman’s–Coffman’s Station","history":"Lawrenceburg founding / Kaufman’s–Coffman’s Station ~1780 / William Lawrence / Anderson seat 1827.","description":"Lawrenceburg founding / Kaufman’s–Coffman’s Station ~1780 / William Lawrence / Anderson seat 1827.","category":"town","source_date":"2026-09-14","year_start":1780,"year_end":1827,"yearStart":1780,"yearEnd":1827,"era":"frontier","layer":"history"}},{"type":"Feature","geometry":{"type":"Point","coordinates":[-84.71933333333334,37.81891666666667]},"properties":{"id":"kentucky-river-palisades-high-bridge-group-ordovician","name":"Kentucky River Palisades","title":"Kentucky River Palisades","subtitle":"High Bridge Group · Ordovician","history":"Kentucky River Palisades / High Bridge Group Ordovician / entrenched meanders & KY River Fault.","description":"Kentucky River Palisades / High Bridge Group Ordovician / entrenched meanders & KY River Fault.","category":"geology","marker_number":1381,"marker_title":"High Bridge","source_date":"2026-09-14","era":"other","layer":"history"}},{"type":"Feature","geometry":{"type":"Point","coordinates":[-86.68,37.21]},"properties":{"id":"read-shell-midden-15bt10","name":"Read Shell Midden (15Bt10)","title":"Read Shell Midden (15Bt10)","subtitle":"Butler County · Late Archaic shell midden","history":"On the Green River west of Morgantown, the Read Shell Midden (15Bt10) is a Late Archaic camp-and-cemetery in the same mussel-shoal world as Indian Knoll, Carlston Annis, and Ward. WPA crews dug it 1937–1939 under William S. Webb; more than 240 burials were identified. Occupation years are Late Archaic (~3000–1000 BC), not the dig dates. Approximate published coords (NRHP address restricted).","description":"On the Green River west of Morgantown, the Read Shell Midden (15Bt10) is a Late Archaic camp-and-cemetery in the same mussel-shoal world as Indian Knoll, Carlston Annis, and Ward. WPA crews dug it 1937–1939 under William S. Webb; more than 240 burials were identified. Occupation years are Late Archaic (~3000–1000 BC), not the dig dates. Approximate published coords (NRHP address restricted).","website":"https://npgallery.nps.gov/AssetDetail/NRIS/86000647","category":"archaeology","source_date":"2026-09-14","year_start":-3000,"year_end":-1000,"yearStart":-3000,"yearEnd":-1000,"era":"prehistoric","layer":"history"}},{"type":"Feature","geometry":{"type":"Point","coordinates":[-84.66123333333333,37.529666666666664]},"properties":{"id":"stanford-founding-st-asaph","name":"Stanford / St. Asaph (Logan’s Fort)","title":"Stanford / St. Asaph (Logan’s Fort)","subtitle":"Lincoln County · Standing Fort · county seat 1786","history":"In spring 1775 Benjamin Logan and John Floyd’s survey party camped at Buffalo Spring and planted St. Asaph; Logan’s Fort rose there by early 1777 and never fell—nicknamed Standing Fort after the May 1777 siege. On May 16, 1786, the court seated permanently on Logan’s fifty-acre gift a mile east as Stanford, still Lincoln County’s seat.","description":"In spring 1775 Benjamin Logan and John Floyd’s survey party camped at Buffalo Spring and planted St. Asaph; Logan’s Fort rose there by early 1777 and never fell—nicknamed Standing Fort after the May 1777 siege. On May 16, 1786, the court seated permanently on Logan’s fifty-acre gift a mile east as Stanford, still Lincoln County’s seat.","category":"town","marker_number":860,"marker_title":"Lincoln County","source_date":"2026-09-15","year_start":1775,"year_end":1786,"yearStart":1775,"yearEnd":1786,"era":"frontier","layer":"history"}},{"type":"Feature","geometry":{"type":"Point","coordinates":[-83.59,37.94]},"properties":{"id":"newt-kash-hollow-rockshelter-15mf1-menifee-county","name":"Newt Kash Hollow (15Mf1)","title":"Newt Kash Hollow (15Mf1)","subtitle":"Menifee County · Early Woodland rockshelter","history":"In Menifee County’s Red River country, Newt Kash rockshelter preserved Early Woodland plant beds—squash, sunflower, goosefoot, and sumpweed among the earliest clear domesticates from a Kentucky shelter, occupied intensively around 3,000 years ago. Later readings also treat the fiber, cradleboard, and medicinal plants as a possible women’s retreat and medicine place.","description":"In Menifee County’s Red River country, Newt Kash rockshelter preserved Early Woodland plant beds—squash, sunflower, goosefoot, and sumpweed among the earliest clear domesticates from a Kentucky shelter, occupied intensively around 3,000 years ago. Later readings also treat the fiber, cradleboard, and medicinal plants as a possible women’s retreat and medicine place.","category":"archaeology","marker_number":787,"marker_title":"Menifee County","source_date":"2026-09-15","year_start":-1000,"year_end":200,"yearStart":-1000,"yearEnd":200,"era":"prehistoric","layer":"history"}},{"type":"Feature","geometry":{"type":"Point","coordinates":[-84.5037,38.0406]},"properties":{"id":"col-john-todd-lexington-blue-licks","name":"Col. John Todd of Lexington","title":"Col. John Todd of Lexington","subtitle":"Fayette militia colonel · Blue Licks 1782 · Todd County","history":"Pennsylvania-born lawyer John Todd (1750–1782) reached Kentucky around 1775, sat in Virginia’s legislature for Kentucky County, rode with George Rogers Clark to Kaskaskia and Vincennes, and was named civil commandant of Illinois County. He became Fayette’s first militia colonel and a Lexington trustee. After Bryan Station’s siege he led the pursuit that ended at Blue Licks on August 19, 1782, where he was killed at 32; Todd County (1819) still carries his name.","description":"Pennsylvania-born lawyer John Todd (1750–1782) reached Kentucky around 1775, sat in Virginia’s legislature for Kentucky County, rode with George Rogers Clark to Kaskaskia and Vincennes, and was named civil commandant of Illinois County. He became Fayette’s first militia colonel and a Lexington trustee. After Bryan Station’s siege he led the pursuit that ended at Blue Licks on August 19, 1782, where he was killed at 32; Todd County (1819) still carries his name.","website":"https://history.ky.gov/markers/county-named-1819-2","category":"person","source_date":"2026-09-15","year_start":1775,"year_end":1782,"yearStart":1775,"yearEnd":1782,"era":"frontier","layer":"history"}},{"type":"Feature","geometry":{"type":"Point","coordinates":[-84.58,37.87]},"properties":{"id":"muir-site-15js86-jessamine-county","name":"Muir Site (15Js86)","title":"Muir Site (15Js86)","subtitle":"Jessamine County · Early Fort Ancient Osborne Phase ~1010–1255 CE","history":"Before the Nicholasville Bypass went in, University of Kentucky archaeologists dug the Muir site (15Js86) on a broad upland ridge west of Nicholasville. Radiocarbon and ceramics place it in the early Fort Ancient Osborne Phase, roughly 1010–1255 CE. Unlike later crowded plaza villages, Muir held only one to three rectangular single-set-post houses at a time, each with a shallow floor basin and central hearth—more a dispersed farmstead cluster than a stockaded town. Residents ate mostly deer, elk, and bear, grew corn, beans, knotweed, and sunflower, and made limestone-tempered jars with rare guilloche designs.","description":"Before the Nicholasville Bypass went in, University of Kentucky archaeologists dug the Muir site (15Js86) on a broad upland ridge west of Nicholasville. Radiocarbon and ceramics place it in the early Fort Ancient Osborne Phase, roughly 1010–1255 CE. Unlike later crowded plaza villages, Muir held only one to three rectangular single-set-post houses at a time, each with a shallow floor basin and central hearth—more a dispersed farmstead cluster than a stockaded town. Residents ate mostly deer, elk, and bear, grew corn, beans, knotweed, and sunflower, and made limestone-tempered jars with rare guilloche designs.","website":"https://archaeology.ky.gov/Find-a-Site/Pages/Muir.aspx","category":"archaeology","source_date":"2026-09-25","year_start":1010,"year_end":1255,"photo":{"image_url":"/content/photos/stories/muir-site-early-fort-ancient-on-a-jessamine-ridge.jpg","title":"Main Street, Nicholasville","source_url":"https://commons.wikimedia.org/wiki/File:Main_Street_in_Nicholasville.jpg","source_label":"Wikimedia Commons","attribution":"Nyttend · Wikimedia Commons · Public domain","year":null},"yearStart":1010,"yearEnd":1255,"era":"native","layer":"history"}},{"type":"Feature","geometry":{"type":"Point","coordinates":[-84.50191666666667,39.09213333333334]},"properties":{"id":"newport-founding-hubbard-and-james-taylor","name":"Newport at the Licking Mouth","title":"Newport at the Licking Mouth","subtitle":"Campbell County · charter 1795 · Newport Barracks 1803","history":"Hubbard Taylor platted the Ohio–Licking point for the family; James Taylor Jr. settled in 1793, pushed Campbell County through in 1794, and on December 14, 1795 the General Assembly chartered Newport on Taylor land. He named it for Admiral Christopher Newport of Jamestown fame, reserved a public square and riverfront common, and in 1803 sold the army five acres at the Licking mouth for what became Newport Barracks.","description":"Hubbard Taylor platted the Ohio–Licking point for the family; James Taylor Jr. settled in 1793, pushed Campbell County through in 1794, and on December 14, 1795 the General Assembly chartered Newport on Taylor land. He named it for Admiral Christopher Newport of Jamestown fame, reserved a public square and riverfront common, and in 1803 sold the army five acres at the Licking mouth for what became Newport Barracks.","website":"https://newportky.gov/268/History","category":"town","marker_number":599,"marker_title":"Newport Barracks","source_date":"2026-09-16","year_start":1793,"year_end":1803,"yearStart":1793,"yearEnd":1803,"era":"early-commonwealth","layer":"history"}},{"type":"Feature","geometry":{"type":"Point","coordinates":[-89.19,36.55]},"properties":{"id":"adams-site-15fu4-mississippian-fulton-county","name":"Adams Site (15Fu4)","title":"Adams Site (15Fu4)","subtitle":"Fulton County · Mississippian town on Bayou de Chien","history":"Near Hickman in Fulton County, on Bayou de Chien toward the Mississippi, the Adams Site is a Mississippian town built over an earlier Late Woodland village. Platform mounds around a central plaza (plus a smaller plaza southwest), deep village middens, and occupation roughly 1100–1500 CE place it with sister border towns like Wickliffe and Sassafras Ridge.","description":"Near Hickman in Fulton County, on Bayou de Chien toward the Mississippi, the Adams Site is a Mississippian town built over an earlier Late Woodland village. Platform mounds around a central plaza (plus a smaller plaza southwest), deep village middens, and occupation roughly 1100–1500 CE place it with sister border towns like Wickliffe and Sassafras Ridge.","website":"https://en.wikipedia.org/wiki/Adams_site","category":"archaeology","source_date":"2026-09-16","year_start":1100,"year_end":1500,"yearStart":1100,"yearEnd":1500,"era":"native","layer":"history"}},{"type":"Feature","geometry":{"type":"Point","coordinates":[-85.1692443,38.4400769]},"properties":{"id":"drennon-springs-henry-county-drennon-bracken-1773","name":"Drennon Springs","title":"Drennon Springs","subtitle":"Henry County · salt lick & early boiling works","history":"In Henry County, Jacob Drennon and Matthew Bracken claimed the big salt lick on July 26, 1773; Nicholas Cresswell in 1775 described some fifty acres of buffalo-trampled ground and springs strong enough to leave salt crusts in the sun. Virginia’s Patrick Henry patented 400 acres including the springs to George Rogers Clark in 1785, and boiling works rose that winter.","description":"In Henry County, Jacob Drennon and Matthew Bracken claimed the big salt lick on July 26, 1773; Nicholas Cresswell in 1775 described some fifty acres of buffalo-trampled ground and springs strong enough to leave salt crusts in the sun. Virginia’s Patrick Henry patented 400 acres including the springs to George Rogers Clark in 1785, and boiling works rose that winter.","website":"https://archaeology.ky.gov/Find-a-Site/Pages/Drennon-Springs.aspx","category":"industry","marker_number":122,"marker_title":"Drennon Springs","source_date":"2026-09-16","year_start":1773,"year_end":1785,"yearStart":1773,"yearEnd":1785,"era":"frontier","layer":"history"}},{"type":"Feature","geometry":{"type":"Point","coordinates":[-84.8433,37.7623]},"properties":{"id":"maj-joseph-bowman-harrodsburg","name":"Maj. Joseph Bowman","title":"Maj. Joseph Bowman","subtitle":"Clark’s second-in-command · Harrodsburg petition 1776 · died 1779","history":"Virginia-born Joseph Bowman came to Kentucky by 1775, signed the 1776 Harrodsburg county petition, and in 1778 raised a company for George Rogers Clark. As Clark’s second-in-command he took Prairie du Rocher, St. Philippe, and Cahokia after Kaskaskia fell, kept a day-by-day journal of the flooded winter march to Vincennes, and was promoted major just as a celebratory powder explosion burned him badly. He died at Fort Patrick Henry on about August 14–15, 1779 — the only American officer lost in the Illinois campaign.","description":"Virginia-born Joseph Bowman came to Kentucky by 1775, signed the 1776 Harrodsburg county petition, and in 1778 raised a company for George Rogers Clark. As Clark’s second-in-command he took Prairie du Rocher, St. Philippe, and Cahokia after Kaskaskia fell, kept a day-by-day journal of the flooded winter march to Vincennes, and was promoted major just as a celebratory powder explosion burned him badly. He died at Fort Patrick Henry on about August 14–15, 1779 — the only American officer lost in the Illinois campaign.","website":"https://en.wikipedia.org/wiki/Joseph_Bowman","category":"person","source_date":"2026-09-16","year_start":1775,"year_end":1779,"yearStart":1775,"yearEnd":1779,"era":"frontier","layer":"history"}},{"type":"Feature","geometry":{"type":"Point","coordinates":[-87.1152649,37.7759614]},"properties":{"id":"owensboro-founding-yellow-banks","name":"Owensboro / Yellow Banks","title":"Owensboro / Yellow Banks","subtitle":"Smeathers cabin 1797 · town 1816–1817","history":"Frontiersman William Smeathers (Bill Smothers) built a cabin on the south bank of the Ohio in 1797 at a landing flatboat men already called Yellow Banks for its clay bluffs. Daviess County was created in 1815; the town was laid out in 1816 and incorporated in 1817 as Owensborough for Col. Abraham Owen, killed at Tippecanoe in 1811 (the spelling shortened later). Smothers later scouted for Stephen F. Austin's Old Three Hundred in Texas. Downtown Smothers Park marks the home site — western Kentucky's river gate still sitting on that yellow bank.","description":"Frontiersman William Smeathers (Bill Smothers) built a cabin on the south bank of the Ohio in 1797 at a landing flatboat men already called Yellow Banks for its clay bluffs. Daviess County was created in 1815; the town was laid out in 1816 and incorporated in 1817 as Owensborough for Col. Abraham Owen, killed at Tippecanoe in 1811 (the spelling shortened later). Smothers later scouted for Stephen F. Austin's Old Three Hundred in Texas. Downtown Smothers Park marks the home site — western Kentucky's river gate still sitting on that yellow bank.","website":"https://en.wikipedia.org/wiki/Owensboro,_Kentucky","category":"town","source_date":"2026-09-24","year_start":1797,"year_end":1817,"photo":{"image_url":"/content/photos/stories/yellow-banks-becomes-owensboro.jpg","title":"Second Street, Owensboro","source_url":"https://commons.wikimedia.org/wiki/File:Owensboro2ndStAnn.JPG","source_label":"Wikimedia Commons","attribution":"Smallbones · Wikimedia Commons · Public domain","local_image_path":"/content/photos/stories/yellow-banks-becomes-owensboro.jpg"},"yearStart":1797,"yearEnd":1817,"era":"early-commonwealth","layer":"history"}},{"type":"Feature","geometry":{"type":"Point","coordinates":[-85.06258333333334,36.983983333333335]},"properties":{"id":"col-william-russell-iii-fayette","name":"Col. William Russell III","title":"Col. William Russell III","subtitle":"Kings Mountain · Fayette 1783 · Russell County namesake","history":"Born Culpeper County, Virginia, 1758; rode west on his father’s 1773 Kentucky attempt. Aide to Col. William Campbell at Kings Mountain; settled Fayette County in 1783 on military land. Early Kentucky house member, Northwest Indian War militia leader, and colonel of the 7th U.S. Infantry (Fort Harrison, Peoria War). Russell County is named for him.","description":"Born Culpeper County, Virginia, 1758; rode west on his father’s 1773 Kentucky attempt. Aide to Col. William Campbell at Kings Mountain; settled Fayette County in 1783 on military land. Early Kentucky house member, Northwest Indian War militia leader, and colonel of the 7th U.S. Infantry (Fort Harrison, Peoria War). Russell County is named for him.","category":"person","marker_number":954,"marker_title":"Russell County","source_date":"2026-09-17","year_start":1780,"year_end":1813,"yearStart":1780,"yearEnd":1813,"era":"frontier","layer":"history"}},{"type":"Feature","geometry":{"type":"Point","coordinates":[-86.68,37.21]},"properties":{"id":"annis-mound-village-15bt2-butler-county","name":"Annis Mound & Village (15Bt2)","title":"Annis Mound & Village (15Bt2)","subtitle":"Butler County · Middle Mississippian mound center","history":"On the Green River’s Big Bend in Butler County, Annis (15Bt2 / 15Bt20) was a Middle Mississippian mound center dated to the early to mid-1300s AD, with expanding palisades and a large platform mound.","description":"On the Green River’s Big Bend in Butler County, Annis (15Bt2 / 15Bt20) was a Middle Mississippian mound center dated to the early to mid-1300s AD, with expanding palisades and a large platform mound.","category":"archaeology","source_date":"2026-09-17","year_start":1300,"year_end":1350,"yearStart":1300,"yearEnd":1350,"era":"native","layer":"history"}},{"type":"Feature","geometry":{"type":"Point","coordinates":[-84.33956666666667,36.84008333333333]},"properties":{"id":"cumberland-falls","name":"Cumberland Falls","title":"Cumberland Falls","subtitle":"Rockcastle conglomerate · moonbow · gorge retreat","history":"Where the Cumberland crosses hard Rockcastle conglomerate, softer rock below keeps a ~68-foot drop—the “Niagara of the South.” The falls retreated about 45 miles upstream cutting the gorge; clear full-moon nights bring a moonbow. Geology-focused pin (no modern park year).","description":"Where the Cumberland crosses hard Rockcastle conglomerate, softer rock below keeps a ~68-foot drop—the “Niagara of the South.” The falls retreated about 45 miles upstream cutting the gorge; clear full-moon nights bring a moonbow. Geology-focused pin (no modern park year).","category":"geology","marker_number":2002,"marker_title":"CCC at Cumberland Falls","source_date":"2026-09-17","era":"other","layer":"history"}},{"type":"Feature","geometry":{"type":"Point","coordinates":[-85.9145954,36.9818833]},"properties":{"id":"glasgow-founding-john-gorin-big-spring","name":"Glasgow / Barren County seat","title":"Glasgow / Barren County seat","subtitle":"John Gorin’s Big Spring · barrens · 1799","history":"Barren County was authorized December 20, 1798, from Green and Warren, named for the open barrens prairie. In 1799 settlers chose John Gorin’s Big Spring for the county seat; Gorin opened a tavern that year and put land and cash toward public buildings on the pea-vine hill that became Glasgow’s square. The legislature recognized the town in 1809.","description":"Barren County was authorized December 20, 1798, from Green and Warren, named for the open barrens prairie. In 1799 settlers chose John Gorin’s Big Spring for the county seat; Gorin opened a tavern that year and put land and cash toward public buildings on the pea-vine hill that became Glasgow’s square. The legislature recognized the town in 1809.","category":"town","source_date":"2026-09-18","year_start":1798,"year_end":1809,"yearStart":1798,"yearEnd":1809,"era":"early-commonwealth","layer":"history"}},{"type":"Feature","geometry":{"type":"Point","coordinates":[-84.83,37.66]},"properties":{"id":"maj-silas-harlan-harlans-station","name":"Maj. Silas Harlan / Harlan’s Station","title":"Maj. Silas Harlan / Harlan’s Station","subtitle":"Salt River south of Harrodsburg · Blue Licks 1782","history":"Virginia-born Major Silas Harlan (c. 1752–1782) came to Kentucky in 1774, built Harlan’s Station on the Salt River about seven miles south of Harrodsburg in 1778, and commanded spies in George Rogers Clark’s Illinois campaign. He fell leading an advance party at Blue Licks on August 19, 1782; Harlan County (1819) carries his name.","description":"Virginia-born Major Silas Harlan (c. 1752–1782) came to Kentucky in 1774, built Harlan’s Station on the Salt River about seven miles south of Harrodsburg in 1778, and commanded spies in George Rogers Clark’s Illinois campaign. He fell leading an advance party at Blue Licks on August 19, 1782; Harlan County (1819) carries his name.","website":"https://history.ky.gov/markers/county-named-1819","category":"person","source_date":"2026-09-18","year_start":1774,"year_end":1782,"yearStart":1774,"yearEnd":1782,"era":"frontier","layer":"history"}},{"type":"Feature","geometry":{"type":"Point","coordinates":[-86.84,37.48]},"properties":{"id":"chiggerville-15oh1-ohio-county","name":"Chiggerville (15Oh1)","title":"Chiggerville (15Oh1)","subtitle":"Ohio County · Late Archaic Green River shell midden","history":"On the Green River floodplain in Ohio County, the Late Archaic Chiggerville shell midden (roughly 3000–1000 BC) sits beside an old mussel shoal more than four feet thick. Digs recovered dense burials, hearths, mussels, fish, nuts, and Green River humped bannerstones—another node in Kentucky’s densest Archaic shell-midden landscape.","description":"On the Green River floodplain in Ohio County, the Late Archaic Chiggerville shell midden (roughly 3000–1000 BC) sits beside an old mussel shoal more than four feet thick. Digs recovered dense burials, hearths, mussels, fish, nuts, and Green River humped bannerstones—another node in Kentucky’s densest Archaic shell-midden landscape.","website":"https://archaeology.ky.gov/Find-a-Site/Pages/Chiggerville.aspx","category":"archaeology","source_date":"2026-09-18","year_start":-3000,"year_end":-1000,"yearStart":-3000,"yearEnd":-1000,"era":"prehistoric","layer":"history"}},{"type":"Feature","geometry":{"type":"Point","coordinates":[-85.88,37.31]},"properties":{"id":"salts-cave-15ht4-mammoth-cave","name":"Salts Cave (15Ht4)","title":"Salts Cave (15Ht4)","subtitle":"Mammoth Cave NP · Early Woodland sulfate mining","history":"Inside Mammoth Cave National Park, Salts Cave was one of several passages Early Woodland people used most intensively about 1000–200 BC. They mined wall sulfates—gypsum for pigment, mirabilite as medicine and seasoning—and carried cane torches, textile slippers, baskets, and gourd containers deep underground.","description":"Inside Mammoth Cave National Park, Salts Cave was one of several passages Early Woodland people used most intensively about 1000–200 BC. They mined wall sulfates—gypsum for pigment, mirabilite as medicine and seasoning—and carried cane torches, textile slippers, baskets, and gourd containers deep underground.","website":"https://archaeology.ky.gov/Find-a-Site/Pages/Mammoth-Cave.aspx","category":"archaeology","source_date":"2026-09-18","year_start":-1000,"year_end":-200,"yearStart":-1000,"yearEnd":-200,"era":"prehistoric","layer":"history"}},{"type":"Feature","geometry":{"type":"Point","coordinates":[-84.7708839,37.9827487]},"properties":{"id":"capt-jack-jouett-midnight-ride-1781","name":"Capt. Jack Jouett / Craig’s Creek","title":"Capt. Jack Jouett / Craig’s Creek","subtitle":"Midnight ride 1781 · in KY from 1782 · Woodford house 1797","history":"On the night of June 3–4, 1781, Capt. John “Jack” Jouett spotted Banastre Tarleton’s British cavalry near Cuckoo Tavern in Virginia and rode roughly forty miles over back roads to warn Thomas Jefferson at Monticello and the Virginia Assembly at Charlottesville. Most of the government escaped; Virginia rewarded him with a sword and pistols. By 1782 he had moved west into what became Kentucky, represented Lincoln/Mercer and later Woodford counties as a statehood backer, and in 1797 built a brick Federal house on a 530-acre Woodford farm near Craig’s Creek — still standing as the Jack Jouett House Historic Site.","description":"On the night of June 3–4, 1781, Capt. John “Jack” Jouett spotted Banastre Tarleton’s British cavalry near Cuckoo Tavern in Virginia and rode roughly forty miles over back roads to warn Thomas Jefferson at Monticello and the Virginia Assembly at Charlottesville. Most of the government escaped; Virginia rewarded him with a sword and pistols. By 1782 he had moved west into what became Kentucky, represented Lincoln/Mercer and later Woodford counties as a statehood backer, and in 1797 built a brick Federal house on a 530-acre Woodford farm near Craig’s Creek — still standing as the Jack Jouett House Historic Site.","website":"https://en.wikipedia.org/wiki/Jack_Jouett","category":"person","marker_number":78,"marker_title":"Capt. Jack Jouett House","source_date":"2026-09-23","year_start":1781,"year_end":1797,"photo":{"image_url":"/content/photos/stories/jack-jouett-kentuckys-midnight-rider.jpg","title":"Jack Jouett House Historic Site","source_url":"https://commons.wikimedia.org/wiki/File:Jack_J_002.jpg","source_label":"Wikimedia Commons","attribution":"Day tripper · Wikimedia Commons · Public domain","local_image_path":"/content/photos/stories/jack-jouett-kentuckys-midnight-rider.jpg"},"yearStart":1781,"yearEnd":1797,"era":"frontier","layer":"history"}},{"type":"Feature","geometry":{"type":"Point","coordinates":[-85.71646666666666,37.98791666666666]},"properties":{"id":"shepherdsville-founding-adam-shepherd","name":"Shepherdsville / Salt River falls","title":"Shepherdsville / Salt River falls","subtitle":"Adam Shepherd · Bullitt County seat · 1793","history":"On December 11, 1793, the Kentucky General Assembly established a town on fifty acres of Adam Shepherd’s land on the north side of Salt River, at the falls where the great road to Bullitt’s Lick crossed. When Bullitt County was organized in 1796–97, Shepherdsville became the seat, anchoring settlement between the Wilderness Road corridor and the Falls of the Ohio salt trade.","description":"On December 11, 1793, the Kentucky General Assembly established a town on fifty acres of Adam Shepherd’s land on the north side of Salt River, at the falls where the great road to Bullitt’s Lick crossed. When Bullitt County was organized in 1796–97, Shepherdsville became the seat, anchoring settlement between the Wilderness Road corridor and the Falls of the Ohio salt trade.","website":"https://en.wikipedia.org/wiki/Shepherdsville,_Kentucky","category":"town","marker_number":2494,"marker_title":"Adam Shepherd","source_date":"2026-09-20","year_start":1793,"year_end":1797,"yearStart":1793,"yearEnd":1797,"era":"early-commonwealth","layer":"history"}},{"type":"Feature","geometry":{"type":"Point","coordinates":[-84.26686666666667,37.895633333333336]},"properties":{"id":"capt-nathaniel-hart-white-oak-springs","name":"Capt. Nathaniel Hart / White Oak Springs","title":"Capt. Nathaniel Hart / White Oak Springs","subtitle":"Hart’s Station · Madison County · 1779–1782","history":"Capt. Nathaniel Hart (1734–1782), a Transylvania Company proprietor and chief negotiator with the Cherokee, came to Boonesborough in 1775 and in 1779 settled White Oak Springs (Hart’s Station) about a mile from the fort, joined by Dutch families from Pennsylvania. He was killed nearby in 1782; his daughter Susannah later married Isaac Shelby, Kentucky’s first and fifth governor.","description":"Capt. Nathaniel Hart (1734–1782), a Transylvania Company proprietor and chief negotiator with the Cherokee, came to Boonesborough in 1775 and in 1779 settled White Oak Springs (Hart’s Station) about a mile from the fort, joined by Dutch families from Pennsylvania. He was killed nearby in 1782; his daughter Susannah later married Isaac Shelby, Kentucky’s first and fifth governor.","website":"https://history.ky.gov/markers/home-of-capt-nathaniel-hart","category":"person","marker_number":1577,"marker_title":"Home of Capt. Nathaniel Hart","source_date":"2026-09-19","year_start":1779,"year_end":1782,"yearStart":1779,"yearEnd":1782,"era":"frontier","layer":"history"}},{"type":"Feature","geometry":{"type":"Point","coordinates":[-87.5898562,37.8479021]},"properties":{"id":"henderson-founding-red-banks","name":"Henderson / Red Banks","title":"Henderson / Red Banks","subtitle":"Hopkins–Allin plan · April 6, 1797","history":"The Ohio River bluff known as Red Banks sat on the Virginia grant later confirmed to Richard Henderson & Company. On April 6, 1797, Gen. Samuel Hopkins and surveyor Thomas Allin finished laying out the town of Henderson—named for the company founder, who had died in 1785. That plan is still treated as the city’s birthday; Henderson County followed in 1798–99.","description":"The Ohio River bluff known as Red Banks sat on the Virginia grant later confirmed to Richard Henderson & Company. On April 6, 1797, Gen. Samuel Hopkins and surveyor Thomas Allin finished laying out the town of Henderson—named for the company founder, who had died in 1785. That plan is still treated as the city’s birthday; Henderson County followed in 1798–99.","website":"https://hendersonky.gov/141/History-of-Henderson","category":"town","source_date":"2026-09-19","year_start":1797,"year_end":1799,"yearStart":1797,"yearEnd":1799,"era":"early-commonwealth","layer":"history"}},{"type":"Feature","geometry":{"type":"Point","coordinates":[-89.09,36.89]},"properties":{"id":"turk-site-15ce6-carlisle-county","name":"Turk Site (15Ce6)","title":"Turk Site (15Ce6)","subtitle":"Carlisle County · Mississippian Dorena–Medley","history":"On a bluff spur near Bardwell overlooking the Mississippi floodplain, the Turk Site (15Ce6) was a small Mississippian regional center of about 2.5 hectares. Occupied mainly in the Dorena phase (about 1100–1300 CE) and into the Medley phase, it arranged platform mounds around a plaza—tightened by the spur’s narrow geography.","description":"On a bluff spur near Bardwell overlooking the Mississippi floodplain, the Turk Site (15Ce6) was a small Mississippian regional center of about 2.5 hectares. Occupied mainly in the Dorena phase (about 1100–1300 CE) and into the Medley phase, it arranged platform mounds around a plaza—tightened by the spur’s narrow geography.","website":"https://en.wikipedia.org/wiki/Turk_Site","category":"archaeology","source_date":"2026-09-19","year_start":1100,"year_end":1300,"yearStart":1100,"yearEnd":1300,"era":"native","layer":"history"}},{"type":"Feature","geometry":{"type":"Point","coordinates":[-86.47166389,36.95283333]},"properties":{"id":"lost-river-cave-bowling-green","name":"Lost River Cave","title":"Lost River Cave","subtitle":"Bowling Green · Pennyroyal karst · late-1700s mill","history":"Under Bowling Green, Lost River Cave is a Pennyroyal karst system cut in Mississippian St. Louis and Ste. Genevieve limestones: a surface stream sinks into roughly seven miles of passages. Settlers harnessed the flow for a grist mill at the cave mouth by the late 1700s; today the preserve offers Kentucky’s only underground boat tour.","description":"Under Bowling Green, Lost River Cave is a Pennyroyal karst system cut in Mississippian St. Louis and Ste. Genevieve limestones: a surface stream sinks into roughly seven miles of passages. Settlers harnessed the flow for a grist mill at the cave mouth by the late 1700s; today the preserve offers Kentucky’s only underground boat tour.","website":"https://en.wikipedia.org/wiki/Lost_River_Cave","category":"archaeology","source_date":"2026-09-19","year_start":1790,"year_end":1800,"yearStart":1790,"yearEnd":1800,"era":"frontier","layer":"history"}},{"type":"Feature","geometry":{"type":"Point","coordinates":[-82.93,38.56]},"properties":{"id":"hansen-site-15gp14-greenup-county","name":"Hansen Site (15GP14)","title":"Hansen Site (15GP14)","subtitle":"Greenup County · Scioto mouth terrace","history":"Near South Portsmouth in Greenup County, the Hansen Site sits on an Ohio River terrace just upstream from Lower Shawneetown and across from the Scioto mouth. Excavations document Late Archaic summer camps around 2000 BCE, then denser Middle–Late Woodland communities (about 300–600 CE); Fort Ancient people used the terrace later.","description":"Near South Portsmouth in Greenup County, the Hansen Site sits on an Ohio River terrace just upstream from Lower Shawneetown and across from the Scioto mouth. Excavations document Late Archaic summer camps around 2000 BCE, then denser Middle–Late Woodland communities (about 300–600 CE); Fort Ancient people used the terrace later.","website":"https://en.wikipedia.org/wiki/Hansen_site","category":"archaeology","source_date":"2026-09-20","year_start":-2000,"year_end":1500,"yearStart":-2000,"yearEnd":1500,"era":"prehistoric","layer":"history"}},{"type":"Feature","geometry":{"type":"Point","coordinates":[-83.6833147,37.776836]},"properties":{"id":"natural-bridge-corbin-sandstone","name":"Natural Bridge","title":"Natural Bridge","subtitle":"Corbin Sandstone arch · Powell–Wolfe · state park 1926","history":"In Powell and Wolfe counties, a 78-foot-long, 65-foot-high arch of Corbin Sandstone (Breathitt Formation, Middle Pennsylvanian) spans a gorge on the Middle Fork of the Red River. Long a landmark for Indigenous hunters and settlers, the site became a railroad excursion stop in the 1890s and one of Kentucky’s original state parks in 1926.","description":"In Powell and Wolfe counties, a 78-foot-long, 65-foot-high arch of Corbin Sandstone (Breathitt Formation, Middle Pennsylvanian) spans a gorge on the Middle Fork of the Red River. Long a landmark for Indigenous hunters and settlers, the site became a railroad excursion stop in the 1890s and one of Kentucky’s original state parks in 1926.","website":"https://en.wikipedia.org/wiki/Natural_Bridge_State_Resort_Park","category":"archaeology","source_date":"2026-09-20","yearStart":-10000,"yearEnd":-1000,"era":"prehistoric","layer":"history"}},{"type":"Feature","geometry":{"type":"Point","coordinates":[-83.6471,37.5829]},"properties":{"id":"david-snowden-jr-homestead-st-helens","name":"David Snowden homeplace","title":"David Snowden homeplace","subtitle":"Lee County · St. Helens · Middle Fork Kentucky River","history":"Historic Snowden homeplace near St. Helens (Lee County), on a knob by the Middle Fork Kentucky River (KY 52 east of Beattyville). David Snowden Sr. (1759 near Perth Amboy, N.J. – 1839 Estill Co.) served as a Revolutionary War frontier “Indian spy” and guard from Washington Co., Pa. (federal pension W9308), and also on Gen. Lachlan McIntosh’s 1778 Ohio campaign and Col. William Crawford’s 1782 Sandusky expedition; he married Nancy Hazelrigg in 1782. His son David Snowden Jr. (1786–1852) built a log cabin, kitchen, and quarters here about 1825; a later two-story clapboard house on sandstone had a wing that served as the St. Helens post office. The family also appears in Owsley County around 1850 before Lee County split. The abandoned house was photographed extensively and was reportedly demolished after a fire. Photos: https://abandonedonline.net/location/david-snowden-house/ and https://abandonedonline.net/david-snowden-jrs-house/ . Pension abstract: https://kygenweb.net/estill/military/revwar/snowden01.htm.","description":"Historic Snowden homeplace near St. Helens (Lee County), on a knob by the Middle Fork Kentucky River (KY 52 east of Beattyville). David Snowden Sr. (1759 near Perth Amboy, N.J. – 1839 Estill Co.) served as a Revolutionary War frontier “Indian spy” and guard from Washington Co., Pa. (federal pension W9308), and also on Gen. Lachlan McIntosh’s 1778 Ohio campaign and Col. William Crawford’s 1782 Sandusky expedition; he married Nancy Hazelrigg in 1782. His son David Snowden Jr. (1786–1852) built a log cabin, kitchen, and quarters here about 1825; a later two-story clapboard house on sandstone had a wing that served as the St. Helens post office. The family also appears in Owsley County around 1850 before Lee County split. The abandoned house was photographed extensively and was reportedly demolished after a fire. Photos: https://abandonedonline.net/location/david-snowden-house/ and https://abandonedonline.net/david-snowden-jrs-house/ . Pension abstract: https://kygenweb.net/estill/military/revwar/snowden01.htm.","website":"https://abandonedonline.net/location/david-snowden-house/","category":"other","source_date":"2026-09-20","year_start":1825,"year_end":1914,"yearStart":1825,"yearEnd":1914,"era":"early-commonwealth","layer":"history"}},{"type":"Feature","geometry":{"type":"Point","coordinates":[-84.8485383,37.7619646]},"properties":{"id":"ann-mcginty-first-spinning-wheel-harrodstown","name":"Ann McGinty","title":"Ann McGinty","subtitle":"First spinning wheel over Cumberland Gap · Harrodstown · d. 1815","history":"Anne Kennedy (later Poage, Lindsay, and McGinty) crossed into Kentucky in September 1775 with a spinning wheel—the first brought over Cumberland Gap—and soon helped her husband William Poage build looms at Harrodstown. Their linsey-woolsey cloth became a frontier staple; she later ran an ordinary (tavern-inn) and is buried in the Fort Harrod Pioneer Cemetery (d. 1815).","description":"Anne Kennedy (later Poage, Lindsay, and McGinty) crossed into Kentucky in September 1775 with a spinning wheel—the first brought over Cumberland Gap—and soon helped her husband William Poage build looms at Harrodstown. Their linsey-woolsey cloth became a frontier staple; she later ran an ordinary (tavern-inn) and is buried in the Fort Harrod Pioneer Cemetery (d. 1815).","website":"https://explorekyhistory.ky.gov/items/show/983","category":"person","source_date":"2026-09-21","year_start":1775,"year_end":1815,"yearStart":1775,"yearEnd":1815,"era":"frontier","layer":"history"}},{"type":"Feature","geometry":{"type":"Point","coordinates":[-85.3838837,37.932222]},"properties":{"id":"henry-mckenna-fairfield-old-line","name":"Henry McKenna","title":"Henry McKenna","subtitle":"Fairfield · Nelson County · Old Line sour mash 1855–1883","history":"Irish immigrant Henry McKenna of County Derry settled at Fairfield in Nelson County, began distilling in a mill shed by 1855 (under a barrel a day), and built a brick distillery by 1883. He sold only \"H. McKenna Old Line\" sour mash—never green whisky under three years—and stamped barrels with an Irish harp. The brand later survived Prohibition as medicinal whisky; Heaven Hill revived it in the modern era.","description":"Irish immigrant Henry McKenna of County Derry settled at Fairfield in Nelson County, began distilling in a mill shed by 1855 (under a barrel a day), and built a brick distillery by 1883. He sold only \"H. McKenna Old Line\" sour mash—never green whisky under three years—and stamped barrels with an Irish harp. The brand later survived Prohibition as medicinal whisky; Heaven Hill revived it in the modern era.","website":"https://kybourbon.com/enthusiast-stories/160-years-of-h-mckenna-medicinal-whiskey/","category":"bourbon","source_date":"2026-09-21","year_start":1855,"year_end":1883,"yearStart":1855,"yearEnd":1883,"era":"early-commonwealth","layer":"history"}},{"type":"Feature","geometry":{"type":"Point","coordinates":[-83.97567,37.70965]},"properties":{"id":"estill-springs","name":"Estill Springs","title":"Estill Springs","subtitle":"Estill County · Irvine · KY 89 (marker 555)","history":"Mineral springs about half a mile north of Irvine on today’s KY 89, long known to Shawnee camps and early Kentucky explorers (Boone, Boyle, McAfee, and others). Operated as a resort from 1814 until the hotel burned in 1924; white sulphur water, Sweet Lick Knob views, and a popular ballroom drew visitors from across the state. In 1861 owner Col. Sidney M. Barnes organized the 8th Kentucky Infantry (USA) here; the grounds later hosted Confederate reunions of Morgan’s men, including the last. Kentucky Historical Society marker #555 stands on Main Street across from Estill Springs Elementary. Historic photo (c. 1910): https://scholarworks.moreheadstate.edu/sprague_photo_collection/117/","description":"Mineral springs about half a mile north of Irvine on today’s KY 89, long known to Shawnee camps and early Kentucky explorers (Boone, Boyle, McAfee, and others). Operated as a resort from 1814 until the hotel burned in 1924; white sulphur water, Sweet Lick Knob views, and a popular ballroom drew visitors from across the state. In 1861 owner Col. Sidney M. Barnes organized the 8th Kentucky Infantry (USA) here; the grounds later hosted Confederate reunions of Morgan’s men, including the last. Kentucky Historical Society marker #555 stands on Main Street across from Estill Springs Elementary. Historic photo (c. 1910): https://scholarworks.moreheadstate.edu/sprague_photo_collection/117/","website":"https://history.ky.gov/markers/estill-springs","category":"other","marker_number":555,"marker_title":"Estill Springs","source_date":"2026-09-21","year_start":1814,"year_end":1924,"photo":{"image_url":"/content/photos/stories/estill-springs-sprague-c1910.jpg","title":"Estill County — Estill Springs","source_url":"https://scholarworks.moreheadstate.edu/sprague_photo_collection/117/","source_label":"Stuart S. Sprague Photograph Collection · ScholarWorks @ Morehead State","attribution":"Stuart S. Sprague · University of Kentucky Photographic Archives · ScholarWorks @ Morehead State","year":1910,"local_image_path":"/content/photos/stories/estill-springs-sprague-c1910.jpg"},"yearStart":1814,"yearEnd":1924,"era":"early-commonwealth","layer":"history"}},{"type":"Feature","geometry":{"type":"Point","coordinates":[-83.973813,37.700638]},"properties":{"id":"m-robison-sawmill-irvine","name":"M. Robison Sawmill (Irvine)","title":"M. Robison Sawmill (Irvine)","subtitle":"Estill County · Irvine · c. 1908 (town-center pin)","history":"The M. Robison Sawmill at Irvine, Estill County, Kentucky, circa 1908 — captured in the Stuart S. Sprague photograph collection. Map pin uses Irvine town center (Nominatim) because the exact mill footprint is not documented in the catalog record; treat as a place-level pin for the historic sawmill operation, not a surveyed building outline. Photo: https://scholarworks.moreheadstate.edu/sprague_photo_collection/119/","description":"The M. Robison Sawmill at Irvine, Estill County, Kentucky, circa 1908 — captured in the Stuart S. Sprague photograph collection. Map pin uses Irvine town center (Nominatim) because the exact mill footprint is not documented in the catalog record; treat as a place-level pin for the historic sawmill operation, not a surveyed building outline. Photo: https://scholarworks.moreheadstate.edu/sprague_photo_collection/119/","website":"https://scholarworks.moreheadstate.edu/sprague_photo_collection/119/","category":"other","source_date":"2026-09-21","year_start":1908,"year_end":1908,"photo":{"image_url":"/content/photos/stories/m-robison-sawmill-irvine-c1908.jpg","title":"Estill County — M. Robison Sawmill","source_url":"https://scholarworks.moreheadstate.edu/sprague_photo_collection/119/","source_label":"Stuart S. Sprague Photograph Collection · ScholarWorks @ Morehead State","attribution":"Stuart S. Sprague · Kentucky Historical Society · ScholarWorks @ Morehead State","year":1908,"local_image_path":"/content/photos/stories/m-robison-sawmill-irvine-c1908.jpg"},"yearStart":1908,"yearEnd":1908,"era":"other","layer":"history"}},{"type":"Feature","geometry":{"type":"Point","coordinates":[-83.9975333,37.93955]},"properties":{"id":"john-finley-eskippakithiki-trader","name":"John Finley","title":"John Finley","subtitle":"Eskippakithiki trade ~1752 · Boone expedition guide 1769 · Clark County","history":"Long before Wilderness Road fame, Pennsylvania-born trader John Finley (also Findley) was crossing the Alleghenies for furs. Around 1752 he reached Eskippakithiki, the Shawnee town in today’s Clark County, one of the earliest recorded Euro-American trading trips into central Kentucky. Years later, as a Braddock-campaign acquaintance of Daniel Boone, he returned to the Yadkin with stories of cane-rich hunting grounds beyond Cumberland Gap. In May 1769 he guided Boone’s party through that gap; Finley’s firsthand routes—not Boone alone—helped open the country settlers would soon claim.","description":"Long before Wilderness Road fame, Pennsylvania-born trader John Finley (also Findley) was crossing the Alleghenies for furs. Around 1752 he reached Eskippakithiki, the Shawnee town in today’s Clark County, one of the earliest recorded Euro-American trading trips into central Kentucky. Years later, as a Braddock-campaign acquaintance of Daniel Boone, he returned to the Yadkin with stories of cane-rich hunting grounds beyond Cumberland Gap. In May 1769 he guided Boone’s party through that gap; Finley’s firsthand routes—not Boone alone—helped open the country settlers would soon claim.","website":"https://en.wikipedia.org/wiki/John_Finley_(frontiersman)","category":"person","marker_number":1274,"marker_title":"Indian Old Fields","source_date":"2026-09-22","year_start":1752,"year_end":1769,"yearStart":1752,"yearEnd":1769,"era":"frontier","layer":"history"}},{"type":"Feature","geometry":{"type":"Point","coordinates":[-85.2221819,37.6853413]},"properties":{"id":"springfield-washington-county-seat","name":"Springfield / Washington County seat","title":"Springfield / Washington County seat","subtitle":"First county after statehood 1792 · town laid out 1793 · Matthew Walton","history":"Washington County was the first county the new Kentucky legislature created after 1792 statehood, named for George Washington. In 1793 a site near the old Wilderness Trace was chosen for the seat on land tied to Gen. Matthew Walton; surveyor David Caldwell laid out the public square, and the town took the name Springfield. Early stations—Sandusky (1776), Cartwright’s (1778)—and Parker’s Landing on Beech Fork had already drawn settlers from the Gap road; Maryland Catholics arrived in force from 1785. The Lincoln family later settled nearby on Beech Fork, and Thomas Lincoln and Nancy Hanks’s marriage bond still sits in the Washington County clerk’s office.","description":"Washington County was the first county the new Kentucky legislature created after 1792 statehood, named for George Washington. In 1793 a site near the old Wilderness Trace was chosen for the seat on land tied to Gen. Matthew Walton; surveyor David Caldwell laid out the public square, and the town took the name Springfield. Early stations—Sandusky (1776), Cartwright’s (1778)—and Parker’s Landing on Beech Fork had already drawn settlers from the Gap road; Maryland Catholics arrived in force from 1785. The Lincoln family later settled nearby on Beech Fork, and Thomas Lincoln and Nancy Hanks’s marriage bond still sits in the Washington County clerk’s office.","website":"https://explorekyhistory.ky.gov/items/show/665","category":"town","source_date":"2026-09-22","year_start":1792,"year_end":1793,"yearStart":1792,"yearEnd":1793,"era":"early-commonwealth","layer":"history"}},{"type":"Feature","geometry":{"type":"Point","coordinates":[-84.2749,38.3351]},"properties":{"id":"ruddells-station-harrison-county","name":"Ruddell's Station","title":"Ruddell's Station","subtitle":"Harrison County · fort 1779 · Bird capture June 1780 · South Fork Licking","history":"In spring 1779 Capt. Isaac Ruddell rebuilt a fort on the South Fork of Licking (Harrison County) on the old Hinkson site—Ruddell’s Station, or Fort Liberty—soon joined by many Pennsylvania German families. In June 1780 British Capt. Henry Bird marched south with cannon, Canadian volunteers, and hundreds of Native allies. Artillery cracked the log walls; Ruddell surrendered under a promise of protection, then watched the agreement collapse as roughly four hundred captives were marched toward Detroit. Two of his sons were adopted by Shawnee; Stephen later lived as Tecumseh’s companion. The British never again brought that scale of artillery into Kentucky.","description":"In spring 1779 Capt. Isaac Ruddell rebuilt a fort on the South Fork of Licking (Harrison County) on the old Hinkson site—Ruddell’s Station, or Fort Liberty—soon joined by many Pennsylvania German families. In June 1780 British Capt. Henry Bird marched south with cannon, Canadian volunteers, and hundreds of Native allies. Artillery cracked the log walls; Ruddell surrendered under a promise of protection, then watched the agreement collapse as roughly four hundred captives were marched toward Detroit. Two of his sons were adopted by Shawnee; Stephen later lived as Tecumseh’s companion. The British never again brought that scale of artillery into Kentucky.","website":"https://www.battlefields.org/learn/revolutionary-war/battles/ruddells-station","category":"battle","marker_number":107,"marker_title":"Ruddle's Station","source_date":"2026-09-22","year_start":1779,"year_end":1780,"yearStart":1779,"yearEnd":1780,"era":"frontier","layer":"history"}},{"type":"Feature","geometry":{"type":"Point","coordinates":[-85.3464,38.2219833]},"properties":{"id":"simpsonville-laid-out-1816","name":"Simpsonville","title":"Simpsonville","subtitle":"Shelby County · laid out 1816 · Capt. John Simpson namesake","history":"In Shelby County, Isaac Watkins petitioned to lay out Simpsonville in 1816 as a waystation on the Louisville–Shelbyville road. A post office opened in 1821; the town incorporated in 1833. It was named for Capt. John Simpson, a Shelby County lawyer and Speaker of the Kentucky House (1810–11) who fought at Fallen Timbers (1794), won a seat in Congress in 1812, then died at the River Raisin on January 22, 1813. By the mid-1820s the place was a busy Midland Trail stage stop — home ground for anyone driving US 60 past Bagdad today.","description":"In Shelby County, Isaac Watkins petitioned to lay out Simpsonville in 1816 as a waystation on the Louisville–Shelbyville road. A post office opened in 1821; the town incorporated in 1833. It was named for Capt. John Simpson, a Shelby County lawyer and Speaker of the Kentucky House (1810–11) who fought at Fallen Timbers (1794), won a seat in Congress in 1812, then died at the River Raisin on January 22, 1813. By the mid-1820s the place was a busy Midland Trail stage stop — home ground for anyone driving US 60 past Bagdad today.","website":"https://en.wikipedia.org/wiki/Simpsonville,_Kentucky","category":"town","marker_number":1128,"marker_title":"Capt. John Simpson","source_date":"2026-09-23","year_start":1816,"year_end":1816,"photo":{"image_url":"/content/photos/stories/simpsonville-takes-shape-on-the-louisville-road.jpg","title":"Bank of Simpsonville Building (1902)","source_url":"https://commons.wikimedia.org/wiki/File:Bank_of_Simpsonville,_KY_1902.JPG","source_label":"Wikimedia Commons","attribution":"Publichall · Wikimedia Commons · CC BY-SA 3.0","year":1902,"local_image_path":"/content/photos/stories/simpsonville-takes-shape-on-the-louisville-road.jpg"},"yearStart":1816,"yearEnd":1816,"era":"early-commonwealth","layer":"history"}},{"type":"Feature","geometry":{"type":"Point","coordinates":[-88.25,37.44]},"properties":{"id":"tolu-site-15cn1-crittenden-county","name":"Tolu Site (15Cn1)","title":"Tolu Site (15Cn1)","subtitle":"Crittenden County · Mississippian · occupation ~1200–1300 CE","history":"Near Tolu in Crittenden County, the Tolu Site (15Cn1) was a Mississippian town occupied mainly about 1200–1300 CE (pottery styles; occupation into the 1400s). It once held three mounds — a platform, a burial mound, and a third of unclear use — and belongs to the Angel phase “Kincaid Set” with Angel (IN), Kincaid (IL), and Wickliffe (KY). Webb and Funkhouser excavated it in 1930; a 1954 plow find west of town produced one of the finest Mississippian fluorite statues known, complete with a rare beaded forelock.","description":"Near Tolu in Crittenden County, the Tolu Site (15Cn1) was a Mississippian town occupied mainly about 1200–1300 CE (pottery styles; occupation into the 1400s). It once held three mounds — a platform, a burial mound, and a third of unclear use — and belongs to the Angel phase “Kincaid Set” with Angel (IN), Kincaid (IL), and Wickliffe (KY). Webb and Funkhouser excavated it in 1930; a 1954 plow find west of town produced one of the finest Mississippian fluorite statues known, complete with a rare beaded forelock.","website":"https://en.wikipedia.org/wiki/Tolu_Site","category":"archaeology","source_date":"2026-09-23","year_start":1200,"year_end":1300,"yearStart":1200,"yearEnd":1300,"era":"native","layer":"history"}},{"type":"Feature","geometry":{"type":"Point","coordinates":[-83.1233,38.3767]},"properties":{"id":"saltpeter-cave-carter-caves-15cr99","name":"Saltpeter Cave (Carter Caves)","title":"Saltpeter Cave (Carter Caves)","subtitle":"Carter County · War of 1812 niter mining · 15Cr99","history":"In Carter County’s Carter Caves State Resort Park, Saltpeter Cave (15Cr99) was mined for potassium nitrate during the War of 1812, when British blockades forced Americans to scrape gunpowder ingredients from their own caves. University of Kentucky archaeologists in the early 1990s documented impressions and remnants of 26 wooden leaching vats — a hybrid of big-box and small V-shaped cottage setups with wooden piping. Kentucky caves yielded more than 300,000 pounds of saltpeter statewide; this one is on the National Register and open for summer tours.","description":"In Carter County’s Carter Caves State Resort Park, Saltpeter Cave (15Cr99) was mined for potassium nitrate during the War of 1812, when British blockades forced Americans to scrape gunpowder ingredients from their own caves. University of Kentucky archaeologists in the early 1990s documented impressions and remnants of 26 wooden leaching vats — a hybrid of big-box and small V-shaped cottage setups with wooden piping. Kentucky caves yielded more than 300,000 pounds of saltpeter statewide; this one is on the National Register and open for summer tours.","website":"https://en.wikipedia.org/wiki/Saltpeter_Cave","category":"industry","marker_number":209,"marker_title":"Saltpeter Cave","source_date":"2026-09-23","year_start":1812,"year_end":1815,"photo":{"image_url":"/content/photos/stories/saltpeter-cave-at-carter-caves.jpg","title":"Saltpeter Cave, Carter Caves State Resort Park","source_url":"https://commons.wikimedia.org/wiki/File:Carter_Caves_Saltpeter_Cave.JPG","source_label":"Wikimedia Commons","attribution":"Wikimedia Commons","local_image_path":"/content/photos/stories/saltpeter-cave-at-carter-caves.jpg"},"yearStart":1812,"yearEnd":1815,"era":"early-commonwealth","layer":"history"}},{"type":"Feature","geometry":{"type":"Point","coordinates":[-82.7466926,37.7033685]},"properties":{"id":"jenny-wiley-state-resort-park","name":"Jenny Wiley / Big Sandy","title":"Jenny Wiley / Big Sandy","subtitle":"Captivity & escape 1789–1790 · Johnson Co. settlement 1800","history":"On October 1, 1789, at Walker's Creek in present-day Bland County, Virginia, a Cherokee–Shawnee party seeking revenge on Matthias Harman mistakenly hit Thomas Wiley's cabin. Jenny (Virginia Sellards) Wiley saw her brother and three children killed; she and an infant were taken captive. Over nearly eleven months in the Big Sandy country the infant died and another child born in captivity was killed. She escaped by following a dream-path of creeks to Harman's Station near present-day Paintsville, where men built a log raft and pulled her across. Reunited with Thomas in Virginia, the couple settled on Tom's Creek in what became Johnson County in 1800; she died there in 1831. Jenny Wiley State Resort Park on Dewey Lake near Prestonsburg carries her name.","description":"On October 1, 1789, at Walker's Creek in present-day Bland County, Virginia, a Cherokee–Shawnee party seeking revenge on Matthias Harman mistakenly hit Thomas Wiley's cabin. Jenny (Virginia Sellards) Wiley saw her brother and three children killed; she and an infant were taken captive. Over nearly eleven months in the Big Sandy country the infant died and another child born in captivity was killed. She escaped by following a dream-path of creeks to Harman's Station near present-day Paintsville, where men built a log raft and pulled her across. Reunited with Thomas in Virginia, the couple settled on Tom's Creek in what became Johnson County in 1800; she died there in 1831. Jenny Wiley State Resort Park on Dewey Lake near Prestonsburg carries her name.","website":"https://explorekyhistory.ky.gov/items/show/359","category":"person","source_date":"2026-09-24","year_start":1789,"year_end":1800,"photo":{"image_url":"/content/photos/stories/jenny-wileys-captivity-and-escape.jpg","title":"Dewey Lake (Jenny Wiley State Resort Park)","source_url":"https://commons.wikimedia.org/wiki/File:Dewey_Lake_fall.jpg","source_label":"Wikimedia Commons","attribution":"U.S. Army Corps of Engineers · Wikimedia Commons · Public domain","local_image_path":"/content/photos/stories/jenny-wileys-captivity-and-escape.jpg"},"yearStart":1789,"yearEnd":1800,"era":"frontier","layer":"history"}},{"type":"Feature","geometry":{"type":"Point","coordinates":[-84.21,38.2]},"properties":{"id":"buckner-site-15bb12-bourbon-county","name":"Buckner Site (15Bb12)","title":"Buckner Site (15Bb12)","subtitle":"Bourbon County · Fort Ancient occupation ~1200–1550 CE","history":"Near Paris in Bourbon County, the Buckner Site (15Bb12) holds two circular Fort Ancient villages around central plazas, occupied mainly about A.D. 1200–1400 and into the early 1500s. Wall-trench houses, shell- and limestone-tempered pottery, triangular points, and a stone-paved McCray Mound mortuary area show maize farmers tied into Ohio Valley exchange. University of Kentucky WPA crews dug there in 1939; later work mapped the rings. It was listed on the National Register in 1983 (address restricted) — Bluegrass country that was already a settled farming landscape centuries before Paris or Bourbon whiskey.","description":"Near Paris in Bourbon County, the Buckner Site (15Bb12) holds two circular Fort Ancient villages around central plazas, occupied mainly about A.D. 1200–1400 and into the early 1500s. Wall-trench houses, shell- and limestone-tempered pottery, triangular points, and a stone-paved McCray Mound mortuary area show maize farmers tied into Ohio Valley exchange. University of Kentucky WPA crews dug there in 1939; later work mapped the rings. It was listed on the National Register in 1983 (address restricted) — Bluegrass country that was already a settled farming landscape centuries before Paris or Bourbon whiskey.","website":"https://en.wikipedia.org/wiki/Buckner_site","category":"archaeology","source_date":"2026-09-24","year_start":1200,"year_end":1550,"photo":{"image_url":"/content/photos/stories/buckner-site-fort-ancient-villages-on-strodes-creek.jpg","title":"Paris, Bourbon County (nearest city to Buckner Site)","source_url":"https://commons.wikimedia.org/wiki/File:Paris_Kentucky.jpg","source_label":"Wikimedia Commons","attribution":"Wikimedia Commons","local_image_path":"/content/photos/stories/buckner-site-fort-ancient-villages-on-strodes-creek.jpg"},"yearStart":1200,"yearEnd":1550,"era":"native","layer":"history"}},{"type":"Feature","geometry":{"type":"Point","coordinates":[-84.831,37.805]},"properties":{"id":"mcgarys-station-shawnee-springs-mercer","name":"McGary's Station / Shawnee Springs","title":"McGary's Station / Shawnee Springs","subtitle":"Mercer County · station ~1779 · McGary at Blue Licks 1782","history":"Irish-born Hugh McGary (1744–1806) came into Kentucky in 1775 with Boone's party, settled near Fort Harrod, and built McGary's Station around 1779 at Shawnee Springs in today's Mercer County. On August 19, 1782, as a major under Col. John Todd, he commanded the center at Blue Licks. When Boone warned of an ambush at the Licking Ford, McGary rode across shouting for anyone who wasn't a coward to follow. The militia plunged into the trap; roughly seventy Kentuckians fell in minutes, including Todd and Israel Boone. McGary survived—and later killed the surrendered Shawnee chief Moluntha on Logan's 1786 Ohio raid, earning a court-martial suspension.","description":"Irish-born Hugh McGary (1744–1806) came into Kentucky in 1775 with Boone's party, settled near Fort Harrod, and built McGary's Station around 1779 at Shawnee Springs in today's Mercer County. On August 19, 1782, as a major under Col. John Todd, he commanded the center at Blue Licks. When Boone warned of an ambush at the Licking Ford, McGary rode across shouting for anyone who wasn't a coward to follow. The militia plunged into the trap; roughly seventy Kentuckians fell in minutes, including Todd and Israel Boone. McGary survived—and later killed the surrendered Shawnee chief Moluntha on Logan's 1786 Ohio raid, earning a court-martial suspension.","website":"https://en.wikipedia.org/wiki/Hugh_McGary","category":"frontier","source_date":"2026-09-25","year_start":1779,"year_end":1782,"photo":{"image_url":"/content/photos/stories/hugh-mcgary-the-blue-licks-hothead.jpg","title":"Blue Licks Battlefield monument","source_url":"https://commons.wikimedia.org/wiki/File:Blue_Licks_Battlefield_monument.jpg","source_label":"Wikimedia Commons","attribution":"Nyttend · Wikimedia Commons · Public domain","year":null},"yearStart":1779,"yearEnd":1782,"era":"frontier","layer":"history"}},{"type":"Feature","geometry":{"type":"Point","coordinates":[-85.0577313,38.2622928]},"properties":{"id":"bagdad-shelby-county","name":"Bagdad / Consolation rail stop","title":"Bagdad / Consolation rail stop","subtitle":"Shelby County · L&F Railroad ~1850 · post office 1861","history":"Northeastern Shelby County's Bagdad grew because the Louisville and Frankfort Railroad reached the area about 1850. Earlier settlers clustered at Consolation, roughly a mile east, with a post office from 1849; once the depot and mill sat on the line, people drifted west and Consolation faded. On October 12, 1861, the Christiansburg post office moved to the station and took the name Bagdad, with Richard Radford as first postmaster. The place became a shipping point for flour, meal, livestock, and tobacco. Bagdad still sits at KY 12 and 395, about eleven miles northeast of Shelbyville.","description":"Northeastern Shelby County's Bagdad grew because the Louisville and Frankfort Railroad reached the area about 1850. Earlier settlers clustered at Consolation, roughly a mile east, with a post office from 1849; once the depot and mill sat on the line, people drifted west and Consolation faded. On October 12, 1861, the Christiansburg post office moved to the station and took the name Bagdad, with Richard Radford as first postmaster. The place became a shipping point for flour, meal, livestock, and tobacco. Bagdad still sits at KY 12 and 395, about eleven miles northeast of Shelbyville.","website":"https://en.wikipedia.org/wiki/Bagdad,_Kentucky","category":"town","source_date":"2026-09-25","year_start":1850,"year_end":1861,"photo":{"image_url":"/content/photos/stories/bagdad-how-a-shelby-county-rail-stop-took-over-consolation.jpg","title":"Shelby County Courthouse, Shelbyville","source_url":"https://commons.wikimedia.org/wiki/File:Shelby_County_Courthouse_%E2%80%94_Shelbyville%2C_Kentucky.jpg","source_label":"Wikimedia Commons","attribution":"Christopher L. Riley · Wikimedia Commons · CC BY-SA 4.0","year":null},"yearStart":1850,"yearEnd":1861,"era":"early-commonwealth","layer":"history"}},{"type":"Feature","geometry":{"type":"Point","coordinates":[-84.272709,37.918134]},"properties":{"id":"holders-station-lower-howards-creek","name":"Holder's Station / Lower Howard's Creek","title":"Holder's Station / Lower Howard's Creek","subtitle":"Clark County · station ~1782 · KY River flatboat hub","history":"John Holder (1753–1799) came to Kentucky in 1777, fought under George Rogers Clark, and commanded Fort Boonesborough in 1779. In 1782 he planted Holder's Station about a mile downstream from Boonesborough on the north bank of the Kentucky River, near the mouth of Lower Howard's Creek in what became Clark County. The stockade grew into a store, tavern, ferry, warehouse, mill, and boatyard—a Kentucky River flatboat hub for New Orleans-bound produce and one of the Bluegrass's earliest industrial corridors. He married Fanny Callaway (one of the girls captured with Jemima Boone in 1776), sat as a Clark County justice under Governor Isaac Shelby, and is remembered on Kentucky Historical Marker 1048 and the John Holder Trail at Lower Howard's Creek Nature & Heritage Preserve.","description":"John Holder (1753–1799) came to Kentucky in 1777, fought under George Rogers Clark, and commanded Fort Boonesborough in 1779. In 1782 he planted Holder's Station about a mile downstream from Boonesborough on the north bank of the Kentucky River, near the mouth of Lower Howard's Creek in what became Clark County. The stockade grew into a store, tavern, ferry, warehouse, mill, and boatyard—a Kentucky River flatboat hub for New Orleans-bound produce and one of the Bluegrass's earliest industrial corridors. He married Fanny Callaway (one of the girls captured with Jemima Boone in 1776), sat as a Clark County justice under Governor Isaac Shelby, and is remembered on Kentucky Historical Marker 1048 and the John Holder Trail at Lower Howard's Creek Nature & Heritage Preserve.","website":"https://explorekyhistory.ky.gov/items/show/905","category":"frontier","marker_number":1048,"marker_title":"Colonel John Holder","source_date":"2026-09-26","year_start":1782,"year_end":1799,"photo":{"image_url":"/content/photos/stories/col-john-holder-at-lower-howards-creek.jpg","title":"Fort Boonesborough State Park","source_url":"https://commons.wikimedia.org/wiki/File:Fort_Boonesborough_State_Park_-_October_2023_-_Sarah_Stierch_01.jpg","source_label":"Wikimedia Commons","attribution":"Sarah Stierch · Wikimedia Commons · CC BY 4.0","year":2023},"yearStart":1782,"yearEnd":1799,"era":"frontier","layer":"history"}},{"type":"Feature","geometry":{"type":"Point","coordinates":[-85.2527381,37.5697869]},"properties":{"id":"lebanon-marion-county-seat","name":"Lebanon / Hardin's Creek Meeting House","title":"Lebanon / Hardin's Creek Meeting House","subtitle":"Marion County · meeting house 1789 · town 1814–15 · seat 1834","history":"Lebanon grew around Hardin's Creek Meeting House, a Presbyterian congregation Virginia settlers planted in 1789. The town was formally established in 1814, incorporated in 1815, and named for the biblical Lebanon because of the cedar timber on nearby hills. It sat first in Nelson County, then Washington after 1792; when Marion County was cut from Washington in 1834, Lebanon became the seat—named for South Carolina's Revolutionary \"Swamp Fox,\" Francis Marion. The early church nucleus still marks the center of Marion County's map.","description":"Lebanon grew around Hardin's Creek Meeting House, a Presbyterian congregation Virginia settlers planted in 1789. The town was formally established in 1814, incorporated in 1815, and named for the biblical Lebanon because of the cedar timber on nearby hills. It sat first in Nelson County, then Washington after 1792; when Marion County was cut from Washington in 1834, Lebanon became the seat—named for South Carolina's Revolutionary \"Swamp Fox,\" Francis Marion. The early church nucleus still marks the center of Marion County's map.","website":"https://explorekyhistory.ky.gov/items/show/259","category":"town","marker_number":867,"marker_title":"Lebanon","source_date":"2026-09-26","year_start":1789,"year_end":1834,"photo":{"image_url":"/content/photos/stories/lebanon-cedars-meeting-house-county-seat.jpg","title":"Marion County Courthouse, Lebanon","source_url":"https://commons.wikimedia.org/wiki/File:Marion_County_Kentucky_courthouse.jpg","source_label":"Wikimedia Commons","attribution":"W.marsh · Wikimedia Commons · CC BY-SA 3.0","year":null},"yearStart":1789,"yearEnd":1834,"era":"frontier","layer":"history"}},{"type":"Feature","geometry":{"type":"Point","coordinates":[-83.96,37.69]},"properties":{"id":"sweet-lick-knob-fort-ancient-estill","name":"Sweet Lick Knob Fort Ancient public building","title":"Sweet Lick Knob Fort Ancient public building","subtitle":"Estill County · Fort Ancient public building ~1400–1450 CE","history":"On the Kentucky River floodplain below Sweet Lick Knob near Irvine in Estill County, Fort Ancient people used a large rectangular public building from about 1400 to 1450 CE. University of Kentucky excavations documented a structure about 42 by 28 feet (roughly 1,176 square feet) with three deep sacred-pole pits and two rectangular hearths down the center—likely a place for periodic social or ritual meetings. Floor finds include every stage of sandstone disk production and ornaments of eastern Kentucky cannel coal. The site sits where mountain rockshelters to the east meet lowland villages to the west; the knob itself may have served as a landmark drawing dispersed Fort Ancient groups together. (Distinct from the Estill Springs resort pin, which notes Sweet Lick Knob views.)","description":"On the Kentucky River floodplain below Sweet Lick Knob near Irvine in Estill County, Fort Ancient people used a large rectangular public building from about 1400 to 1450 CE. University of Kentucky excavations documented a structure about 42 by 28 feet (roughly 1,176 square feet) with three deep sacred-pole pits and two rectangular hearths down the center—likely a place for periodic social or ritual meetings. Floor finds include every stage of sandstone disk production and ornaments of eastern Kentucky cannel coal. The site sits where mountain rockshelters to the east meet lowland villages to the west; the knob itself may have served as a landmark drawing dispersed Fort Ancient groups together. (Distinct from the Estill Springs resort pin, which notes Sweet Lick Knob views.)","website":"https://archaeology.ky.gov/Find-a-Site/Pages/Sweet-Lick-Knob.aspx","category":"archaeology","source_date":"2026-09-26","year_start":1400,"year_end":1450,"photo":{"image_url":"/content/photos/stories/sweet-lick-knob-fort-ancient-gathering-place.jpg","title":"Estill County Courthouse, Irvine","source_url":"https://commons.wikimedia.org/wiki/File:Estill_County,_Kentucky_courthouse.jpg","source_label":"Wikimedia Commons","attribution":"Wikimedia Commons · Public domain","year":null},"yearStart":1400,"yearEnd":1450,"era":"native","layer":"history"}},{"type":"Feature","geometry":{"type":"Point","coordinates":[-84.3304592,38.6767366]},"properties":{"id":"falmouth-licking-forks-pendleton","name":"Falmouth at the Licking Forks","title":"Falmouth at the Licking Forks","subtitle":"Pendleton County · town 1793 · county seat from 1799","history":"Falmouth was established in 1793 at the confluence of the Main Licking and South Licking in what became Pendleton County. Virginians who settled there named it for Falmouth in Stafford County, Virginia. Pendleton County was formed in 1798 from parts of Bracken and Campbell (organized 1799) and named for Virginia statesman Edmund Pendleton; Falmouth has been the county seat ever since. The forks made the spot a natural river landing—Colonel Henry Bird's 1780 British–Indian expedition passed this way toward Ruddell's and Martin's Stations—and the town still sits where those two Licking branches meet, about thirty-nine miles south of Cincinnati.","description":"Falmouth was established in 1793 at the confluence of the Main Licking and South Licking in what became Pendleton County. Virginians who settled there named it for Falmouth in Stafford County, Virginia. Pendleton County was formed in 1798 from parts of Bracken and Campbell (organized 1799) and named for Virginia statesman Edmund Pendleton; Falmouth has been the county seat ever since. The forks made the spot a natural river landing—Colonel Henry Bird's 1780 British–Indian expedition passed this way toward Ruddell's and Martin's Stations—and the town still sits where those two Licking branches meet, about thirty-nine miles south of Cincinnati.","website":"https://en.wikipedia.org/wiki/Falmouth,_Kentucky","category":"town","source_date":"2026-09-26","year_start":1793,"year_end":1799,"photo":{"image_url":"/content/photos/stories/falmouth-at-the-licking-forks.jpg","title":"Pendleton County Courthouse, Falmouth","source_url":"https://commons.wikimedia.org/wiki/File:Pendleton_County_Courthouse,_Main_Street_and_Shelby_Street,_Falmouth,_KY.jpg","source_label":"Wikimedia Commons","attribution":"w_lemay · Wikimedia Commons · CC BY-SA 2.0","year":null},"yearStart":1793,"yearEnd":1799,"era":"early-commonwealth","layer":"history"}},{"type":"Feature","geometry":{"type":"Point","coordinates":[-84.7208,37.6048]},"properties":{"id":"worthingtons-fort-danville","name":"Worthington's Fort (Edward Worthington)","title":"Worthington's Fort (Edward Worthington)","subtitle":"Boyle County · fort ~1779 · 4 mi SE of Danville","history":"Irish-born Edward Worthington (c. 1754–1804) reached the Kentucky country as a surveyor on Beargrass Creek by 1775, fought in Lord Dunmore's War, and was wounded defending McClelland's Station against Mingo warriors under Pluggy on December 29, 1776. As a captain and paymaster under George Rogers Clark he helped take Vincennes (1779), then planted Worthington's Fort about four miles southeast of present Danville. In 1780 Clark ordered his company to build Fort Jefferson on the Chickasaw Bluffs near the Ohio–Mississippi confluence; continuous Chickasaw pressure forced its abandonment in 1781. Worthington later died of yellow fever in New Orleans while chasing a land-fraud suit.","description":"Irish-born Edward Worthington (c. 1754–1804) reached the Kentucky country as a surveyor on Beargrass Creek by 1775, fought in Lord Dunmore's War, and was wounded defending McClelland's Station against Mingo warriors under Pluggy on December 29, 1776. As a captain and paymaster under George Rogers Clark he helped take Vincennes (1779), then planted Worthington's Fort about four miles southeast of present Danville. In 1780 Clark ordered his company to build Fort Jefferson on the Chickasaw Bluffs near the Ohio–Mississippi confluence; continuous Chickasaw pressure forced its abandonment in 1781. Worthington later died of yellow fever in New Orleans while chasing a land-fraud suit.","website":"https://en.wikipedia.org/wiki/Edward_Worthington","category":"frontier","source_date":"2026-09-27","year_start":1779,"year_end":1781,"yearStart":1779,"yearEnd":1781,"era":"frontier","layer":"history"}},{"type":"Feature","geometry":{"type":"Point","coordinates":[-89.08979167,36.95310833]},"properties":{"id":"fort-jefferson-ballard-1780","name":"Fort Jefferson (Clark's post on the Mississippi)","title":"Fort Jefferson (Clark's post on the Mississippi)","subtitle":"Ballard County · Virginia post 1780–1781 · Worthington's company","history":"In 1780 George Rogers Clark ordered Capt. Edward Worthington's company of the Illinois Regiment to occupy the bluffs just below the Ohio–Mississippi confluence and build Fort Jefferson, anchoring Virginia's claim to the Mississippi and guarding Illinois County against river-borne threats from the south. Settler families joined a small civil town (Clarksville) beside the post, but the fort sat on Chickasaw land without their consent; continuous Chickasaw pressure, sickness, and short supplies made it indefensible, and Worthington withdrew the garrison and abandoned it in 1781. Fort Jefferson Hill at Wickliffe, with its memorial cross above the confluence, marks the vicinity today (KHS marker 1309, Fort Jefferson Site).","description":"In 1780 George Rogers Clark ordered Capt. Edward Worthington's company of the Illinois Regiment to occupy the bluffs just below the Ohio–Mississippi confluence and build Fort Jefferson, anchoring Virginia's claim to the Mississippi and guarding Illinois County against river-borne threats from the south. Settler families joined a small civil town (Clarksville) beside the post, but the fort sat on Chickasaw land without their consent; continuous Chickasaw pressure, sickness, and short supplies made it indefensible, and Worthington withdrew the garrison and abandoned it in 1781. Fort Jefferson Hill at Wickliffe, with its memorial cross above the confluence, marks the vicinity today (KHS marker 1309, Fort Jefferson Site).","website":"https://en.wikipedia.org/wiki/Fort_Jefferson_(Kentucky)","category":"frontier","marker_number":1309,"marker_title":"Fort Jefferson Site","source_date":"2026-09-27","year_start":1780,"year_end":1781,"photo":{"image_url":"/content/photos/stories/edward-worthington-at-worthingtons-fort.jpg","title":"Fort Jefferson Hill above the Ohio–Mississippi confluence, Wickliffe","source_url":"https://commons.wikimedia.org/wiki/File:Fort-Jefferson-Memorial-Cross-at-the-Confluence-ky.jpg","source_label":"Wikimedia Commons","attribution":"Brian Stansberry · Wikimedia Commons · CC BY 4.0","year":2018},"yearStart":1780,"yearEnd":1781,"era":"frontier","layer":"history"}},{"type":"Feature","geometry":{"type":"Point","coordinates":[-88.5988667,37.0864667]},"properties":{"id":"paducah-1827-clark-plat","name":"Paducah — 1827 William Clark plat","title":"Paducah — 1827 William Clark plat","subtitle":"McCracken County · platted 1827 · incorporated 1830 · seat 1832","history":"After the 1818 Jackson Purchase opened Chickasaw land west of the Tennessee River, a small landing called Pekin grew at the Ohio–Tennessee confluence. In 1827 William Clark (of Lewis and Clark, then Superintendent of Indian Affairs) platted a town on that ground and named it Paducah for the Padouca, a people he had known on the plains and believed nearly erased by European expansion—not the later folk legend of a Chickasaw \"Chief Paduke.\" The town incorporated in 1830 and became McCracken County's seat in 1832, riding steamboat traffic into a river-and-rail hub.","description":"After the 1818 Jackson Purchase opened Chickasaw land west of the Tennessee River, a small landing called Pekin grew at the Ohio–Tennessee confluence. In 1827 William Clark (of Lewis and Clark, then Superintendent of Indian Affairs) platted a town on that ground and named it Paducah for the Padouca, a people he had known on the plains and believed nearly erased by European expansion—not the later folk legend of a Chickasaw \"Chief Paduke.\" The town incorporated in 1830 and became McCracken County's seat in 1832, riding steamboat traffic into a river-and-rail hub.","website":"https://en.wikipedia.org/wiki/Paducah,_Kentucky","category":"town","marker_number":1111,"marker_title":"Paducah's Indian Name","source_date":"2026-09-27","year_start":1827,"year_end":1832,"photo":{"image_url":"/content/photos/stories/paducah-at-the-tennessee-mouth.jpg","title":"Broadway, downtown Paducah","source_url":"https://commons.wikimedia.org/wiki/File:Broadway_-_Paducah,_Kentucky.jpg","source_label":"Wikimedia Commons","attribution":"Farragutful · Wikimedia Commons · CC BY-SA 4.0","year":2018},"yearStart":1827,"yearEnd":1832,"era":"early-commonwealth","layer":"history"}},{"type":"Feature","geometry":{"type":"Point","coordinates":[-87.95,37.66]},"properties":{"id":"slack-farm-15un28-union-county","name":"Slack Farm (15Un28) Caborn-Welborn village","title":"Slack Farm (15Un28) Caborn-Welborn village","subtitle":"Union County · Caborn-Welborn village ~1400–1700 CE","history":"On the Ohio River floodplain in Union County, Slack Farm was a large Caborn-Welborn Mississippian village occupied about 1400–1700 CE. Across roughly 75 acres, residents built at least seven residential clusters with wall-trench wattle-and-daub houses, deep corn-storage pits, and cemeteries oriented toward plazas. Long-distance trade reached north for catlinite and south for Nodena points and marine shell; by about 1550, glass beads and reworked brass show indirect European contact. After severe looting in 1987, Kentucky Heritage Council, University of Kentucky, and Indiana University crews—with hundreds of volunteers—mapped more than 450 looter holes and documented the village layout before reinterring remains on site.","description":"On the Ohio River floodplain in Union County, Slack Farm was a large Caborn-Welborn Mississippian village occupied about 1400–1700 CE. Across roughly 75 acres, residents built at least seven residential clusters with wall-trench wattle-and-daub houses, deep corn-storage pits, and cemeteries oriented toward plazas. Long-distance trade reached north for catlinite and south for Nodena points and marine shell; by about 1550, glass beads and reworked brass show indirect European contact. After severe looting in 1987, Kentucky Heritage Council, University of Kentucky, and Indiana University crews—with hundreds of volunteers—mapped more than 450 looter holes and documented the village layout before reinterring remains on site.","website":"https://archaeology.ky.gov/Find-a-Site/Pages/Slack-Farm.aspx","category":"archaeology","source_date":"2026-09-27","year_start":1400,"year_end":1700,"photo":{"image_url":"/content/photos/stories/slack-farm-15un28-union-county.jpg","title":"Ohio River at Uniontown, Union County — the floodplain setting of Slack Farm","source_url":"https://commons.wikimedia.org/wiki/File:Uniontown-Ohio-River-ky.jpg","source_label":"Wikimedia Commons","attribution":"Brian Stansberry · Wikimedia Commons · CC BY 4.0","year":2020},"yearStart":1400,"yearEnd":1700,"era":"native","layer":"history"}},{"type":"Feature","geometry":{"type":"Point","coordinates":[-84.558316,37.577915]},"properties":{"id":"craigs-station-travelling-church-gilberts-creek","name":"Craig's Station / Travelling Church (Gilbert's Creek)","title":"Craig's Station / Travelling Church (Gilbert's Creek)","subtitle":"Garrard County · Travelling Church arrives Dec 1781 · near Lancaster","history":"In fall–winter 1781, Rev. Lewis Craig led roughly 200 Baptists and about 400 other settlers from Spotsylvania County, Virginia—the largest single pioneer party yet to enter the Kentucky District. Capt. William Ellis guided the train through Cumberland Gap; they raised a fortified meetinghouse and Craig's Station at Gilbert's Creek (near present Lancaster) that December. Members later founded Gilbert's Creek Baptist (still active), South Elkhorn, Clear Creek, and other congregations that seeded central Kentucky's Baptist landscape. Lewis's brother Elijah stayed behind in Virginia awhile to press for religious liberty with James Madison before following west.","description":"In fall–winter 1781, Rev. Lewis Craig led roughly 200 Baptists and about 400 other settlers from Spotsylvania County, Virginia—the largest single pioneer party yet to enter the Kentucky District. Capt. William Ellis guided the train through Cumberland Gap; they raised a fortified meetinghouse and Craig's Station at Gilbert's Creek (near present Lancaster) that December. Members later founded Gilbert's Creek Baptist (still active), South Elkhorn, Clear Creek, and other congregations that seeded central Kentucky's Baptist landscape. Lewis's brother Elijah stayed behind in Virginia awhile to press for religious liberty with James Madison before following west.","website":"https://en.wikipedia.org/wiki/The_Travelling_Church","category":"frontier","marker_title":"The Travelling Church, 1781 (Colonial Dames memorial)","source_date":"2026-09-27","year_start":1781,"year_end":1783,"photo":{"image_url":"/content/photos/stories/the-travelling-church-1781.jpg","title":"Travelling Church, 1781 memorial below the Gilbert's Creek hilltop church site","source_url":"https://commons.wikimedia.org/wiki/File:Roadside_marker_with_hilltop_church_site_behind.JPG","source_label":"Wikimedia Commons","attribution":"Olorin3k · Wikimedia Commons · CC BY-SA 4.0","year":2011},"yearStart":1781,"yearEnd":1783,"era":"frontier","layer":"history"}},{"type":"Feature","geometry":{"type":"Point","coordinates":[-83.7622,38.6488]},"properties":{"id":"hubbell-flatboat-fight-limestone-1791","name":"Hubbell's Flatboat Fight — Limestone Landing","title":"Hubbell's Flatboat Fight — Limestone Landing","subtitle":"Mason County · Ohio River flatboat stand, March 23 1791 · landed at Limestone (Maysville)","history":"On March 23, 1791, Capt. William Hubbell of the Frankfort frontier was taking a flatboat down the Ohio toward Limestone (today’s Maysville) with Daniel Light, William Plascut’s family, and others—about twenty souls after late pickups. At dawn near the Kanawha country, three Indian canoes closed in. Hubbell’s nine armed men held a running fight; he kept firing after a ball wrecked his gun lock, used a firebrand to touch off another shot, then drove boarders back with pistols and firewood even after a bullet tore his right arm. Two of his men died in the boat, another later at Limestone; the women and children survived. The party reached Limestone that night. A companion boat under Capt. Greathouse, which had not prepared to fight, was taken ashore with grim results.","description":"On March 23, 1791, Capt. William Hubbell of the Frankfort frontier was taking a flatboat down the Ohio toward Limestone (today’s Maysville) with Daniel Light, William Plascut’s family, and others—about twenty souls after late pickups. At dawn near the Kanawha country, three Indian canoes closed in. Hubbell’s nine armed men held a running fight; he kept firing after a ball wrecked his gun lock, used a firebrand to touch off another shot, then drove boarders back with pistols and firewood even after a bullet tore his right arm. Two of his men died in the boat, another later at Limestone; the women and children survived. The party reached Limestone that night. A companion boat under Capt. Greathouse, which had not prepared to fight, was taken ashore with grim results.","website":"https://accessgenealogy.com/kentucky/narrative-captivity-capt-william-hubbell-indian-captivities.htm","category":"frontier","source_date":"2026-09-28","year_start":1791,"year_end":1791,"photo":{"image_url":"/content/photos/stories/capt-william-hubbells-ohio-flatboat-stand-1791.jpg","title":"Maysville (old Limestone landing) seen across the Ohio River from Aberdeen, Ohio","source_url":"https://commons.wikimedia.org/wiki/File:Maysville-from-Aberdeen-kyoh.jpg","source_label":"Wikimedia Commons","attribution":"Brian Stansberry · Wikimedia Commons · CC BY 4.0","year":2019},"yearStart":1791,"yearEnd":1791,"era":"frontier","layer":"history"}},{"type":"Feature","geometry":{"type":"Point","coordinates":[-84.0057628,38.7717376]},"properties":{"id":"augusta-founding-philip-buckner","name":"Augusta founding / Capt. Philip Buckner","title":"Augusta founding / Capt. Philip Buckner","subtitle":"Bracken County · 600-acre town grant 1797 · early county seat","history":"Captain Philip Buckner, a Revolutionary War commissary officer with Virginia land grants in what became Bracken County, gave 600 acres to lay out Augusta in 1797. The Kentucky legislature chartered the river town that October; Augusta served as Bracken’s early county seat. Buckner later sat in the 1799 constitutional convention and the legislature, and lived many years at Woodlawn before dying in 1830. Augusta’s Ohio-River landing put northeastern Kentucky on a main corridor between Limestone and Cincinnati long before Covington filled the Licking Point.","description":"Captain Philip Buckner, a Revolutionary War commissary officer with Virginia land grants in what became Bracken County, gave 600 acres to lay out Augusta in 1797. The Kentucky legislature chartered the river town that October; Augusta served as Bracken’s early county seat. Buckner later sat in the 1799 constitutional convention and the legislature, and lived many years at Woodlawn before dying in 1830. Augusta’s Ohio-River landing put northeastern Kentucky on a main corridor between Limestone and Cincinnati long before Covington filled the Licking Point.","website":"https://history.ky.gov/markers/founder-of-augusta","category":"town","marker_number":1502,"marker_title":"Founder of Augusta","source_date":"2026-09-28","year_start":1797,"year_end":1797,"photo":{"image_url":"/content/photos/stories/augusta-on-the-ohio-1797.jpg","title":"Augusta's Ohio River frontage seen from the river","source_url":"https://commons.wikimedia.org/wiki/File:Augustariverline.jpg","source_label":"Wikimedia Commons","attribution":"Augustaky · Wikimedia Commons · CC BY-SA 3.0","year":2012},"yearStart":1797,"yearEnd":1797,"era":"early-commonwealth","layer":"history"}},{"type":"Feature","geometry":{"type":"Point","coordinates":[-84.293761,38.262614]},"properties":{"id":"martins-station-egushawa-odawa-1780","name":"Egushawa's Odawa at Martin's Station","title":"Egushawa's Odawa at Martin's Station","subtitle":"Bourbon County · Odawa war chief with Bird's invasion · Martin's Station 1780 · Greenville 1795","history":"Egushawa (also Au-goosh-away), the Detroit-area Odawa war chief often treated as Pontiac’s successor, helped Britain recruit Wabash and Great Lakes allies against Kentucky settlements. In 1780 he led an Ottawa contingent with Capt. Henry Bird’s cannon-backed invasion that forced the surrenders at Ruddell’s and Martin’s stations and marched hundreds of prisoners north toward Detroit. After 1783 he rejected land cessions made without tribal consent, fought in the Northwest Confederacy’s victories over Harmar and St. Clair, was wounded at Fallen Timbers in 1794, and signed Greenville in 1795 as a principal Ottawa spokesman—tying Odawa strategy on the Maumee and Detroit to the raids that shaped Kentucky’s last Revolutionary decade.","description":"Egushawa (also Au-goosh-away), the Detroit-area Odawa war chief often treated as Pontiac’s successor, helped Britain recruit Wabash and Great Lakes allies against Kentucky settlements. In 1780 he led an Ottawa contingent with Capt. Henry Bird’s cannon-backed invasion that forced the surrenders at Ruddell’s and Martin’s stations and marched hundreds of prisoners north toward Detroit. After 1783 he rejected land cessions made without tribal consent, fought in the Northwest Confederacy’s victories over Harmar and St. Clair, was wounded at Fallen Timbers in 1794, and signed Greenville in 1795 as a principal Ottawa spokesman—tying Odawa strategy on the Maumee and Detroit to the raids that shaped Kentucky’s last Revolutionary decade.","website":"https://en.wikipedia.org/wiki/Egushawa","category":"person","marker_number":150,"marker_title":"Martin's Station","source_date":"2026-09-28","year_start":1780,"year_end":1795,"photo":{"image_url":"/content/photos/stories/egushawa-and-the-odawa-in-kentuckys-war-years.jpg","title":"Treaty of Greenville (1795) — Egushawa was among the Odawa signers","source_url":"https://commons.wikimedia.org/wiki/File:Treaty_of_Greenville.jpg","source_label":"Wikimedia Commons","attribution":"Oneida County Historical Society / Wikimedia Commons · Public domain","year":1795},"yearStart":1780,"yearEnd":1795,"era":"frontier","layer":"history"}},{"type":"Feature","geometry":{"type":"Point","coordinates":[-83.59,37.94]},"properties":{"id":"cloudsplitter-rockshelter-15mf36-menifee-county","name":"Cloudsplitter Rockshelter (15Mf36)","title":"Cloudsplitter Rockshelter (15Mf36)","subtitle":"Menifee County · Red River Gorge · Late Archaic squash & early plant tending","history":"In the Red River Gorge sandstone country, Cloudsplitter Rockshelter holds a deep Archaic-to-Early Woodland record. Dry sand preserved a roughly 3,700-year-old squash rind—early evidence that people here were tending plants—as well as chipped and ground stone tools and pollen that tracks climate change. Later Woodland layers at Cloudsplitter and neighboring Gorge shelters (Newt Kash, Haystack, Rogers) show storage pits, seed crops such as sunflower, sumpweed, maygrass, and knotweed, and a shift from nut-heavy foraging toward small-scale gardens. The Gorge’s dry shelters are why eastern Kentucky figures so largely in the story of plant domestication in eastern North America.","description":"In the Red River Gorge sandstone country, Cloudsplitter Rockshelter holds a deep Archaic-to-Early Woodland record. Dry sand preserved a roughly 3,700-year-old squash rind—early evidence that people here were tending plants—as well as chipped and ground stone tools and pollen that tracks climate change. Later Woodland layers at Cloudsplitter and neighboring Gorge shelters (Newt Kash, Haystack, Rogers) show storage pits, seed crops such as sunflower, sumpweed, maygrass, and knotweed, and a shift from nut-heavy foraging toward small-scale gardens. The Gorge’s dry shelters are why eastern Kentucky figures so largely in the story of plant domestication in eastern North America.","website":"https://www.livingarchaeologyweekend.org/_files/ugd/facae2_6e9670882c8d4fab7707d41bb9aeb65b.pdf","category":"archaeology","source_date":"2026-09-28","year_start":-3000,"year_end":-1000,"photo":{"image_url":"/content/photos/stories/cloudsplitter-rockshelter-menifee-county.jpg","title":"Sandstone cliffs in the Red River Gorge Geological Area","source_url":"https://commons.wikimedia.org/wiki/File:Red_river_gorge_(1698844416).jpg","source_label":"Wikimedia Commons","attribution":"Ken Lund · Wikimedia Commons · CC BY-SA 2.0","year":2007},"yearStart":-3000,"yearEnd":-1000,"era":"prehistoric","layer":"history"}},{"type":"Feature","geometry":{"type":"Point","coordinates":[-84.7710855,37.6451148]},"properties":{"id":"ephraim-mcdowell-house-danville-1809","name":"Ephraim McDowell House — first ovariotomy (1809)","title":"Ephraim McDowell House — first ovariotomy (1809)","subtitle":"Boyle County · Danville · Jane Todd Crawford surgery, Dec 25 1809","history":"On Christmas Day 1809 in Danville, Dr. Ephraim McDowell—Scotch-Irish, Edinburgh-trained, practicing on the Kentucky frontier since 1795—removed a 22.5-pound ovarian tumor from Jane Todd Crawford of Greensburg. She had ridden roughly sixty miles believing she was overdue in pregnancy; McDowell diagnosed a cyst and operated in his home without anesthesia or antisepsis while assistants held her. The surgery lasted about twenty-five minutes. Crawford recovered and lived more than three decades more. McDowell’s later reports helped prove that opening the abdomen need not be a death sentence, making Danville a landmark in the history of surgery west of the Alleghenies.","description":"On Christmas Day 1809 in Danville, Dr. Ephraim McDowell—Scotch-Irish, Edinburgh-trained, practicing on the Kentucky frontier since 1795—removed a 22.5-pound ovarian tumor from Jane Todd Crawford of Greensburg. She had ridden roughly sixty miles believing she was overdue in pregnancy; McDowell diagnosed a cyst and operated in his home without anesthesia or antisepsis while assistants held her. The surgery lasted about twenty-five minutes. Crawford recovered and lived more than three decades more. McDowell’s later reports helped prove that opening the abdomen need not be a death sentence, making Danville a landmark in the history of surgery west of the Alleghenies.","website":"https://en.wikipedia.org/wiki/Ephraim_McDowell","category":"person","source_date":"2026-09-28","year_start":1809,"year_end":1809,"photo":{"image_url":"/content/photos/stories/ephraim-mcdowell-jane-todd-crawford-1809.jpg","title":"Ephraim McDowell House (with apothecary wing), South Second Street, Danville","source_url":"https://commons.wikimedia.org/wiki/File:Ephraim_McDowell_House_%E2%80%94_Danville,_Kentucky.jpg","source_label":"Wikimedia Commons","attribution":"Christopher L. Riley · Wikimedia Commons · CC BY-SA 4.0","year":2020},"yearStart":1809,"yearEnd":1809,"era":"early-commonwealth","layer":"history"}},{"type":"Feature","geometry":{"type":"Point","coordinates":[-84.7507333,38.8878833]},"properties":{"id":"mary-ingles-big-bone-lick-escape-1755","name":"Mary Ingles at Big Bone Lick (1755 escape)","title":"Mary Ingles at Big Bone Lick (1755 escape)","subtitle":"Boone County · Shawnee captive at the salt camp · escape ~mid-Oct 1755 · KHS marker","history":"In July 1755 a Shawnee war party struck Draper's Meadow on the Virginia frontier and carried Mary Draper Ingles, then about twenty-three and pregnant, west with her two young sons. After the long march to the Ohio villages she was put to work at a salt-making camp at Big Bone Lick in what is now Boone County—among the earliest recorded European women on Kentucky ground. Around mid-October she slipped away with an older Dutch captive woman and walked the Ohio, Kanawha, and New River corridors for roughly forty-two days, foraging on walnuts, grapes, and roots until she reached a New River cabin near her old home. Her son Thomas was later ransomed; she lived until 1815. The Kentucky Historical Society marker at Big Bone Lick still marks the breakout that turned a captivity story into one of the frontier's great return journeys.","description":"In July 1755 a Shawnee war party struck Draper's Meadow on the Virginia frontier and carried Mary Draper Ingles, then about twenty-three and pregnant, west with her two young sons. After the long march to the Ohio villages she was put to work at a salt-making camp at Big Bone Lick in what is now Boone County—among the earliest recorded European women on Kentucky ground. Around mid-October she slipped away with an older Dutch captive woman and walked the Ohio, Kanawha, and New River corridors for roughly forty-two days, foraging on walnuts, grapes, and roots until she reached a New River cabin near her old home. Her son Thomas was later ransomed; she lived until 1815. The Kentucky Historical Society marker at Big Bone Lick still marks the breakout that turned a captivity story into one of the frontier's great return journeys.","website":"https://history.ky.gov/markers/mary-ingles-2","category":"person","marker_number":859,"marker_title":"Mary Ingles","source_date":"2026-09-29","year_start":1755,"year_end":1755,"photo":{"image_url":"/content/photos/stories/mary-draper-ingles-escapes-through-kentucky-1755.jpg","title":"Big Bone Lick State Park entrance sign, Boone County","source_url":"https://commons.wikimedia.org/wiki/File:Bigbonelick.jpg","source_label":"Wikimedia Commons","attribution":"Mattguyver · Wikimedia Commons · CC BY 3.0","year":null},"yearStart":1755,"yearEnd":1755,"era":"frontier","layer":"history"}},{"type":"Feature","geometry":{"type":"Point","coordinates":[-86.4413471,36.9931724]},"properties":{"id":"bowling-green-founding-bolin-green-1798","name":"Bowling Green founding / Bolin Green (1798)","title":"Bowling Green founding / Bolin Green (1798)","subtitle":"Warren County seat · Robert & George Moore land · Fountain Square · town laid out 1798","history":"Long hunters marked the Barren River country in 1775; McFadden's Station rose on the north bank in 1778. In the mid-1790s brothers Robert and George Moore settled by a big spring, and when Warren County was created they donated land for a log courthouse and jail—today's Fountain Square. On more than thirty additional acres the county court laid out a town in early 1798 and named it Bolin Green, recalling New York's Bowling Green where patriots had pulled down King George's statue. The settlement won the county seat in 1809 and incorporated in 1812, growing into south-central Kentucky's commercial hub on the river and later the Louisville & Nashville road.","description":"Long hunters marked the Barren River country in 1775; McFadden's Station rose on the north bank in 1778. In the mid-1790s brothers Robert and George Moore settled by a big spring, and when Warren County was created they donated land for a log courthouse and jail—today's Fountain Square. On more than thirty additional acres the county court laid out a town in early 1798 and named it Bolin Green, recalling New York's Bowling Green where patriots had pulled down King George's statue. The settlement won the county seat in 1809 and incorporated in 1812, growing into south-central Kentucky's commercial hub on the river and later the Louisville & Nashville road.","website":"https://en.wikipedia.org/wiki/Bowling_Green,_Kentucky","category":"town","source_date":"2026-09-29","year_start":1798,"year_end":1798,"photo":{"image_url":"/content/photos/stories/bowling-green-takes-shape-on-the-barren-1798.jpg","title":"Fountain Square Park, downtown Bowling Green","source_url":"https://commons.wikimedia.org/wiki/File:Fountain_Square_Park,_Bowling_Green,_Kentucky.JPG","source_label":"Wikimedia Commons","attribution":"OPMaster · Wikimedia Commons · CC BY-SA 3.0","year":2008},"yearStart":1798,"yearEnd":1798,"era":"early-commonwealth","layer":"history"}},{"type":"Feature","geometry":{"type":"Point","coordinates":[-84.832567,38.1466899]},"properties":{"id":"old-taylor-distillery-bottled-in-bond-1897","name":"E.H. Taylor Jr. / Old Taylor Distillery — Bottled-in-Bond Act (1897)","title":"E.H. Taylor Jr. / Old Taylor Distillery — Bottled-in-Bond Act (1897)","subtitle":"Franklin County · Millville (Glenn's Creek) · Taylor's castle distillery · Bottled-in-Bond Act signed Mar 3 1897","history":"Colonel Edmund Haynes Taylor Jr. (1830–1923) of Frankfort rebuilt Kentucky whiskey's reputation after the Civil War—raising the O.F.C. (Old Fire Copper) plant in 1869, later the Old Taylor works on Glenn's Creek, and fighting the flood of adulterated \"rectified\" spirits. Working with Treasury Secretary John G. Carlisle, he helped push the Bottled-in-Bond Act, signed March 3, 1897: one distiller, one distillery, one season; at least four years in wood under federal lock; bottled at 100 proof with nothing added but water. It was among the nation's first consumer-protection laws for spirits, and the green bond stamp became the buyer's guarantee that what was in the bottle was straight whiskey—not prune juice and industrial alcohol.","description":"Colonel Edmund Haynes Taylor Jr. (1830–1923) of Frankfort rebuilt Kentucky whiskey's reputation after the Civil War—raising the O.F.C. (Old Fire Copper) plant in 1869, later the Old Taylor works on Glenn's Creek, and fighting the flood of adulterated \"rectified\" spirits. Working with Treasury Secretary John G. Carlisle, he helped push the Bottled-in-Bond Act, signed March 3, 1897: one distiller, one distillery, one season; at least four years in wood under federal lock; bottled at 100 proof with nothing added but water. It was among the nation's first consumer-protection laws for spirits, and the green bond stamp became the buyer's guarantee that what was in the bottle was straight whiskey—not prune juice and industrial alcohol.","website":"https://en.wikipedia.org/wiki/Bottled-in-Bond_Act_of_1897","category":"bourbon","source_date":"2026-09-29","year_start":1897,"year_end":1897,"photo":{"image_url":"/content/photos/stories/e-h-taylor-jr-and-the-bottled-in-bond-act-1897.jpg","title":"Old Taylor Distillery (E.H. Taylor Jr.'s castle distillery), Millville","source_url":"https://commons.wikimedia.org/wiki/File:OldTaylorDistillerCastleRuined.jpg","source_label":"Wikimedia Commons","attribution":"Nicknimh · Wikimedia Commons · CC BY 4.0","year":2016},"yearStart":1897,"yearEnd":1897,"era":"other","layer":"history"}},{"type":"Feature","geometry":{"type":"Point","coordinates":[-84.58,38.29]},"properties":{"id":"singer-hieronymus-fort-ancient-scott-county","name":"Singer-Hieronymus Site Complex (15Sc3 / 15Sc225)","title":"Singer-Hieronymus Site Complex (15Sc3 / 15Sc225)","subtitle":"Scott County · North Elkhorn Creek ridge · circular Fort Ancient villages ~1200–1550","history":"On a broad ridge overlooking North Elkhorn Creek in Scott County, just north of Lexington, Fort Ancient farmers built a chain of circular villages between about A.D. 1200 and 1550. UK archaeologists mapped Singer Village in the late 1990s, then found more rings on the adjoining Hieronymus farm; later geophysics pushed the count to at least six or seven midden stains—concentric house, burial, and trash zones around open plazas, with corn-beans-squash agriculture and two low burial mounds on the largest circle. The complex looks like one community shifting along the ridge over generations, a rare Kentucky window on how Fort Ancient towns moved without leaving the same bluegrass creek.","description":"On a broad ridge overlooking North Elkhorn Creek in Scott County, just north of Lexington, Fort Ancient farmers built a chain of circular villages between about A.D. 1200 and 1550. UK archaeologists mapped Singer Village in the late 1990s, then found more rings on the adjoining Hieronymus farm; later geophysics pushed the count to at least six or seven midden stains—concentric house, burial, and trash zones around open plazas, with corn-beans-squash agriculture and two low burial mounds on the largest circle. The complex looks like one community shifting along the ridge over generations, a rare Kentucky window on how Fort Ancient towns moved without leaving the same bluegrass creek.","website":"https://archaeology.ky.gov/Find-a-Site/Pages/Singer-Hieronymus.aspx","category":"archaeology","source_date":"2026-09-29","year_start":1200,"year_end":1550,"photo":{"image_url":"/content/photos/stories/singer-hieronymus-fort-ancient-villages-on-north-elkhorn.jpg","title":"Fort Ancient artifacts (bone awls, beads, pipes, chunkey discoidals) on display in Maysville, Kentucky","source_url":"https://commons.wikimedia.org/wiki/File:Fort_Ancient_Tools_and_other_artifacts_HRoe_2011.jpg","source_label":"Wikimedia Commons","attribution":"Herb Roe · Wikimedia Commons · CC BY-SA 3.0","year":2011},"yearStart":1200,"yearEnd":1550,"era":"native","layer":"history"}},{"type":"Feature","geometry":{"type":"Point","coordinates":[-84.4600167,38.0137667]},"properties":{"id":"levi-todd-ellerslie-lexington","name":"Levi Todd / Ellerslie (Lexington co-founder)","title":"Levi Todd / Ellerslie (Lexington co-founder)","subtitle":"Fayette County · Levi Todd's Ellerslie on Richmond Road · Lexington trustee 1776, county clerk, Blue Licks major · Kentucky career 1775–1807","history":"Levi Todd (1756–1807) came to Kentucky in 1775 with his brothers John and Robert, helped lay out Lexington’s stockade, and was elected one of its first Gentlemen Trustees in March 1776. He became Kentucky County’s first clerk in 1777, rode with George Rogers Clark’s Illinois campaign (including the capture of Kaskaskia in 1778), and later served decades as Fayette County clerk. In August 1782 he led a forty-man relief column toward Bryan Station, then fought at Blue Licks—where brother Col. John Todd was killed—and wrote one of the earliest official accounts of the defeat. He rose to major general of Kentucky militia, built Ellerslie (Fayette’s first brick house), and was grandfather of Mary Todd Lincoln.","description":"Levi Todd (1756–1807) came to Kentucky in 1775 with his brothers John and Robert, helped lay out Lexington’s stockade, and was elected one of its first Gentlemen Trustees in March 1776. He became Kentucky County’s first clerk in 1777, rode with George Rogers Clark’s Illinois campaign (including the capture of Kaskaskia in 1778), and later served decades as Fayette County clerk. In August 1782 he led a forty-man relief column toward Bryan Station, then fought at Blue Licks—where brother Col. John Todd was killed—and wrote one of the earliest official accounts of the defeat. He rose to major general of Kentucky militia, built Ellerslie (Fayette’s first brick house), and was grandfather of Mary Todd Lincoln.","website":"https://en.wikipedia.org/wiki/Levi_Todd","category":"person","marker_number":1001,"marker_title":"Ellerslie","source_date":"2026-09-30","year_start":1775,"year_end":1807,"photo":{"image_url":"/content/photos/stories/levi-todd-lexington-co-founder.jpg","title":"Levi Todd's signature on a 1778 Kaskaskia promissory note witnessed by George Rogers Clark (archival document)","source_url":"https://commons.wikimedia.org/wiki/File:Promise_to_pay_Anthony_Peltier,_signed_Levi_Todd,_witnessed_by_George_Rogers_Clark,_August_3,_1778_-_DPLA_-_c36847f6ff629adc2678fb7e933c28c0_(page_1).jpg","source_label":"Wikimedia Commons","attribution":"Levi Todd (signer) · Missouri Historical Society via DPLA / Wikimedia Commons · Public domain","year":1778},"yearStart":1775,"yearEnd":1807,"era":"frontier","layer":"history"}},{"type":"Feature","geometry":{"type":"Point","coordinates":[-85.1688889,38.4333333]},"properties":{"id":"new-castle-henry-county-seat-1798","name":"New Castle — Henry County seat (1798)","title":"New Castle — Henry County seat (1798)","subtitle":"Henry County · county cut from Shelby 1798 · courthouse square · incorporated 1817","history":"When the General Assembly cut Henry County from Shelby County in 1798 and named it for Virginia’s Patrick Henry, New Castle was fixed as the seat—just north of Shelby County, inside the Louisville–Lexington–Cincinnati triangle. Landowners opened a courthouse square; the town was incorporated in 1817 and is counted among Kentucky’s oldest incorporated communities. Tobacco, hay, and cattle long carried the surrounding farms, and the courthouse square still anchors a preserved downtown. The 1863 Caplinger House, built by druggist James N. Caplinger, was the Henry County History Center until it was sold in 2017 and became a private residence.","description":"When the General Assembly cut Henry County from Shelby County in 1798 and named it for Virginia’s Patrick Henry, New Castle was fixed as the seat—just north of Shelby County, inside the Louisville–Lexington–Cincinnati triangle. Landowners opened a courthouse square; the town was incorporated in 1817 and is counted among Kentucky’s oldest incorporated communities. Tobacco, hay, and cattle long carried the surrounding farms, and the courthouse square still anchors a preserved downtown. The 1863 Caplinger House, built by druggist James N. Caplinger, was the Henry County History Center until it was sold in 2017 and became a private residence.","website":"https://en.wikipedia.org/wiki/Henry_County,_Kentucky","category":"town","source_date":"2026-09-30","year_start":1798,"year_end":1798,"photo":{"image_url":"/content/photos/stories/new-castle-henry-county-seat.jpg","title":"Henry County courthouse, New Castle","source_url":"https://commons.wikimedia.org/wiki/File:Henry_County,_Kentucky_courthouse.jpg","source_label":"Wikimedia Commons","attribution":"W.marsh · Wikimedia Commons · CC BY-SA 3.0","year":null},"yearStart":1798,"yearEnd":1798,"era":"early-commonwealth","layer":"history"}},{"type":"Feature","geometry":{"type":"Point","coordinates":[-83.88,38.76]},"properties":{"id":"dover-mound-adena-mason-county","name":"Dover Mound (Adena burial mound, Mason County)","title":"Dover Mound (Adena burial mound, Mason County)","subtitle":"Mason County · Ohio River hills near Dover · Adena burial mound · 55 burials reported","history":"On a ridge near Dover in Mason County, the Dover Mound was an Adena (Early Woodland) burial mound. University of Kentucky anthropologists William S. Webb and Charles E. Snow excavated it in the early 1950s and reported fifty-five burials with accompanying artifacts—one of the fuller published Adena mortuary assemblages from northern Kentucky’s Ohio River hills. Their 1959 monograph still anchors what we know of the site and places Dover in the same Adena world as Mount Horeb and other Bluegrass earthworks, centuries before Fort Ancient villages lined the same river.","description":"On a ridge near Dover in Mason County, the Dover Mound was an Adena (Early Woodland) burial mound. University of Kentucky anthropologists William S. Webb and Charles E. Snow excavated it in the early 1950s and reported fifty-five burials with accompanying artifacts—one of the fuller published Adena mortuary assemblages from northern Kentucky’s Ohio River hills. Their 1959 monograph still anchors what we know of the site and places Dover in the same Adena world as Mount Horeb and other Bluegrass earthworks, centuries before Fort Ancient villages lined the same river.","website":"https://www.kentuckypress.com/9780813155630/the-dover-mound/","category":"archaeology","source_date":"2026-09-30","year_start":-800,"year_end":700,"photo":{"image_url":"/content/photos/stories/dover-mound-mason-county.jpg","title":"Adena-culture stone gorgets and points from the Serpent Mound site, Ohio — representative Adena artifacts, not from Dover Mound","source_url":"https://commons.wikimedia.org/wiki/File:Adena_SerpMd_gorget_points_HRoe_2009.jpg","source_label":"Wikimedia Commons","attribution":"Herb Roe (chromesun.com) · Wikimedia Commons · CC BY-SA 3.0","year":2009},"yearStart":-800,"yearEnd":700,"era":"prehistoric","layer":"history"}},{"type":"Feature","geometry":{"type":"Point","coordinates":[-84.41529167,38.07586667]},"properties":{"id":"bryans-station-siege-1782","name":"Bryan Station siege (Aug 15–16, 1782)","title":"Bryan Station siege (Aug 15–16, 1782)","subtitle":"Fayette County · Elkhorn Creek north of Lexington · women at the spring · Caldwell–Girty force","history":"Bryan Station (also Bryan’s / Bryant’s) sat on the south bank of Elkhorn Creek a few miles northeast of Lexington, planted in 1776 by the Bryan brothers and Boone in-laws from North Carolina. On August 15–16, 1782, Capt. William Caldwell, Simon Girty, and several hundred British-allied Wyandot, Lenape, and Shawnee warriors surrounded the fort. Knowing the attackers hoped to ambush men at the spring, the garrison sent the women and girls out with their usual water pails; they filled the fort’s supply and returned unharmed. The siege failed to take the station; when Kentucky militia pursued three days later, they met disaster at Blue Licks.","description":"Bryan Station (also Bryan’s / Bryant’s) sat on the south bank of Elkhorn Creek a few miles northeast of Lexington, planted in 1776 by the Bryan brothers and Boone in-laws from North Carolina. On August 15–16, 1782, Capt. William Caldwell, Simon Girty, and several hundred British-allied Wyandot, Lenape, and Shawnee warriors surrounded the fort. Knowing the attackers hoped to ambush men at the spring, the garrison sent the women and girls out with their usual water pails; they filled the fort’s supply and returned unharmed. The siege failed to take the station; when Kentucky militia pursued three days later, they met disaster at Blue Licks.","website":"https://en.wikipedia.org/wiki/Bryan_Station","category":"frontier","marker_number":21,"marker_title":"Bryan's Station","source_date":"2026-09-30","year_start":1782,"year_end":1782,"photo":{"image_url":"/content/photos/stories/bryan-station-siege-august-1782.jpg","title":"Kentucky Historical Marker 21, Bryan's Station (Fayette County)","source_url":"https://commons.wikimedia.org/wiki/File:Bryan%27s_Station.jpg","source_label":"Wikimedia Commons","attribution":"Kurt W. Krouse · Wikimedia Commons · CC BY-SA 4.0","year":2019},"yearStart":1782,"yearEnd":1782,"era":"frontier","layer":"history"}},{"type":"Feature","geometry":{"type":"Point","coordinates":[-85.38215,37.170333]},"properties":{"id":"james-knox-skinhouse-camp-knox-1770","name":"James Knox / Camp Knox (Skinhouse Branch)","title":"James Knox / Camp Knox (Skinhouse Branch)","subtitle":"Green County · Skinhouse Branch · long-hunter base camp 1770–71 (an 1892 biography says 1774) · KY Senate 1795–1800","history":"Before Boone’s fame crowded the memory, long hunter Col. James Knox led a party of Virginia and Carolina hunters through Cumberland Gap into Kentucky. The 1942 Historic Camp Knox marker says that in 1770 he settled here with 22 men, who cured and stored 2,300 deer hides and other furs in a skin house; Green County’s history page says the hunters named the branch beside the camp Skinhouse Branch. Kentucky Historical Society marker 709 says Knox led 40 Long Hunters to Kentucky in 1770, built a camp with nine men in what is now Green County, and returned to Virginia in 1771. Sources differ on dates: an 1892 biography has the party crossing the Gap in 1769 and puts the Green River skin camp in 1774, so this story follows the markers’ 1770–1771. The 1892 biography says the Cherokee leader Captain Dick directed Knox’s men to a stream they named Dick’s (now Dix) River, and Wikipedia’s long-hunter article says Knox named it for him. Knox later recruited a company for Virginia’s 8th Regiment, commanded a company in Morgan’s Rifles at Saratoga (8th Virginia Regiment site), and served in the Kentucky Senate from Lincoln County, 1795–1800 (marker 709).","description":"Before Boone’s fame crowded the memory, long hunter Col. James Knox led a party of Virginia and Carolina hunters through Cumberland Gap into Kentucky. The 1942 Historic Camp Knox marker says that in 1770 he settled here with 22 men, who cured and stored 2,300 deer hides and other furs in a skin house; Green County’s history page says the hunters named the branch beside the camp Skinhouse Branch. Kentucky Historical Society marker 709 says Knox led 40 Long Hunters to Kentucky in 1770, built a camp with nine men in what is now Green County, and returned to Virginia in 1771. Sources differ on dates: an 1892 biography has the party crossing the Gap in 1769 and puts the Green River skin camp in 1774, so this story follows the markers’ 1770–1771. The 1892 biography says the Cherokee leader Captain Dick directed Knox’s men to a stream they named Dick’s (now Dix) River, and Wikipedia’s long-hunter article says Knox named it for him. Knox later recruited a company for Virginia’s 8th Regiment, commanded a company in Morgan’s Rifles at Saratoga (8th Virginia Regiment site), and served in the Kentucky Senate from Lincoln County, 1795–1800 (marker 709).","website":"https://history.ky.gov/markers/benj-logan-pioneer","category":"frontier","marker_title":"Historic Camp Knox","source_date":"2026-10-01","year_start":1770,"year_end":1771,"photo":{"image_url":"/content/photos/stories/james-knox.jpg","title":"Longhunter reenactment (Natural Tunnel State Park, Virginia) — representative of the long-hunter kit, not a portrait of James Knox","source_url":"https://commons.wikimedia.org/wiki/File:NT_Reenactment-_longhunter_(15193433686).jpg","source_label":"Wikimedia Commons","attribution":"Virginia State Parks · Wikimedia Commons · CC BY 2.0","year":2014},"yearStart":1770,"yearEnd":1771,"era":"frontier","layer":"history"}},{"type":"Feature","geometry":{"type":"Point","coordinates":[-84.60555,37.0897167]},"properties":{"id":"somerset-founding-pulaski-seat-1801","name":"Somerset — Pulaski County seat (1801)","title":"Somerset — Pulaski County seat (1801)","subtitle":"Pulaski County · William Dodson donation · Town Spring · named for Somerset County, N.J.","history":"Pulaski County needed a seat after its 1799 creation from Lincoln and Green. In 1801 the court laid out Somerset on forty acres donated by William Dodson, beside a dependable spring whose path became the town’s busiest early street. Migrants from Somerset County, New Jersey, gave the place its name. Kentucky Historical Society Marker 1607 still marks the Old Town Spring—where locals joked that whoever drank would gain wisdom and always return.","description":"Pulaski County needed a seat after its 1799 creation from Lincoln and Green. In 1801 the court laid out Somerset on forty acres donated by William Dodson, beside a dependable spring whose path became the town’s busiest early street. Migrants from Somerset County, New Jersey, gave the place its name. Kentucky Historical Society Marker 1607 still marks the Old Town Spring—where locals joked that whoever drank would gain wisdom and always return.","website":"https://en.wikipedia.org/wiki/Somerset,_Kentucky","category":"town","marker_number":1607,"marker_title":"Town Spring","source_date":"2026-10-01","year_start":1801,"year_end":1801,"photo":{"image_url":"/content/photos/stories/somerset.jpg","title":"Pulaski County courthouse, Somerset","source_url":"https://commons.wikimedia.org/wiki/File:Pulaski_County_Kentucky_courthouse.jpg","source_label":"Wikimedia Commons","attribution":"W.marsh · Wikimedia Commons · CC BY-SA 3.0","year":null},"yearStart":1801,"yearEnd":1801,"era":"early-commonwealth","layer":"history"}},{"type":"Feature","geometry":{"type":"Point","coordinates":[-86.1454315185547,37.131649017334]},"properties":{"id":"mammoth-cave-saltpeter-war-of-1812","name":"Mammoth Cave saltpeter (War of 1812)","title":"Mammoth Cave saltpeter (War of 1812)","subtitle":"Edmonson County · Historic Entrance / Rotunda · industrial nitrate mining 1812–1815 · enslaved labor","county":"Edmonson County · Historic Entrance","history":"Long before tourism, Mammoth Cave’s nitrate-rich dirt fed gunpowder. In the War of 1812, when British blockade cut imported saltpeter, operators worked the Rotunda and nearby passages at industrial scale—leaching cave soil in wooden vats, pumping liquor to the surface, and converting it to potassium nitrate. Enslaved laborers did most of the hauling and filtering; remnants of vats, pipes, and pump works still stand just inside the Historic Entrance. After the war, when prices fell, the workings were abandoned and the cave became a minor tourist attraction.","description":"Long before tourism, Mammoth Cave’s nitrate-rich dirt fed gunpowder. In the War of 1812, when British blockade cut imported saltpeter, operators worked the Rotunda and nearby passages at industrial scale—leaching cave soil in wooden vats, pumping liquor to the surface, and converting it to potassium nitrate. Enslaved laborers did most of the hauling and filtering; remnants of vats, pipes, and pump works still stand just inside the Historic Entrance. After the war, when prices fell, the workings were abandoned and the cave became a minor tourist attraction.","website":"https://en.wikipedia.org/wiki/Mammoth_Cave_National_Park","category":"industry","source_date":"2026-10-01","year_start":1812,"year_end":1815,"photo":{"image_url":"/content/photos/stories/mammoth-cave-saltpeter.jpg","title":"Saltpeter mining remnants inside Mammoth Cave (War of 1812-era industrial works near Historic Entrance / Rotunda)","source_url":"https://commons.wikimedia.org/wiki/File:Mammoth_Cave_Saltpeter_Mine.jpg","source_label":"Wikimedia Commons","attribution":"Bpluke01 · Wikimedia Commons · CC BY-SA 4.0","year":2022},"yearStart":1812,"yearEnd":1815,"era":"early-commonwealth","layer":"history"}},{"type":"Feature","geometry":{"type":"Point","coordinates":[-84.8658,38.1939]},"properties":{"id":"harry-innes-frankfort-1783-1816","name":"Harry Innes (Frankfort / federal judge)","title":"Harry Innes (Frankfort / federal judge)","subtitle":"Franklin County · first U.S. district judge for Kentucky 1789–1816 · statehood conventions · buried Frankfort Cemetery","history":"Virginia lawyer Harry Innes reached Kentucky in 1783 after Virginia elected him an assistant judge of the District of Kentucky’s supreme court; he was sworn in at Crow’s Station, Virginia (near present-day Danville, Virginia), in November 1782. He served as attorney general for the Kentucky District (1784–1789), sat in eight of the ten statehood conventions that separated Kentucky from Virginia, and on September 26, 1789, became the first U.S. district judge for Kentucky—appointed by George Washington—holding that seat until his death in Frankfort in 1816. He practiced law, farmed, and speculated in land, served as a Transylvania University trustee, and built a distinguished library; as a federal judge he presided over the first treason trial of Aaron Burr, and he later endured bitter Spanish-conspiracy libel fights with Humphrey Marshall. Frankfort Cemetery holds his grave.","description":"Virginia lawyer Harry Innes reached Kentucky in 1783 after Virginia elected him an assistant judge of the District of Kentucky’s supreme court; he was sworn in at Crow’s Station, Virginia (near present-day Danville, Virginia), in November 1782. He served as attorney general for the Kentucky District (1784–1789), sat in eight of the ten statehood conventions that separated Kentucky from Virginia, and on September 26, 1789, became the first U.S. district judge for Kentucky—appointed by George Washington—holding that seat until his death in Frankfort in 1816. He practiced law, farmed, and speculated in land, served as a Transylvania University trustee, and built a distinguished library; as a federal judge he presided over the first treason trial of Aaron Burr, and he later endured bitter Spanish-conspiracy libel fights with Humphrey Marshall. Frankfort Cemetery holds his grave.","website":"https://en.wikipedia.org/wiki/Harry_Innes","category":"people","source_date":"2026-10-02","year_start":1783,"year_end":1816,"photo":{"image_url":"/content/photos/stories/harry-innes.jpg","title":"Frankfort Cemetery — burial place of Judge Harry Innes (first U.S. district judge for Kentucky)","source_url":"https://commons.wikimedia.org/wiki/File:Frankfort_Cemetery;_Frankfort,_Kentucky.JPG","source_label":"Wikimedia Commons","attribution":"Sydney Poore & Russell Poore · Wikimedia Commons · CC BY-SA 4.0","year":null},"yearStart":1783,"yearEnd":1816,"era":"frontier","layer":"history"}},{"type":"Feature","geometry":{"type":"Point","coordinates":[-87.48889,36.85472]},"properties":{"id":"hopkinsville-founding-elizabeth-1804","name":"Hopkinsville founding (Elizabeth → Hopkinsville)","title":"Hopkinsville founding (Elizabeth → Hopkinsville)","subtitle":"Christian County seat · Bartholomew Wood donation 1797 · renamed Hopkinsville 1804 for Gen. Samuel Hopkins","history":"Bartholomew Wood claimed a Christian County tract in 1796 and, with his wife Martha Ann, donated five acres and a half interest in Old Rock Spring when the new county seated justice there in 1797. A log courthouse and jail rose by 1798; locals tried the name Elizabeth for the Woods’ eldest daughter, but Elizabethtown already held that name. In 1804 the General Assembly established the town as Hopkinsville for Gen. Samuel Hopkins—Revolutionary veteran, Transylvania Company agent, and later Henderson County organizer—whose name also marks Hopkins County. It remains Christian County’s seat.","description":"Bartholomew Wood claimed a Christian County tract in 1796 and, with his wife Martha Ann, donated five acres and a half interest in Old Rock Spring when the new county seated justice there in 1797. A log courthouse and jail rose by 1798; locals tried the name Elizabeth for the Woods’ eldest daughter, but Elizabethtown already held that name. In 1804 the General Assembly established the town as Hopkinsville for Gen. Samuel Hopkins—Revolutionary veteran, Transylvania Company agent, and later Henderson County organizer—whose name also marks Hopkins County. It remains Christian County’s seat.","website":"https://en.wikipedia.org/wiki/Hopkinsville,_Kentucky","category":"settlement","source_date":"2026-10-02","year_start":1797,"year_end":1804,"photo":{"image_url":"/content/photos/stories/hopkinsville.jpg","title":"Christian County Courthouse, Hopkinsville (county seat since the 1797 Wood donation / 1804 renaming)","source_url":"https://commons.wikimedia.org/wiki/File:Christian_County_courthouse_Kentucky.JPG","source_label":"Wikimedia Commons","attribution":"W.marsh · Wikimedia Commons · public domain","year":2010},"yearStart":1797,"yearEnd":1804,"era":"early-commonwealth","layer":"history"}},{"type":"Feature","geometry":{"type":"Point","coordinates":[-84.5037,38.0406]},"properties":{"id":"inner-bluegrass-phosphatic-limestone-horse-country","name":"Inner Bluegrass phosphatic limestone & horse country","title":"Inner Bluegrass phosphatic limestone & horse country","subtitle":"Fayette County / Lexington · Lexington–Cynthiana phosphatic limestones · Virginia–Carolina horse settlers ~1780–1820","county":"Fayette","history":"Inner Bluegrass soils rest on phosphatic Lexington and Cynthiana limestones, with high calcium and phosphorus. University of Kentucky soil tests still show that edge over the rest of the state—about two-thirds of Bluegrass samples testing high for phosphorus in a late twentieth-century lab series. After the Revolution, from about 1780 to 1820, Virginia and Carolina horse-raising families pushed west onto that forage-rich ground just as industrial America needed more horsepower. UK equine soil scientist Joshua McGrath argues the Horse Capital story starts with geology and settlement timing—high soil phosphorus supporting forage yields before commercial fertilizer—not a magic bone myth alone.","description":"Inner Bluegrass soils rest on phosphatic Lexington and Cynthiana limestones, with high calcium and phosphorus. University of Kentucky soil tests still show that edge over the rest of the state—about two-thirds of Bluegrass samples testing high for phosphorus in a late twentieth-century lab series. After the Revolution, from about 1780 to 1820, Virginia and Carolina horse-raising families pushed west onto that forage-rich ground just as industrial America needed more horsepower. UK equine soil scientist Joshua McGrath argues the Horse Capital story starts with geology and settlement timing—high soil phosphorus supporting forage yields before commercial fertilizer—not a magic bone myth alone.","website":"https://equine.mgcafe.uky.edu/content/how-soil-fertility-and-history-combined-make-kentucky%E2%80%99s-inner-bluegrass-region-%E2%80%9Chorse","category":"geology","source_date":"2026-10-02","year_start":1780,"year_end":1820,"photo":{"image_url":"/content/photos/stories/phosphatic-limestone-and-horse-country.jpg","title":"Horses on Inner Bluegrass pasture, Lexington–Fayette County (phosphatic limestone soils)","source_url":"https://commons.wikimedia.org/wiki/File:Horses_with_tall_building_in_background_in_Lexington-Fayette_County,_Kentucky.jpg","source_label":"Wikimedia Commons","attribution":"Preston County · Wikimedia Commons · CC BY-SA 4.0","year":2019},"yearStart":1780,"yearEnd":1820,"era":"frontier","layer":"history"}},{"type":"Feature","geometry":{"type":"Point","coordinates":[-89.14,37.07]},"properties":{"id":"twin-mounds-site-15ba2-ballard-county","name":"Twin Mounds Site (15Ba2 / Nolan)","title":"Twin Mounds Site (15Ba2 / Nolan)","subtitle":"Ballard County · near Barlow · Mississippian platform mounds & plaza · Dorena–Medley phases ~1200–1450","history":"Near Barlow in Ballard County, just north of where the Ohio meets the Mississippi, Twin Mounds (15Ba2 / Nolan; village 15Ba14) was a Mississippian administrative center with two platform mounds around a plaza and a village midden up to about two meters thick. Principal occupation ran about 1200–1450 CE (Dorena and Medley phases). It stood contemporary with Wickliffe Mounds a few miles southeast; as Wickliffe thinned around 1300, people appear to have shifted toward Twin Mounds. Excavations recovered a rare Cahokia-style flint-clay human effigy pipe carved from Missouri pipestone.","description":"Near Barlow in Ballard County, just north of where the Ohio meets the Mississippi, Twin Mounds (15Ba2 / Nolan; village 15Ba14) was a Mississippian administrative center with two platform mounds around a plaza and a village midden up to about two meters thick. Principal occupation ran about 1200–1450 CE (Dorena and Medley phases). It stood contemporary with Wickliffe Mounds a few miles southeast; as Wickliffe thinned around 1300, people appear to have shifted toward Twin Mounds. Excavations recovered a rare Cahokia-style flint-clay human effigy pipe carved from Missouri pipestone.","website":"https://en.wikipedia.org/wiki/Twin_Mounds_Site","category":"archaeology","source_date":"2026-10-02","year_start":1200,"year_end":1450,"photo":{"image_url":"/content/photos/stories/twin-mounds-site.jpg","title":"Wickliffe Mound A — contemporary Mississippian neighbor a few miles southeast of Twin Mounds (15Ba2); not the Twin Mounds earthworks themselves","source_url":"https://commons.wikimedia.org/wiki/File:Wickliffe_Mound_A_HRoe.jpg","source_label":"Wikimedia Commons","attribution":"Herb Roe, www.chromesun.com · Wikimedia Commons · CC BY-SA 3.0","year":2010},"yearStart":1200,"yearEnd":1450,"era":"native","layer":"history"}},{"type":"Feature","geometry":{"type":"Point","coordinates":[-84.851895,37.850631]},"properties":{"id":"mcafee-station-salt-river-mercer-1773-1785","name":"McAfee Station on the Salt River","title":"McAfee Station on the Salt River","subtitle":"Mercer County · McAfee hamlet · McAfee Company survey 1773 · stockade 1779 · New Providence Church 1785","history":"In May 1773, Virginia’s McAfee Company—brothers James, Robert, and George, with James McCoun Jr. and Samuel Adams—surveyed fertile Salt River bottomlands in today’s Mercer County. After Point Pleasant service and delayed returns, they built a stockade on James McAfee’s land in 1779; by 1781 nearly every local family sheltered there, and a Shawnee attack that May was beaten back with help from nearby stations. New Providence Presbyterian Church (1785) grew from the same community, and the station area is now part of an unincorporated Mercer County community.","description":"In May 1773, Virginia’s McAfee Company—brothers James, Robert, and George, with James McCoun Jr. and Samuel Adams—surveyed fertile Salt River bottomlands in today’s Mercer County. After Point Pleasant service and delayed returns, they built a stockade on James McAfee’s land in 1779; by 1781 nearly every local family sheltered there, and a Shawnee attack that May was beaten back with help from nearby stations. New Providence Presbyterian Church (1785) grew from the same community, and the station area is now part of an unincorporated Mercer County community.","website":"https://explorekyhistory.ky.gov/items/show/987","category":"settlement","source_date":"2026-10-03","year_start":1773,"year_end":1785,"photo":{"image_url":"/content/photos/stories/mcafee-station-on-the-salt-river.jpg","title":"New Providence Presbyterian Church near Salvisa — grew from the McAfee Station community (1785)","source_url":"https://commons.wikimedia.org/wiki/File:New_Providence_Presbyterian_Church.JPG","source_label":"Wikimedia Commons","attribution":"Flynnke · Wikimedia Commons · CC BY-SA 3.0","year":2014},"yearStart":1773,"yearEnd":1785,"era":"frontier","layer":"history","county":"Mercer"}},{"type":"Feature","geometry":{"type":"Point","coordinates":[-83.808533,38.615908]},"properties":{"id":"washington-mason-county-founding-1785-1786","name":"Washington, Mason County (Old Washington)","title":"Washington, Mason County (Old Washington)","subtitle":"Mason County · Fox & Wood plat 1785 · Virginia charter 1786 · widely cited as the first town named for George Washington","history":"In 1785 Arthur Fox and Baptist preacher William Wood bought about 700 acres and laid out a one-mile-square town; Virginia chartered Washington in 1786—widely cited as the first American settlement named for George Washington while Kentucky was still part of Virginia. By the 1790 census it had 462 residents in 119 houses, second only to Lexington; it became Mason County’s seat in 1788, hosted an early regional post office, and later yielded the seat to riverside Maysville (1848) before Maysville annexed Old Washington in 1990.","description":"In 1785 Arthur Fox and Baptist preacher William Wood bought about 700 acres and laid out a one-mile-square town; Virginia chartered Washington in 1786—widely cited as the first American settlement named for George Washington while Kentucky was still part of Virginia. By the 1790 census it had 462 residents in 119 houses, second only to Lexington; it became Mason County’s seat in 1788, hosted an early regional post office, and later yielded the seat to riverside Maysville (1848) before Maysville annexed Old Washington in 1990.","website":"https://en.wikipedia.org/wiki/Washington,_Kentucky","category":"settlement","source_date":"2026-10-03","year_start":1785,"year_end":1786,"photo":{"image_url":"/content/photos/stories/washington-mason-county.jpg","title":"Paxton Inn in Old Washington (Washington Historic District, now Maysville)","source_url":"https://commons.wikimedia.org/wiki/File:PaxtonInn.jpg","source_label":"Wikimedia Commons","attribution":"Greg Hume · Wikimedia Commons · CC BY-SA 3.0","year":2011},"yearStart":1785,"yearEnd":1786,"era":"frontier","layer":"history","county":"Mason"}},{"type":"Feature","geometry":{"type":"Point","coordinates":[-83.76211,38.64867]},"properties":{"id":"blue-jacket-limestone-negotiation-1787-1788","name":"Blue Jacket at Limestone (Maysville)","title":"Blue Jacket at Limestone (Maysville)","subtitle":"Mason County · Limestone landing · Shawnee war chief Weyapiersenwah · 1787 negotiation & 1788 Kentucky raids","history":"Shawnee war chief Blue Jacket (c. 1743–1810) first appears in written records at his Scioto town in 1773, fought at Point Pleasant in Lord Dunmore’s War, and allied with the British through the Revolution. Benjamin Logan’s 1786 Kentucky militia expedition burned his Bellefontaine-area town; he negotiated with Kentuckians at Limestone (Maysville) in 1787, then raided back into Kentucky in 1788. With Miami chief Little Turtle he helped shatter Harmar’s and St. Clair’s armies (1790–91)—St. Clair’s Defeat remains the U.S. Army’s worst loss to Native forces—before defeat at Fallen Timbers (1794) and the Treaty of Greenville (1795) that opened much of Ohio to settlement and reshaped the Ohio–Kentucky frontier.","description":"Shawnee war chief Blue Jacket (c. 1743–1810) first appears in written records at his Scioto town in 1773, fought at Point Pleasant in Lord Dunmore’s War, and allied with the British through the Revolution. Benjamin Logan’s 1786 Kentucky militia expedition burned his Bellefontaine-area town; he negotiated with Kentuckians at Limestone (Maysville) in 1787, then raided back into Kentucky in 1788. With Miami chief Little Turtle he helped shatter Harmar’s and St. Clair’s armies (1790–91)—St. Clair’s Defeat remains the U.S. Army’s worst loss to Native forces—before defeat at Fallen Timbers (1794) and the Treaty of Greenville (1795) that opened much of Ohio to settlement and reshaped the Ohio–Kentucky frontier.","website":"https://en.wikipedia.org/wiki/Blue_Jacket","category":"native-history","source_date":"2026-10-03","year_start":1787,"year_end":1788,"photo":{"image_url":"/content/photos/stories/blue-jacket-weyapiersenwah.jpg","title":"Treaty of Greenville (1795) — Blue Jacket among Shawnee leaders who signed after Fallen Timbers","source_url":"https://commons.wikimedia.org/wiki/File:Treaty_of_Greenville.jpg","source_label":"Wikimedia Commons","attribution":"Artist unknown (c. 1795) · Wikimedia Commons · public domain","year":1795},"yearStart":1787,"yearEnd":1788,"era":"frontier","layer":"history","county":"Mason"}},{"type":"Feature","geometry":{"type":"Point","coordinates":[-82.33,37.41]},"properties":{"id":"slone-site-15pi11-pike-county","name":"Slone Site (15Pi11), Pike County","title":"Slone Site (15Pi11), Pike County","subtitle":"Pike County · Levisa Fork / Fishtrap Reservoir · late Middle Fort Ancient village · occupation ~1350–1400","county":"Pike","history":"On the north bank of the Levisa Fork of the Big Sandy, Slone was a late Middle Fort Ancient circular village occupied about 1350–1400 CE for roughly thirty to forty-five years. University of Kentucky crews excavated about eighty percent of the site in 1963–64 before Fishtrap Reservoir rose; they mapped at least twelve houses around a plaza, concentric cooking/storage and residential zones, family cemeteries behind the houses, and three successive wooden palisades that grew the enclosure from just over 200 to about 255 feet across. More than 150 stone discoidals—likely chunkey game pieces—underscore daily life in this eastern Kentucky Fort Ancient community.","description":"On the north bank of the Levisa Fork of the Big Sandy, Slone was a late Middle Fort Ancient circular village occupied about 1350–1400 CE for roughly thirty to forty-five years. University of Kentucky crews excavated about eighty percent of the site in 1963–64 before Fishtrap Reservoir rose; they mapped at least twelve houses around a plaza, concentric cooking/storage and residential zones, family cemeteries behind the houses, and three successive wooden palisades that grew the enclosure from just over 200 to about 255 feet across. More than 150 stone discoidals—likely chunkey game pieces—underscore daily life in this eastern Kentucky Fort Ancient community.","website":"https://archaeology.ky.gov/Find-a-Site/Pages/Slone.aspx","category":"archaeology","source_date":"2026-10-03","year_start":1350,"year_end":1400,"photo":{"image_url":"/content/photos/stories/slone-site-15pi11-pike-county.jpg","title":"Stone discoidals (chunkey pieces) — Slone yielded 150+ discoidals; museum examples from Ohio Fort Ancient collections (not Slone artifacts)","source_url":"https://commons.wikimedia.org/wiki/File:Stone_discoidals_SOMACC_HRoe_2010.jpg","source_label":"Wikimedia Commons","attribution":"Herb Roe, www.chromesun.com · Wikimedia Commons · CC BY-SA 3.0","year":2010},"yearStart":1350,"yearEnd":1400,"era":"native","layer":"history"}},{"type":"Feature","geometry":{"type":"Point","coordinates":[-85.76889,38.24611]},"properties":{"id":"louisville-nashville-railroad-main-line-1850-1859","name":"Louisville & Nashville Railroad (main line opens)","title":"Louisville & Nashville Railroad (main line opens)","subtitle":"Jefferson County · Louisville Union Station / 10th & Broadway · charter 1850 · Louisville–Nashville open 1859","county":"Jefferson","history":"Kentucky chartered the Louisville & Nashville on March 5, 1850, to build south toward Nashville; Tennessee authorized the extension in 1851. Track laying began in Louisville in May 1853; the first eight-mile excursion ran August 25, 1855, and on October 27, 1859, the first train covered the full ~187-mile Louisville–Nashville main line. The L&N survived Civil War use by both sides, later reached the Gulf Coast, and drove branch construction into western and eastern Kentucky coalfields—the “Old Reliable” that opened much of the commonwealth’s interior freight map.","description":"Kentucky chartered the Louisville & Nashville on March 5, 1850, to build south toward Nashville; Tennessee authorized the extension in 1851. Track laying began in Louisville in May 1853; the first eight-mile excursion ran August 25, 1855, and on October 27, 1859, the first train covered the full ~187-mile Louisville–Nashville main line. The L&N survived Civil War use by both sides, later reached the Gulf Coast, and drove branch construction into western and eastern Kentucky coalfields—the “Old Reliable” that opened much of the commonwealth’s interior freight map.","website":"https://www.lnrr.org/History.aspx","category":"transport","source_date":"2026-10-03","year_start":1850,"year_end":1859,"photo":{"image_url":"/content/photos/stories/louisville-nashville-railroad-opens-the-interior.jpg","title":"Louisville Union Station (L&N), 1000 West Broadway — later passenger terminal on the Old Reliable’s Louisville end","source_url":"https://commons.wikimedia.org/wiki/File:UnionStationLouisville.jpg","source_label":"Wikimedia Commons","attribution":"Jack Boucher / HABS · Wikimedia Commons · public domain","year":1979},"yearStart":1850,"yearEnd":1859,"era":"early-commonwealth","layer":"history"}},{"type":"Feature","geometry":{"type":"Point","coordinates":[-84.329608,37.822972]},"properties":{"id":"hoys-station-madison-1781-1782","name":"William Hoy’s Station (Madison County)","title":"William Hoy’s Station (Madison County)","subtitle":"Madison County · Hoy’s Station (USGS historic locale) · established 1781 · August 1782 captives Jones Hoy & Jack Calloway","history":"William Hoy established Hoy’s Station in Madison County in 1781, with help from George Boone, according to a Boone-family genealogy; a Filson Historical Society study of pioneer forts and stations places it about six miles northwest of present-day Richmond. In 1782, Wyandot warriors captured two boys, Jones Hoy and Jack Calloway, near Boonesborough. On August 12, 1782, Capt. John Holder and 17 militiamen overtook the band on Great Salt Creek (the Licking River); Holder lost four men in the skirmish and, outnumbered, withdrew without the boys. Jones Hoy was held captive for seven years, Calloway not as long. The Kentucky Historical Society’s Upper Blue Licks marker (Nicholas County) records that skirmish but does not mention the station or say how the boys were tied to it, so the map pin uses the USGS historic-locale point for William Hoy’s Station—an approximate site.","description":"William Hoy established Hoy’s Station in Madison County in 1781, with help from George Boone, according to a Boone-family genealogy; a Filson Historical Society study of pioneer forts and stations places it about six miles northwest of present-day Richmond. In 1782, Wyandot warriors captured two boys, Jones Hoy and Jack Calloway, near Boonesborough. On August 12, 1782, Capt. John Holder and 17 militiamen overtook the band on Great Salt Creek (the Licking River); Holder lost four men in the skirmish and, outnumbered, withdrew without the boys. Jones Hoy was held captive for seven years, Calloway not as long. The Kentucky Historical Society’s Upper Blue Licks marker (Nicholas County) records that skirmish but does not mention the station or say how the boys were tied to it, so the map pin uses the USGS historic-locale point for William Hoy’s Station—an approximate site.","website":"https://history.ky.gov/markers/upper-blue-licks","category":"frontier","source_date":"2026-10-04","year_start":1781,"year_end":1782,"photo":{"image_url":"/content/photos/stories/william-hoy-and-hoys-station.jpg","title":"Reconstructed Fort Boonesborough, Madison County—a stand-in for an early Madison County station; not Hoy’s Station","source_url":"https://commons.wikimedia.org/wiki/File:Fort_Boonesborough_reproduction,_KY,_US_(03).jpg","source_label":"Wikimedia Commons","attribution":"Bubba73 · Wikimedia Commons · CC BY-SA 3.0","year":2017},"yearStart":1781,"yearEnd":1782,"era":"frontier","layer":"history","county":"Madison"}},{"type":"Feature","geometry":{"type":"Point","coordinates":[-84.740317,37.818017]},"properties":{"id":"pleasant-hill-shaker-village-mercer-1805-1910","name":"Shaker Village of Pleasant Hill","title":"Shaker Village of Pleasant Hill","subtitle":"Mercer County · Shaker Village of Pleasant Hill (Shakertown) · Shaker mission 1805 · hilltop village 1808 · closed as a religious society by 1910","history":"In 1805 three Shaker missionaries—John Meacham, Issachar Bates and Benjamin Seth Youngs—left New York and traveled mostly on foot to Kentucky, and in August found three Kentuckians willing to listen, who soon became the state’s first Shaker converts. Believers began moving to Elisha Thomas’s 140-acre Mercer County farm; 44 people signed the first family covenant in December 1806, and two years later they moved to a nearby hilltop they named Pleasant Hill. By 1823 the village had 491 Shakers on about 4,500 acres, and over 105 years they built more than 260 structures, including one of Kentucky’s earliest municipal water systems. By 1816 they were shipping brooms, cooperage, preserves and seeds on trading trips to New Orleans by river. Pleasant Hill closed as an active religious society by 1910 and the last Shaker died in 1923; a nonprofit formed in 1961 has since restored the village.","description":"In 1805 three Shaker missionaries—John Meacham, Issachar Bates and Benjamin Seth Youngs—left New York and traveled mostly on foot to Kentucky, and in August found three Kentuckians willing to listen, who soon became the state’s first Shaker converts. Believers began moving to Elisha Thomas’s 140-acre Mercer County farm; 44 people signed the first family covenant in December 1806, and two years later they moved to a nearby hilltop they named Pleasant Hill. By 1823 the village had 491 Shakers on about 4,500 acres, and over 105 years they built more than 260 structures, including one of Kentucky’s earliest municipal water systems. By 1816 they were shipping brooms, cooperage, preserves and seeds on trading trips to New Orleans by river. Pleasant Hill closed as an active religious society by 1910 and the last Shaker died in 1923; a nonprofit formed in 1961 has since restored the village.","website":"https://shakervillageky.org/about-us/history/","category":"settlement","source_date":"2026-10-04","year_start":1805,"year_end":1910,"photo":{"image_url":"/content/photos/stories/shaker-village-of-pleasant-hill.jpg","title":"Buildings at Shaker Village of Pleasant Hill, Mercer County (photographed 2007)","source_url":"https://commons.wikimedia.org/wiki/File:Shaker_Village_at_Pleasant_Hill_Kentucky.jpg","source_label":"Wikimedia Commons","attribution":"Timothy Brown · Wikimedia Commons · CC BY 2.0","year":2007},"yearStart":1805,"yearEnd":1910,"era":"early-commonwealth","layer":"history","county":"Mercer"}},{"type":"Feature","geometry":{"type":"Point","coordinates":[-84.59806,37.78778]},"properties":{"id":"camp-nelson-jessamine-1863-1865","name":"Camp Nelson (Civil War depot and USCT recruiting center)","title":"Camp Nelson (Civil War depot and USCT recruiting center)","subtitle":"Jessamine County · Camp Nelson National Monument · depot 1863 · USCT recruiting 1864 · Home for Colored Refugees 1865","history":"The U.S. Army established Camp Nelson in central Kentucky in April 1863 as a fortified supply depot, forward base and hospital, part of the Union effort to liberate East Tennessee. At its 1865 height it covered roughly 4,000 acres and more than 300 buildings, with earthen forts built primarily by enslaved African Americans impressed by the Army. From 1864 thousands of Black men, women and children reached the camp; eight regiments of United States Colored Troops were organized there, making it the largest USCT recruitment center in Kentucky and the third largest in the nation. In November 1864 soldiers expelled more than 400 women and children and destroyed their huts, and more than one hundred of the displaced refugees died of illness and exposure. The Army then built a Home for Colored Refugees, opened in January 1865, and on March 3, 1865 an Act of Congress emancipated the wives, children and mothers of USCT soldiers. Camp Nelson became a national monument in 2018; the pin marks the monument, not the whole camp.","description":"The U.S. Army established Camp Nelson in central Kentucky in April 1863 as a fortified supply depot, forward base and hospital, part of the Union effort to liberate East Tennessee. At its 1865 height it covered roughly 4,000 acres and more than 300 buildings, with earthen forts built primarily by enslaved African Americans impressed by the Army. From 1864 thousands of Black men, women and children reached the camp; eight regiments of United States Colored Troops were organized there, making it the largest USCT recruitment center in Kentucky and the third largest in the nation. In November 1864 soldiers expelled more than 400 women and children and destroyed their huts, and more than one hundred of the displaced refugees died of illness and exposure. The Army then built a Home for Colored Refugees, opened in January 1865, and on March 3, 1865 an Act of Congress emancipated the wives, children and mothers of USCT soldiers. Camp Nelson became a national monument in 2018; the pin marks the monument, not the whole camp.","website":"https://www.nps.gov/cane/learn/historyculture/overview-of-camp-nelson.htm","category":"other","source_date":"2026-10-04","year_start":1863,"year_end":1865,"photo":{"image_url":"/content/photos/stories/camp-nelson-jessamine-county.jpg","title":"Museum exhibit of Civil War soldier camps at Camp Nelson National Monument (2022 photo)","source_url":"https://commons.wikimedia.org/wiki/File:Camp_Nelson_National_Monument_(765657f2-7f6c-4360-94d3-411e194f4a93).jpg","source_label":"Wikimedia Commons","attribution":"Victoria Stauffenberg / NPGallery · Wikimedia Commons · public domain","year":2022},"yearStart":1863,"yearEnd":1865,"era":"other","layer":"history","county":"Jessamine"}},{"type":"Feature","geometry":{"type":"Point","coordinates":[-87.52,37.32]},"properties":{"id":"andalex-village-15hk22-hopkins-county","name":"Andalex Village (15Hk22), Hopkins County","title":"Andalex Village (15Hk22), Hopkins County","subtitle":"Hopkins County · Pond River bluff · Mississippian mound center · occupation AD 1175–1275 · county-level pin (site location not public)","history":"The Andalex site sits on a bluff overlooking the Pond River in Hopkins County, where Mississippian farmers occupied a mound center from AD 1175 to 1275. Cultural Resource Analysts investigated it in 1988 and 1989, before a coal mine was developed, and documented a platform mound, at least eleven houses around a central plaza, and a palisade enclosing the community. The mound ended up five feet tall and about 75 by 85 feet; it grew in three stages as the leader’s house on top was rebuilt and the mound capped with clay. Residents made shell-tempered Mississippi Plain jars, some with incised geometric designs on the necks (Pond River Incised), hunted mainly deer, grew corn, marshelder, maygrass and lambsquarters, and collected hickory nuts. The state archaeology site does not publish the location, so the pin is a county-level point for Hopkins County.","description":"The Andalex site sits on a bluff overlooking the Pond River in Hopkins County, where Mississippian farmers occupied a mound center from AD 1175 to 1275. Cultural Resource Analysts investigated it in 1988 and 1989, before a coal mine was developed, and documented a platform mound, at least eleven houses around a central plaza, and a palisade enclosing the community. The mound ended up five feet tall and about 75 by 85 feet; it grew in three stages as the leader’s house on top was rebuilt and the mound capped with clay. Residents made shell-tempered Mississippi Plain jars, some with incised geometric designs on the necks (Pond River Incised), hunted mainly deer, grew corn, marshelder, maygrass and lambsquarters, and collected hickory nuts. The state archaeology site does not publish the location, so the pin is a county-level point for Hopkins County.","website":"https://archaeology.ky.gov/Find-a-Site/Pages/Andalex.aspx","category":"archaeology","source_date":"2026-10-04","year_start":1175,"year_end":1275,"photo":{"image_url":"/content/photos/stories/andalex-village-15hk22-hopkins-county.jpg","title":"Mississippian artifacts on display at Wickliffe Mounds (Ballard County)—a regional stand-in, not from Andalex","source_url":"https://commons.wikimedia.org/wiki/File:Wickliffe_Pottery_artifacts_HRoe_01.jpg","source_label":"Wikimedia Commons","attribution":"Herb Roe, www.chromesun.com · Wikimedia Commons · CC BY-SA 3.0","year":2010},"yearStart":1175,"yearEnd":1275,"era":"native","layer":"history","county":"Hopkins"}},{"type":"Feature","geometry":{"type":"Point","coordinates":[-85.77933,38.27181]},"properties":{"id":"louisville-portland-canal-1826-1830","name":"Louisville and Portland Canal (locks)","title":"Louisville and Portland Canal (locks)","subtitle":"Jefferson County · Louisville and Portland Canal lock site · chartered 1825 · construction 1826 · opened 1830","history":"The Falls of the Ohio form the only barrier to navigation between Pittsburgh and New Orleans, and cargo was portaged around them except for a few weeks of high water each spring. Kentucky chartered the private Louisville and Portland Canal Company in 1825; construction started March 1, 1826, and the canal opened in 1830. As built, it was 1.9 miles long and 64 feet wide and ended in a three-flight lock with a total lift of 26 feet. Wikipedia describes it as the first major improvement completed on a major U.S. river and dates full completion to 1833. The route was later enlarged and rebuilt and is now the McAlpine Locks and Dam canal; the pin marks the lock site at the downstream end.","description":"The Falls of the Ohio form the only barrier to navigation between Pittsburgh and New Orleans, and cargo was portaged around them except for a few weeks of high water each spring. Kentucky chartered the private Louisville and Portland Canal Company in 1825; construction started March 1, 1826, and the canal opened in 1830. As built, it was 1.9 miles long and 64 feet wide and ended in a three-flight lock with a total lift of 26 feet. Wikipedia describes it as the first major improvement completed on a major U.S. river and dates full completion to 1833. The route was later enlarged and rebuilt and is now the McAlpine Locks and Dam canal; the pin marks the lock site at the downstream end.","website":"https://en.wikipedia.org/wiki/Louisville_and_Portland_Canal","category":"transport","source_date":"2026-10-04","year_start":1826,"year_end":1830,"photo":{"image_url":"/content/photos/stories/louisville-and-portland-canal.jpg","title":"Coal barge tow in the Louisville and Portland Canal today—modern traffic on the 1830 canal route, not a period view","source_url":"https://commons.wikimedia.org/wiki/File:Barge_hauling_coal,_Louisville_and_Portland_Canal.jpg","source_label":"Wikimedia Commons","attribution":"Censusdata · Wikimedia Commons · CC BY-SA 3.0","year":2007},"yearStart":1826,"yearEnd":1830,"era":"early-commonwealth","layer":"history","county":"Jefferson"}},{"type":"Feature","geometry":{"type":"Point","coordinates":[-85.17,37.69]},"properties":{"id":"john-hardin-pleasant-run-washington-1786-1792","name":"Col. John Hardin’s Pleasant Run homestead (approximate)","title":"Col. John Hardin’s Pleasant Run homestead (approximate)","subtitle":"Washington County · Pleasant Run, ~3 mi east of Springfield (approximate) · settled April 1786 · killed on 1792 peace mission","history":"John Hardin was born in Virginia in 1753. In August 1774, at the start of Lord Dunmore’s War, he was wounded in a skirmish at Snake’s Town on the Muskingum during Angus McDonald’s expedition; the musket ball lodged in his thigh near the groin and stayed there for the rest of his life. In the Revolution he was a lieutenant picked for Daniel Morgan’s riflemen and fought at Saratoga under Morgan. In April 1786 he settled his family on Pleasant Run, a branch of Beech Fork, about three miles east of present-day Springfield in what is now Washington County, Kentucky; the family farmed, raised livestock and joined the Methodist church. As a militia captain that year he attacked a Piankashaw village near Vincennes, although the Piankashaw were friendly to the Americans. Promoted to colonel, he led the Kentucky militia detachment routed in 1790 at Heller’s Corner—“Hardin’s Defeat”—which began a long run of American losses to the Miami chief Little Turtle, and in 1791 he led mounted militia against a Kickapoo village during Gen. Charles Scott’s Wabash campaign. In May 1792 Gen. James Wilkinson sent him to carry American peace terms to the nations along the Sandusky River. A Shawnee party offered to escort him, then killed him and his servant Freeman one night as he slept. Hardin County, Kentucky, and the town of Hardin, Ohio, near where he was killed, are named for him. His son Martin D. Hardin, later a U.S. senator from Kentucky, married Ann Logan, daughter of Gen. Benjamin Logan. The map pin is an approximate point about three miles east of Springfield, where the Kentucky Historical Society’s John Hardin marker stands on US 150 and where his son Mark Hardin placed the homestead; the exact house site is not mapped.","description":"John Hardin was born in Virginia in 1753. In August 1774, at the start of Lord Dunmore’s War, he was wounded in a skirmish at Snake’s Town on the Muskingum during Angus McDonald’s expedition; the musket ball lodged in his thigh near the groin and stayed there for the rest of his life. In the Revolution he was a lieutenant picked for Daniel Morgan’s riflemen and fought at Saratoga under Morgan. In April 1786 he settled his family on Pleasant Run, a branch of Beech Fork, about three miles east of present-day Springfield in what is now Washington County, Kentucky; the family farmed, raised livestock and joined the Methodist church. As a militia captain that year he attacked a Piankashaw village near Vincennes, although the Piankashaw were friendly to the Americans. Promoted to colonel, he led the Kentucky militia detachment routed in 1790 at Heller’s Corner—“Hardin’s Defeat”—which began a long run of American losses to the Miami chief Little Turtle, and in 1791 he led mounted militia against a Kickapoo village during Gen. Charles Scott’s Wabash campaign. In May 1792 Gen. James Wilkinson sent him to carry American peace terms to the nations along the Sandusky River. A Shawnee party offered to escort him, then killed him and his servant Freeman one night as he slept. Hardin County, Kentucky, and the town of Hardin, Ohio, near where he was killed, are named for him. His son Martin D. Hardin, later a U.S. senator from Kentucky, married Ann Logan, daughter of Gen. Benjamin Logan. The map pin is an approximate point about three miles east of Springfield, where the Kentucky Historical Society’s John Hardin marker stands on US 150 and where his son Mark Hardin placed the homestead; the exact house site is not mapped.","website":"https://en.wikipedia.org/wiki/John_Hardin","category":"person","source_date":"2026-10-05","year_start":1786,"year_end":1792,"photo":{"image_url":"/content/photos/stories/col-john-hardin-of-pleasant-run.jpg","title":"Washington County Courthouse, Springfield (HABS photo, 1940)—built 1816, after Hardin’s death; a county stand-in, not his homestead","source_url":"https://commons.wikimedia.org/wiki/File:Historic_American_Buildings_Survey_Lester_Jones,_Photographer_May_27,_1940_VIEW_FROM_WEST_-_Washington_County_Courthouse,_Springfield,_Washington_County,_KY_HABS_KY,115-SPRIF,1-1.tif","source_label":"Wikimedia Commons","attribution":"Lester Jones / Historic American Buildings Survey · Wikimedia Commons · public domain","year":1940},"yearStart":1786,"yearEnd":1792,"era":"frontier","layer":"history","county":"Washington"}},{"type":"Feature","geometry":{"type":"Point","coordinates":[-85.18682,38.68195]},"properties":{"id":"carrollton-port-william-carroll-1792-1838","name":"Carrollton (Port William) at the Kentucky–Ohio confluence","title":"Carrollton (Port William) at the Kentucky–Ohio confluence","subtitle":"Carroll County · Point Park at the mouth of the Kentucky River · settled 1792 · incorporated as Port William 1794 · Gallatin County seat · renamed Carrollton 1838","history":"Where the Kentucky River empties into the Ohio, Gen. Charles Scott built a blockhouse in 1789 to protect settlers, according to the Kentucky Historical Society marker at Point Park. The town at the river mouth was first settled in 1792 and called Port William. Benjamin Craig, who had come to Kentucky with the Traveling Church led by his brother Lewis Craig, laid off the town on 613 acres that he and James Hawkins owned, and the legislature incorporated Port William in 1794; Craig had built the first brick house in the county in 1792. When Gallatin County was formed on December 14, 1798, from parts of Franklin and Shelby counties, Port William served as its county seat. The first Gallatin County court met on May 14, 1799, at the brick home of Richard and Sarah Masterson—leading Methodists, and Richard an early trustee of Port William—which still stands on the east side of town. In 1838 the Kentucky legislature formed Carroll County, partly out of Gallatin, and changed the town’s name to Carrollton, both in honor of Charles Carroll of Carrollton, the Maryland signer of the Declaration of Independence; Carrollton became the new county’s seat. The map pin marks Point Park at the confluence.","description":"Where the Kentucky River empties into the Ohio, Gen. Charles Scott built a blockhouse in 1789 to protect settlers, according to the Kentucky Historical Society marker at Point Park. The town at the river mouth was first settled in 1792 and called Port William. Benjamin Craig, who had come to Kentucky with the Traveling Church led by his brother Lewis Craig, laid off the town on 613 acres that he and James Hawkins owned, and the legislature incorporated Port William in 1794; Craig had built the first brick house in the county in 1792. When Gallatin County was formed on December 14, 1798, from parts of Franklin and Shelby counties, Port William served as its county seat. The first Gallatin County court met on May 14, 1799, at the brick home of Richard and Sarah Masterson—leading Methodists, and Richard an early trustee of Port William—which still stands on the east side of town. In 1838 the Kentucky legislature formed Carroll County, partly out of Gallatin, and changed the town’s name to Carrollton, both in honor of Charles Carroll of Carrollton, the Maryland signer of the Declaration of Independence; Carrollton became the new county’s seat. The map pin marks Point Park at the confluence.","website":"https://history.ky.gov/markers/carrollton","category":"town","source_date":"2026-10-05","year_start":1792,"year_end":1838,"photo":{"image_url":"/content/photos/stories/carrollton-from-port-william.jpg","title":"Richard Masterson House, Carrollton—where the first Gallatin County court met in 1799 (photographed 2013)","source_url":"https://commons.wikimedia.org/wiki/File:Richard_Masterson_House_at_Carrollton.jpg","source_label":"Wikimedia Commons","attribution":"Nyttend · Wikimedia Commons · public domain","year":2013},"yearStart":1792,"yearEnd":1838,"era":"early-commonwealth","layer":"history","county":"Carroll"}},{"type":"Feature","geometry":{"type":"Point","coordinates":[-88.64,37.1]},"properties":{"id":"rowlandton-mound-site-15mcn3-mccracken","name":"Rowlandton Mound Site (15McN3), Paducah","title":"Rowlandton Mound Site (15McN3), Paducah","subtitle":"McCracken County · Paducah, oxbow lake edge south of the Ohio · Mississippian platform mound and village · occupation ~1100–1350 CE · pin rounded to 0.01°","history":"The Rowlandton Mound Site (15MCN3) is a Mississippian town site inside present-day Paducah, on the edge of an old oxbow lake a little south of the Ohio River. People lived there from about 1100 to about 1350 CE. The 3-hectare (7.4-acre) site has a large platform mound and an associated village area, roughly the size of the Wickliffe Mounds site in far western Kentucky. Archaeologists once thought that large civic centers in western Kentucky such as Rowlandton, Twin Mounds and Tolu were 13th-century expansions of the Kincaid Mounds polity in nearby southern Illinois, but excavations in 2006 by Kit Wesler of Murray State University showed that this was not the case; the centers were probably founded by local Late Woodland peoples. The map pin is the site’s published coordinate rounded to two decimals (about 1 km), the site’s rule for archaeological pins.","description":"The Rowlandton Mound Site (15MCN3) is a Mississippian town site inside present-day Paducah, on the edge of an old oxbow lake a little south of the Ohio River. People lived there from about 1100 to about 1350 CE. The 3-hectare (7.4-acre) site has a large platform mound and an associated village area, roughly the size of the Wickliffe Mounds site in far western Kentucky. Archaeologists once thought that large civic centers in western Kentucky such as Rowlandton, Twin Mounds and Tolu were 13th-century expansions of the Kincaid Mounds polity in nearby southern Illinois, but excavations in 2006 by Kit Wesler of Murray State University showed that this was not the case; the centers were probably founded by local Late Woodland peoples. The map pin is the site’s published coordinate rounded to two decimals (about 1 km), the site’s rule for archaeological pins.","website":"https://en.wikipedia.org/wiki/Rowlandton_Mound_Site","category":"archaeology","source_date":"2026-10-05","year_start":1100,"year_end":1350,"photo":{"image_url":"/content/photos/stories/rowlandton-mound-site-15mcn3-paducah.jpg","title":"The Rowlandton platform mound in Paducah, with a pit dug by archaeologists","source_url":"https://commons.wikimedia.org/wiki/File:Rowlandtown_Mound_with_pit_dug_by_archaeologists_HRoe_2003_01.jpg","source_label":"Wikimedia Commons","attribution":"Herb Roe, www.chromesun.com · Wikimedia Commons · CC BY-SA 3.0","year":2003},"yearStart":1100,"yearEnd":1350,"era":"native","layer":"history","county":"McCracken"}},{"type":"Feature","geometry":{"type":"Point","coordinates":[-85.90619,37.17928]},"properties":{"id":"hidden-river-cave-horse-cave-1890-1943","name":"Hidden River Cave (Horse Cave)","title":"Hidden River Cave (Horse Cave)","subtitle":"Hart County · sinkhole entrance at 119 E. Main St., Horse Cave · turbine 1890 · generator 1892 · tours 1912–1943 · American Cave Museum 1992","history":"Hidden River Cave lies directly beneath the town of Horse Cave in Hart County, and its main entrance is a large sinkhole at 119 East Main Street. The cave stream was the town’s water source, and attempts to set up public waterworks in the cave go back to 1879. Dentist George A. Thomas moved to Horse Cave in 1888, bought a house by the entrance and, a year later, bought the cave for $375. In 1890 a vertical-shaft turbine was built below the junction of the two cave streams to drive the pumps, and in 1892 an added electrical generator lit the Thomas home, his dental office and two other buildings—making Horse Cave, the cave’s operators say, the first town in Kentucky with incandescent lights (Louisville had electric arc lights earlier). The cave offered commercial tours from 1912 through 1943, though the same history dates the opening of a half-mile tour section to 1916. Domestic and industrial sewage dumped into sinkholes and wells fouled the stream; with noxious odors, low wartime visitation and a failed lawsuit, the tours closed in 1943, and the cave became known as one of the most polluted in America. A regional sewage treatment system stopped the sewage in December 1989, the stream began to recover, and in 1992 the American Cave Museum opened beside the entrance and the steps down to the underground river were rebuilt. Tours reached Sunset Dome again in 2020.","description":"Hidden River Cave lies directly beneath the town of Horse Cave in Hart County, and its main entrance is a large sinkhole at 119 East Main Street. The cave stream was the town’s water source, and attempts to set up public waterworks in the cave go back to 1879. Dentist George A. Thomas moved to Horse Cave in 1888, bought a house by the entrance and, a year later, bought the cave for $375. In 1890 a vertical-shaft turbine was built below the junction of the two cave streams to drive the pumps, and in 1892 an added electrical generator lit the Thomas home, his dental office and two other buildings—making Horse Cave, the cave’s operators say, the first town in Kentucky with incandescent lights (Louisville had electric arc lights earlier). The cave offered commercial tours from 1912 through 1943, though the same history dates the opening of a half-mile tour section to 1916. Domestic and industrial sewage dumped into sinkholes and wells fouled the stream; with noxious odors, low wartime visitation and a failed lawsuit, the tours closed in 1943, and the cave became known as one of the most polluted in America. A regional sewage treatment system stopped the sewage in December 1989, the stream began to recover, and in 1992 the American Cave Museum opened beside the entrance and the steps down to the underground river were rebuilt. Tours reached Sunset Dome again in 2020.","website":"https://hiddenrivercave.com/hidden-river-cave-history/","category":"industry","source_date":"2026-10-05","year_start":1890,"year_end":1943,"photo":{"image_url":"/content/photos/stories/hidden-river-cave-under-horse-cave.jpg","title":"The sinkhole entrance to Hidden River Cave in Horse Cave (photographed 2022)","source_url":"https://commons.wikimedia.org/wiki/File:Hidden_River_Cave_sinkhole_(Horse_Cave,_Kentucky,_USA).jpg","source_label":"Wikimedia Commons","attribution":"James St. John · Wikimedia Commons · CC BY 2.0","year":2022},"yearStart":1890,"yearEnd":1943,"era":"other","layer":"history","county":"Hart"}},{"type":"Feature","geometry":{"type":"Point","coordinates":[-84.1756194,38.0877684]},"properties":{"id":"gen-charles-scott-canewood-clark-1785-1813","name":"Canewood, Gen. Charles Scott’s last home (KHS marker #116)","title":"Canewood, Gen. Charles Scott’s last home (KHS marker #116)","subtitle":"Clark County · KHS marker #116, KY 627 about 6½ mi N of Winchester · Scott in Kentucky 1785–1813 · Scott’s Landing/Petersburg near Versailles not mapped","county":"Clark","history":"Revolutionary War general Charles Scott first saw Kentucky in 1785, coming down the Ohio to Limestone, and moved his family out in 1787 to land near present-day Versailles, where he built a two-story log house, a stockade, and a tobacco inspection warehouse at what became Scott's Landing. That June, Shawnee warriors killed his son Samuel as he crossed the Ohio in a canoe while Scott watched from the bank, and another son, Merritt, was killed in Harmar's 1790 campaign. Scott sold lots for a town he called Petersburg and offered it as the new state capital in 1792, but Frankfort won, and Petersburg never grew into a real town. In 1791 he led Kentucky mounted volunteers against the Wea towns on the Wabash. He went on to lead Kentucky's mounted volunteers under Anthony Wayne at Fallen Timbers in 1794, served as the fourth governor from 1808 to 1812, died at his Canewood estate in 1813, and was reburied in Frankfort Cemetery in 1854. Scott County and Scottsville are named for him. The map pin marks the Kentucky Historical Society's Canewood marker in Clark County, for the house Scott shared with his wife, the widow of Col. Nathaniel Gist, in his last years; the sites of Scott's Landing and Petersburg near Versailles are not mapped.","description":"Revolutionary War general Charles Scott first saw Kentucky in 1785, coming down the Ohio to Limestone, and moved his family out in 1787 to land near present-day Versailles, where he built a two-story log house, a stockade, and a tobacco inspection warehouse at what became Scott's Landing. That June, Shawnee warriors killed his son Samuel as he crossed the Ohio in a canoe while Scott watched from the bank, and another son, Merritt, was killed in Harmar's 1790 campaign. Scott sold lots for a town he called Petersburg and offered it as the new state capital in 1792, but Frankfort won, and Petersburg never grew into a real town. In 1791 he led Kentucky mounted volunteers against the Wea towns on the Wabash. He went on to lead Kentucky's mounted volunteers under Anthony Wayne at Fallen Timbers in 1794, served as the fourth governor from 1808 to 1812, died at his Canewood estate in 1813, and was reburied in Frankfort Cemetery in 1854. Scott County and Scottsville are named for him. The map pin marks the Kentucky Historical Society's Canewood marker in Clark County, for the house Scott shared with his wife, the widow of Col. Nathaniel Gist, in his last years; the sites of Scott's Landing and Petersburg near Versailles are not mapped.","website":"https://en.wikipedia.org/wiki/Charles_Scott_(Kentucky_politician)","category":"person","source_date":"2026-10-06","year_start":1785,"year_end":1813,"photo":{"image_url":"/content/photos/stories/gen-charles-scott-and-petersburg.jpg","title":"Gen. Charles Scott (portrait, published 1907)","source_url":"https://commons.wikimedia.org/wiki/File:Portrait_of_Charles_Scott.jpg","source_label":"Wikimedia Commons","attribution":"Unknown artist · Wikimedia Commons · public domain","year":1907},"yearStart":1785,"yearEnd":1813,"era":"frontier","layer":"history"}},{"type":"Feature","geometry":{"type":"Point","coordinates":[-83.7330833,38.4229167]},"properties":{"id":"flemingsburg-stockton-fleming-1787-1812","name":"Flemingsburg (Fleming County courthouse)","title":"Flemingsburg (Fleming County courthouse)","subtitle":"Fleming County · courthouse lawn, Flemingsburg (KHS marker #950) · Stockton’s Station 1787 · Fleming’s Station 1788 · county seat 1798 · incorporated 1812","history":"Col. John Fleming came into the hill country south of Limestone in 1776 to mark and improve land, served as an officer in the Revolution, and built Fleming's Station in 1788. It was the second fort in the area. The first was Stockton's Station, built in 1787 by his half-brother, Maj. George Stockton, who had raised a crop on the spot in 1786 while still living at Strode's Station. Stockton owned the land where the town grew, laid it out in the mid-1790s (the Kentucky Historical Society marker says 1796), and named it for his half-brother. When Fleming County was cut from Mason in 1798 as Kentucky's 26th county, Flemingsburg became its seat, and the legislature incorporated the town in 1812. The country stayed dangerous for years: Robert Stockton was killed by Indians in 1789 and still lies under stacked rock slabs in a field in eastern Fleming County. The map pin marks the Fleming County marker on the courthouse lawn in Flemingsburg.","description":"Col. John Fleming came into the hill country south of Limestone in 1776 to mark and improve land, served as an officer in the Revolution, and built Fleming's Station in 1788. It was the second fort in the area. The first was Stockton's Station, built in 1787 by his half-brother, Maj. George Stockton, who had raised a crop on the spot in 1786 while still living at Strode's Station. Stockton owned the land where the town grew, laid it out in the mid-1790s (the Kentucky Historical Society marker says 1796), and named it for his half-brother. When Fleming County was cut from Mason in 1798 as Kentucky's 26th county, Flemingsburg became its seat, and the legislature incorporated the town in 1812. The country stayed dangerous for years: Robert Stockton was killed by Indians in 1789 and still lies under stacked rock slabs in a field in eastern Fleming County. The map pin marks the Fleming County marker on the courthouse lawn in Flemingsburg.","website":"https://history.ky.gov/markers/fleming-county","category":"town","source_date":"2026-10-06","year_start":1787,"year_end":1812,"photo":{"image_url":"/content/photos/stories/flemingsburg-stocktons-town.jpg","title":"Fleming County Courthouse, Flemingsburg (photographed 2007)—a later courthouse on the county seat Stockton laid out","source_url":"https://commons.wikimedia.org/wiki/File:Fleming_County,_Kentucky_courthouse_2.jpg","source_label":"Wikimedia Commons","attribution":"FloNight (Sydney Poore) and Russell Poore · Wikimedia Commons · CC BY-SA 4.0","year":2007},"yearStart":1787,"yearEnd":1812,"era":"frontier","layer":"history","county":"Fleming"}},{"type":"Feature","geometry":{"type":"Point","coordinates":[-85.79375,38.24837]},"properties":{"id":"stitzel-brothers-distillery-maple-st-jefferson-1879-1935","name":"Stitzel Brothers Distillery remains, 25th & Maple, Louisville","title":"Stitzel Brothers Distillery remains, 25th & Maple, Louisville","subtitle":"Jefferson County · 2501 Maple St., western Louisville · Stitzel barrel-rack patent 1879 · Stitzel-Weller opens in Shively 1935","history":"Before 1879, Kentucky warehousemen rolled barrels into lines on the floor, laid a pair of wooden rails across them, and rolled another row on top, three or four barrels high. Reaching a bottom barrel meant taking the whole line apart, the weight made the lower barrels leak, and poor air flow could leave whiskey musty after a hot summer. Louisville distiller Frederick Stitzel, working on the problem at the Glencoe Distillery, patented a fix in 1879: timber frames with projecting rails, so every barrel rested on its own ledge with air all around it and any one could be rolled out without disturbing the rest. The racks stood free of the building's walls, and insurance maps of the era started labeling such buildings \"patent warehouses.\" The rick system is still the standard in Kentucky rickhouses, and the family name carried on: the A. Ph. Stitzel Distillery later joined W. L. Weller & Sons, and Stitzel-Weller opened in Shively on Derby Day 1935. Stitzel’s racks came eighteen years before E. H. Taylor Jr.’s Bottled-in-Bond Act of 1897. The map pin marks the surviving buildings of the Stitzel Brothers Distillery at 25th and Maple streets in western Louisville; the site of the Glencoe Distillery is not mapped.","description":"Before 1879, Kentucky warehousemen rolled barrels into lines on the floor, laid a pair of wooden rails across them, and rolled another row on top, three or four barrels high. Reaching a bottom barrel meant taking the whole line apart, the weight made the lower barrels leak, and poor air flow could leave whiskey musty after a hot summer. Louisville distiller Frederick Stitzel, working on the problem at the Glencoe Distillery, patented a fix in 1879: timber frames with projecting rails, so every barrel rested on its own ledge with air all around it and any one could be rolled out without disturbing the rest. The racks stood free of the building's walls, and insurance maps of the era started labeling such buildings \"patent warehouses.\" The rick system is still the standard in Kentucky rickhouses, and the family name carried on: the A. Ph. Stitzel Distillery later joined W. L. Weller & Sons, and Stitzel-Weller opened in Shively on Derby Day 1935. Stitzel’s racks came eighteen years before E. H. Taylor Jr.’s Bottled-in-Bond Act of 1897. The map pin marks the surviving buildings of the Stitzel Brothers Distillery at 25th and Maple streets in western Louisville; the site of the Glencoe Distillery is not mapped.","website":"https://bourbonveach.com/2022/09/26/patent-warehouses-with-barrel-racks/","category":"bourbon","source_date":"2026-10-06","year_start":1879,"year_end":1935,"photo":{"image_url":"/content/photos/stories/frederick-stitzels-barrel-racks-1879.jpg","title":"Stitzel-Weller Distillery in Shively (photographed 2017)—opened 1935, a later stand-in, not Stitzel’s 1879 warehouse","source_url":"https://commons.wikimedia.org/wiki/File:Stitzel-Weller_Distillery_1_(cropped).jpg","source_label":"Wikimedia Commons","attribution":"Timothyjosephwood · Wikimedia Commons · CC BY-SA 4.0","year":2017},"yearStart":1879,"yearEnd":1935,"era":"other","layer":"history","county":"Jefferson"}},{"type":"Feature","geometry":{"type":"Point","coordinates":[-85.10823,38.18519]},"properties":{"id":"jeptha-knob-clay-village-shelby-1887-1925","name":"Jeptha’s Knob marker, Clay Village (KHS #161)","title":"Jeptha’s Knob marker, Clay Village (KHS #161)","subtitle":"Shelby County · KHS marker #161 at Clay Village @ Jeptha Knob Road · suspected impact structure · described 1887 (Linney), mapped 1925 (Bucher) · knob on private land","history":"About eight miles east of Shelbyville near Clay Village, Jeptha Knob rises some 300 feet above the surrounding farmland and is the highest point in the Bluegrass. Underneath is a circular structure nearly three miles across: a core of uplifted, shattered Ordovician limestone and shale ringed by concentric and radial faults, later buried under flat-lying Silurian rock. William Linney of the Kentucky Geological Survey first described it in 1887, and Walter Bucher mapped it in 1925 and called it \"cryptovolcanic,\" the word still on its roadside marker. Most geologists now suspect a meteorite or comet strike around the end of the Ordovician, roughly 440 million years ago, and unusually high iridium in its broken rock points that way, but it isn't on the official list of impact craters because no shatter cones or coesite have been found. The knob is on private land. The years on this story are the human ones, from Linney’s 1887 report to Bucher’s 1925 map. The map pin marks the Kentucky Historical Society’s Jeptha’s Knob marker at Clay Village; the knob itself is private.","description":"About eight miles east of Shelbyville near Clay Village, Jeptha Knob rises some 300 feet above the surrounding farmland and is the highest point in the Bluegrass. Underneath is a circular structure nearly three miles across: a core of uplifted, shattered Ordovician limestone and shale ringed by concentric and radial faults, later buried under flat-lying Silurian rock. William Linney of the Kentucky Geological Survey first described it in 1887, and Walter Bucher mapped it in 1925 and called it \"cryptovolcanic,\" the word still on its roadside marker. Most geologists now suspect a meteorite or comet strike around the end of the Ordovician, roughly 440 million years ago, and unusually high iridium in its broken rock points that way, but it isn't on the official list of impact craters because no shatter cones or coesite have been found. The knob is on private land. The years on this story are the human ones, from Linney’s 1887 report to Bucher’s 1925 map. The map pin marks the Kentucky Historical Society’s Jeptha’s Knob marker at Clay Village; the knob itself is private.","website":"https://www.uky.edu/KGS/geoky/fieldtrip/2005%20AIPG%20Guidebooks/JepthaKnob.pdf","category":"geology","source_date":"2026-10-06","year_start":1887,"year_end":1925,"photo":{"image_url":"/content/photos/stories/jeptha-knob-relief.jpg","title":"Jeptha Knob from above: USGS 3DEP lidar shaded relief of the knob's ring of ridges and radiating ravines, east of Clay Village (generated 2026)","source_url":"https://apps.nationalmap.gov/3depdem/","source_label":"USGS 3D Elevation Program","attribution":"U.S. Geological Survey, 3D Elevation Program · USGS The National Map · public domain","year":2026},"yearStart":1887,"yearEnd":1925,"era":"other","layer":"history","county":"Shelby"}},{"type":"Feature","geometry":{"type":"Point","coordinates":[-85.30327,37.10017]},"properties":{"id":"daniel-trabue-house-columbia-adair-1778-1840","name":"Daniel Trabue House, Columbia (KHS marker #1782)","title":"Daniel Trabue House, Columbia (KHS marker #1782)","subtitle":"Adair County · 299 Jamestown St., Columbia · KHS marker #1782 · house built ca. 1823 · Trabue in Kentucky 1778–1840","history":"Daniel Trabue (1760–1840), raised in Chesterfield County, Virginia, and descended from French Huguenots, came through Cumberland Gap as a teenager with his brother James and spent nearly three years in Kentucky, at Fort Boonesborough and Logan’s Fort. He went back to Virginia, peddled goods to American soldiers during the Yorktown campaign, married Mary Haskins in 1782, and brought his family down the Ohio in 1785. After several years in Fayette County near the Kentucky River, the family moved to the Green River country in present Adair County. There Trabue helped survey and establish the town of Columbia and served as town trustee, sheriff, and justice of the peace while running a grist mill, an inn, and a store. About 1823 he built a brick house on a hill above town; money troubles forced the family out in 1828. In 1827 he wrote his memoir of the pioneer years, including events at Logan’s Station, Boonesborough, and service under Anthony Wayne. It survives in the Draper Manuscripts and is read today as Westward into Kentucky: The Narrative of Daniel Trabue. The map pin marks his house at 299 Jamestown Street in Columbia (KHS marker #1782).","description":"Daniel Trabue (1760–1840), raised in Chesterfield County, Virginia, and descended from French Huguenots, came through Cumberland Gap as a teenager with his brother James and spent nearly three years in Kentucky, at Fort Boonesborough and Logan’s Fort. He went back to Virginia, peddled goods to American soldiers during the Yorktown campaign, married Mary Haskins in 1782, and brought his family down the Ohio in 1785. After several years in Fayette County near the Kentucky River, the family moved to the Green River country in present Adair County. There Trabue helped survey and establish the town of Columbia and served as town trustee, sheriff, and justice of the peace while running a grist mill, an inn, and a store. About 1823 he built a brick house on a hill above town; money troubles forced the family out in 1828. In 1827 he wrote his memoir of the pioneer years, including events at Logan’s Station, Boonesborough, and service under Anthony Wayne. It survives in the Draper Manuscripts and is read today as Westward into Kentucky: The Narrative of Daniel Trabue. The map pin marks his house at 299 Jamestown Street in Columbia (KHS marker #1782).","website":"https://explorekyhistory.ky.gov/items/show/216","category":"person","source_date":"2026-10-07","year_start":1778,"year_end":1840,"photo":{"image_url":"/content/photos/stories/daniel-trabue-of-columbia.jpg","title":"Daniel Trabue House, Columbia, built 1823 (photographed 2012)","source_url":"https://commons.wikimedia.org/wiki/File:DANIEL_TRABUE_HOUSE.jpg","source_label":"Wikimedia Commons","attribution":"Jerrye & Roy Klotz, MD · Wikimedia Commons · CC BY-SA 3.0","year":2012},"yearStart":1778,"yearEnd":1840,"era":"frontier","layer":"history","county":"Adair"}},{"type":"Feature","geometry":{"type":"Point","coordinates":[-86.89278,36.8425]},"properties":{"id":"russellville-logan-court-house-logan-1790-1810","name":"Russellville (Logan Court House), Logan County courthouse square","title":"Russellville (Logan Court House), Logan County courthouse square","subtitle":"Logan County · downtown Russellville at the courthouse square · Cook’s Station 1790 · Logan Court House 1792 · named for Gen. William Russell 1798 · established 1810","history":"The Logan County seat started as a spring with a string of names: Big Boiling Spring, Gasper Butcher’s Spring, Butcher’s Station. A local historian put Butcher there around 1780, but others have questioned it, and historian W. R. Jillson found no written record of anyone living on the site before 1790, when William Cook and his wife built Cook’s Cabin (Cook’s Station) about a mile east of today’s town, joined by 18-year-old William Stewart. The settlement became Logan Court House when it was picked as the seat of the new Logan County in 1792. Gen. William Russell, who held a 2,000-acre grant there for Revolutionary War service, donated land for the platted county seat in 1795; the town took his name in 1798, and the legislature formally established it on Jan. 15, 1810. The same county saw the Rev. James McGready’s June 1800 camp meeting at the Red River Meeting House, often counted as the start of the Revival of 1800, and Andrew Jackson’s fatal 1806 duel with Charles Dickinson at Harrison’s Mill. The map pin marks downtown Russellville at the courthouse square.","description":"The Logan County seat started as a spring with a string of names: Big Boiling Spring, Gasper Butcher’s Spring, Butcher’s Station. A local historian put Butcher there around 1780, but others have questioned it, and historian W. R. Jillson found no written record of anyone living on the site before 1790, when William Cook and his wife built Cook’s Cabin (Cook’s Station) about a mile east of today’s town, joined by 18-year-old William Stewart. The settlement became Logan Court House when it was picked as the seat of the new Logan County in 1792. Gen. William Russell, who held a 2,000-acre grant there for Revolutionary War service, donated land for the platted county seat in 1795; the town took his name in 1798, and the legislature formally established it on Jan. 15, 1810. The same county saw the Rev. James McGready’s June 1800 camp meeting at the Red River Meeting House, often counted as the start of the Revival of 1800, and Andrew Jackson’s fatal 1806 duel with Charles Dickinson at Harrison’s Mill. The map pin marks downtown Russellville at the courthouse square.","website":"https://en.wikipedia.org/wiki/Russellville,_Kentucky","category":"town","source_date":"2026-10-07","year_start":1790,"year_end":1810,"photo":{"image_url":"/content/photos/stories/russellville-from-big-boiling-spring-to-county-seat.jpg","title":"Logan County Courthouse, Russellville (photographed 2008)—a later courthouse on the county seat, not the 1790s town","source_url":"https://commons.wikimedia.org/wiki/File:Logan_County_courthouse_Kentucky.JPG","source_label":"Wikimedia Commons","attribution":"Bedford at en.wikipedia · Wikimedia Commons · public domain","year":2008},"yearStart":1790,"yearEnd":1810,"era":"frontier","layer":"history","county":"Logan"}},{"type":"Feature","geometry":{"type":"Point","coordinates":[-83.936,37.911]},"properties":{"id":"pilot-knob-boones-overlook-powell-1769","name":"Pilot Knob State Nature Preserve (Boone’s Overlook)","title":"Pilot Knob State Nature Preserve (Boone’s Overlook)","subtitle":"Powell County · Pilot Knob State Nature Preserve · Boone and Finley’s traditional first view of the Bluegrass, June 7, 1769 · preserve dedicated 1985","history":"Pilot Knob, a 730-foot sandstone outcrop in Powell County, is believed to be where Daniel Boone and John Finley first looked out over the Bluegrass. By tradition they reached the summit on June 7, 1769, before making camp and exploring the country beyond; Finley called it “the beautiful level of Kentucky,” and John Filson’s 1784 Boone narrative has Boone recalling that he “had gained the summit of a commanding ridge” and “beheld the ample plains, the beauteous tracts below.” The Kentucky Historical Society marks June 7 as Boone Day. The knob, also called Boone’s Overlook, is Pennsylvanian conglomerate sandstone, and pieces of it were once quarried for millstones. From the top you can see the Cumberland Plateau, the Knobs, and the Bluegrass. The state dedicated the first 308 acres as Pilot Knob State Nature Preserve on Sept. 26, 1985; it has since grown to about 1,258 acres with two strenuous trails. The map pin marks the preserve, near the knob.","description":"Pilot Knob, a 730-foot sandstone outcrop in Powell County, is believed to be where Daniel Boone and John Finley first looked out over the Bluegrass. By tradition they reached the summit on June 7, 1769, before making camp and exploring the country beyond; Finley called it “the beautiful level of Kentucky,” and John Filson’s 1784 Boone narrative has Boone recalling that he “had gained the summit of a commanding ridge” and “beheld the ample plains, the beauteous tracts below.” The Kentucky Historical Society marks June 7 as Boone Day. The knob, also called Boone’s Overlook, is Pennsylvanian conglomerate sandstone, and pieces of it were once quarried for millstones. From the top you can see the Cumberland Plateau, the Knobs, and the Bluegrass. The state dedicated the first 308 acres as Pilot Knob State Nature Preserve on Sept. 26, 1985; it has since grown to about 1,258 acres with two strenuous trails. The map pin marks the preserve, near the knob.","website":"https://en.wikipedia.org/wiki/Pilot_Knob_State_Nature_Preserve","category":"landmark","source_date":"2026-10-07","year_start":1769,"year_end":1769,"photo":{"image_url":"/content/photos/stories/pilot-knob-boones-overlook-1769.jpg","title":"Pilot Knob State Nature Preserve, Powell County (uploaded 2008)","source_url":"https://commons.wikimedia.org/wiki/File:Pilot_Knob_Photo.jpg","source_label":"Wikimedia Commons","attribution":"GRChistory · Wikimedia Commons · CC BY-SA 4.0","year":2008},"yearStart":1769,"yearEnd":1769,"era":"frontier","layer":"history","county":"Powell"}},{"type":"Feature","geometry":{"type":"Point","coordinates":[-83.76,37.16]},"properties":{"id":"red-bird-river-petroglyphs-eriline-clay","name":"Red Bird River Petroglyphs, original site near Eriline (15CY51)","title":"Red Bird River Petroglyphs, original site near Eriline (15CY51)","subtitle":"Clay County · original cliff site above the Red Bird River near Eriline (generalized) · carvings undated · fell Dec. 7, 1994; now in Rawlings–Stinson Park, Manchester","history":"A 50-ton sandstone block cut with petroglyphs sat in a cliff above the Red Bird River near Eriline in Clay County. The inscribed face was about 5½ feet high and 20 feet long, with sharp, linear carvings that the authors of Rock Art of Kentucky called “different from any of the previously reported Kentucky petroglyphs.” Nobody has dated them: a state marker credits a legendary Cherokee chief named Red Bird, but the Kentucky Historical Society itself has said there are no reliable dates, and writers have described the marks as possibly Native, colonial, or both. That gap is why this story carries no years. The site, 15CY51, went on the National Register in September 1989. Building and widening KY 66 undercut the face, and on Dec. 7, 1994, the block fell onto the road at Lower Red Bird; two days later it was moved to Rawlings–Stinson Park in Manchester, where it sits roofed and fenced. It was taken off the Register in 2003. A sign at the park claims eight Old World alphabets on the stone, a fringe claim scholars reject. It isn’t the Red Bird River Shelter (15CY52) across the river. The map pin is the original riverside site, rounded to two decimals.","description":"A 50-ton sandstone block cut with petroglyphs sat in a cliff above the Red Bird River near Eriline in Clay County. The inscribed face was about 5½ feet high and 20 feet long, with sharp, linear carvings that the authors of Rock Art of Kentucky called “different from any of the previously reported Kentucky petroglyphs.” Nobody has dated them: a state marker credits a legendary Cherokee chief named Red Bird, but the Kentucky Historical Society itself has said there are no reliable dates, and writers have described the marks as possibly Native, colonial, or both. That gap is why this story carries no years. The site, 15CY51, went on the National Register in September 1989. Building and widening KY 66 undercut the face, and on Dec. 7, 1994, the block fell onto the road at Lower Red Bird; two days later it was moved to Rawlings–Stinson Park in Manchester, where it sits roofed and fenced. It was taken off the Register in 2003. A sign at the park claims eight Old World alphabets on the stone, a fringe claim scholars reject. It isn’t the Red Bird River Shelter (15CY52) across the river. The map pin is the original riverside site, rounded to two decimals.","website":"https://en.wikipedia.org/wiki/Red_Bird_River_Petroglyphs","category":"archaeology","source_date":"2026-10-07","photo":{"image_url":"/content/photos/stories/red-bird-river-petroglyphs-clay-county.jpg","title":"The Red Bird inscription in place above the Red Bird River, about 1988, before it fell","source_url":"https://commons.wikimedia.org/wiki/File:RedBirdMcC5.jpg","source_label":"Wikimedia Commons","attribution":"HuMcCulloch · Wikimedia Commons · CC BY-SA 4.0","year":1988},"yearStart":-10000,"yearEnd":-1000,"era":"prehistoric","layer":"history","county":"Clay"}},{"type":"Feature","geometry":{"type":"Point","coordinates":[-86.98,37.27]},"properties":{"id":"mclean-drift-bank-paradise-muhlenberg-1820-1967","name":"McLean Drift Bank, old Paradise on the Green River (generalized)","title":"McLean Drift Bank, old Paradise on the Green River (generalized)","subtitle":"Muhlenberg County · Green River at the lost town of Paradise (generalized point) · first commercial coal mine in Kentucky 1820 · TVA buyout of Paradise 1967","history":"Explorer Thomas Walker found coal in what would become Kentucky in 1750 and burned it in his campfire, but nobody mined it for sale for another seventy years. In 1820 Kentucky’s first commercial coal mine, the McLean Drift Bank, opened along the Green River at what became the village of Paradise in Muhlenberg County, and it produced 328 tons in its first year. For decades the Western Coalfield carried the whole state: 100,000 tons by 1843 and a million tons by 1879, the year the first commercial mine in the Eastern Coalfield opened in Bell County. Paradise began as Stom’s Landing, named for Leonard Stom, who ran a ferry there, and it became a coal-mining town. The sources don’t say when the drift bank itself closed. TVA began building its Paradise coal plant on the town site in 1959, bought out the last residents in 1967, and demolished the town, which lives on in John Prine’s song “Paradise.” The exact mine site isn’t published, so the map pin is a generalized point at old Paradise.","description":"Explorer Thomas Walker found coal in what would become Kentucky in 1750 and burned it in his campfire, but nobody mined it for sale for another seventy years. In 1820 Kentucky’s first commercial coal mine, the McLean Drift Bank, opened along the Green River at what became the village of Paradise in Muhlenberg County, and it produced 328 tons in its first year. For decades the Western Coalfield carried the whole state: 100,000 tons by 1843 and a million tons by 1879, the year the first commercial mine in the Eastern Coalfield opened in Bell County. Paradise began as Stom’s Landing, named for Leonard Stom, who ran a ferry there, and it became a coal-mining town. The sources don’t say when the drift bank itself closed. TVA began building its Paradise coal plant on the town site in 1959, bought out the last residents in 1967, and demolished the town, which lives on in John Prine’s song “Paradise.” The exact mine site isn’t published, so the map pin is a generalized point at old Paradise.","website":"https://en.wikipedia.org/wiki/Muhlenberg_County,_Kentucky","category":"industry","source_date":"2026-10-07","year_start":1820,"year_end":1967,"photo":{"image_url":"/content/photos/stories/mclean-drift-bank-kentuckys-first-commercial-coal-mine.jpg","title":"TVA’s Paradise Fossil Plant on the old town site (undated TVA photo)—a stand-in, not the 1820 mine","source_url":"https://commons.wikimedia.org/wiki/File:Paradise_Fossil_Plant.jpg","source_label":"Wikimedia Commons","attribution":"Tennessee Valley Authority · Wikimedia Commons · public domain"},"yearStart":1820,"yearEnd":1967,"era":"early-commonwealth","layer":"history","county":"Muhlenberg"}},{"type":"Feature","geometry":{"type":"Point","coordinates":[-84.8816833,38.1986833]},"properties":{"id":"wilkinson-love-house-frankfort-franklin-1784-1792","name":"Gen. James Wilkinson’s Love House site, Frankfort (KHS marker #1182)","title":"Gen. James Wilkinson’s Love House site, Frankfort (KHS marker #1182)","subtitle":"Franklin County · Wapping & Wilkinson Sts., Frankfort · house built ca. 1786 by Wilkinson · Frankfort laid out 1786 · Spanish oath 1787 · Frankfort land sold 1792","history":"James Wilkinson (1757–1825), born in Maryland, was brevetted a brigadier general in November 1777, at 20, after carrying news of the Saratoga victory to Congress, though he was soon pushed to resign. He moved to Kentucky in 1784 and threw himself into the fight to separate from Virginia. He bought land at Frank’s Ford on the Kentucky River from Humphrey Marshall, won Virginia’s approval in 1786 to lay out a town there, and drew the street plan of what became Frankfort; about 1786 he also built the house later called the Love House, where the legislature first met in 1793. In April 1787 he made a trading trip down the Mississippi to New Orleans, capital of Spanish Louisiana, where Gov. Esteban Miró agreed to let Kentucky trade on the river in return for Wilkinson’s promise to serve Spanish interests. On Aug. 22, 1787, Wilkinson signed an expatriation declaration and swore allegiance to the King of Spain. His “First Memorial” urged Spain to take Kentuckians under its protection, and his letters were written in a cipher called “Number 13,” the source of his nickname, Agent 13. He chaired a committee at the November 1788 separation convention but could not swing it toward Spain, and in 1792 he sold his Frankfort land to Andrew Holmes. He went on to serve twice as the senior officer of the U.S. Army while still secretly taking Spanish money. Historian Charles Gayarré published his letters to Miró in 1854, proving what many had suspected. Theodore Roosevelt wrote that “in all our history, there is no more despicable character,” and Frederick Jackson Turner called him “the most consummate artist in treason that the nation ever possessed.” The map pin marks the site of the Love House at Wapping and Wilkinson streets in Frankfort (KHS marker #1182).","description":"James Wilkinson (1757–1825), born in Maryland, was brevetted a brigadier general in November 1777, at 20, after carrying news of the Saratoga victory to Congress, though he was soon pushed to resign. He moved to Kentucky in 1784 and threw himself into the fight to separate from Virginia. He bought land at Frank’s Ford on the Kentucky River from Humphrey Marshall, won Virginia’s approval in 1786 to lay out a town there, and drew the street plan of what became Frankfort; about 1786 he also built the house later called the Love House, where the legislature first met in 1793. In April 1787 he made a trading trip down the Mississippi to New Orleans, capital of Spanish Louisiana, where Gov. Esteban Miró agreed to let Kentucky trade on the river in return for Wilkinson’s promise to serve Spanish interests. On Aug. 22, 1787, Wilkinson signed an expatriation declaration and swore allegiance to the King of Spain. His “First Memorial” urged Spain to take Kentuckians under its protection, and his letters were written in a cipher called “Number 13,” the source of his nickname, Agent 13. He chaired a committee at the November 1788 separation convention but could not swing it toward Spain, and in 1792 he sold his Frankfort land to Andrew Holmes. He went on to serve twice as the senior officer of the U.S. Army while still secretly taking Spanish money. Historian Charles Gayarré published his letters to Miró in 1854, proving what many had suspected. Theodore Roosevelt wrote that “in all our history, there is no more despicable character,” and Frederick Jackson Turner called him “the most consummate artist in treason that the nation ever possessed.” The map pin marks the site of the Love House at Wapping and Wilkinson streets in Frankfort (KHS marker #1182).","website":"https://en.wikipedia.org/wiki/James_Wilkinson","category":"person","source_date":"2026-10-08","year_start":1784,"year_end":1792,"photo":{"image_url":"/content/photos/stories/gen-james-wilkinson-kentuckys-agent-13.jpg","title":"Gen. James Wilkinson, oil portrait by Charles Willson Peale, 1797","source_url":"https://commons.wikimedia.org/wiki/File:James_Wilkinson.jpg","source_label":"Wikimedia Commons","attribution":"Charles Willson Peale · Wikimedia Commons · public domain","year":1797},"yearStart":1784,"yearEnd":1792,"era":"frontier","layer":"history","county":"Franklin"}},{"type":"Feature","geometry":{"type":"Point","coordinates":[-85.74015,37.5757833]},"properties":{"id":"hodgenville-hodgens-mill-larue-1780-1843","name":"Hodgenville (Hodgen’s Mill), KHS marker #1096","title":"Hodgenville (Hodgen’s Mill), KHS marker #1096","subtitle":"LaRue County · Hodgenville, KY 61 · Phillips Fort 1780 · Hodgen’s mill 1789 · town established Feb. 1818 · LaRue County seat 1843","history":"The LaRue County seat grew up around a gristmill. The county’s first settlement was Phillips Fort, built in 1780 on the North Fork of the Nolin River by surveyor Philip Phillips and a company of settlers from Pennsylvania; it served as a refuge from Indian raids until about 1786, when it was safe enough to build homes, and it was then abandoned and taken down. Robert Hodgen, a Pennsylvania-born tavern keeper who bought land in the area, built a gristmill on the Nolin in 1789 within the protection of the fort. After his death, his widow and children petitioned for a town, and in February 1818 the Hardin County Court established Hodgenville on 27 acres of Hodgen land. The post office opened in 1826 (spelled Hodgensville until 1904), the town incorporated in 1839, and when LaRue County was formed from Hardin County on March 1, 1843, Hodgenville became its seat. In between, on Feb. 12, 1809, Abraham Lincoln was born in a cabin on Sinking Spring Farm a few miles south. For the centennial of his birth, Adolph Weinman’s bronze seated Lincoln was dedicated on the town square on May 31, 1909, with Robert Todd Lincoln in the crowd of more than 10,000. The map pin marks the KHS Hodgenville marker (#1096) in town.","description":"The LaRue County seat grew up around a gristmill. The county’s first settlement was Phillips Fort, built in 1780 on the North Fork of the Nolin River by surveyor Philip Phillips and a company of settlers from Pennsylvania; it served as a refuge from Indian raids until about 1786, when it was safe enough to build homes, and it was then abandoned and taken down. Robert Hodgen, a Pennsylvania-born tavern keeper who bought land in the area, built a gristmill on the Nolin in 1789 within the protection of the fort. After his death, his widow and children petitioned for a town, and in February 1818 the Hardin County Court established Hodgenville on 27 acres of Hodgen land. The post office opened in 1826 (spelled Hodgensville until 1904), the town incorporated in 1839, and when LaRue County was formed from Hardin County on March 1, 1843, Hodgenville became its seat. In between, on Feb. 12, 1809, Abraham Lincoln was born in a cabin on Sinking Spring Farm a few miles south. For the centennial of his birth, Adolph Weinman’s bronze seated Lincoln was dedicated on the town square on May 31, 1909, with Robert Todd Lincoln in the crowd of more than 10,000. The map pin marks the KHS Hodgenville marker (#1096) in town.","website":"https://history.ky.gov/markers/hodgenville","category":"town","source_date":"2026-10-08","year_start":1780,"year_end":1843,"photo":{"image_url":"/content/photos/stories/hodgenville-from-hodgens-mill-to-county-seat.jpg","title":"Hodgenville town square (photographed 2008)","source_url":"https://commons.wikimedia.org/wiki/File:Hodgenville_KY_Town_Square.jpg","source_label":"Wikimedia Commons","attribution":"Jamie · Wikimedia Commons · CC BY 2.0","year":2008},"yearStart":1780,"yearEnd":1843,"era":"frontier","layer":"history","county":"Larue"}},{"type":"Feature","geometry":{"type":"Point","coordinates":[-83.9368333,37.3931167]},"properties":{"id":"warriors-path-athiamiowee-gray-hawk-jackson-1674-1769","name":"Warriors’ Path (Athiamiowee), KHS marker #697, Gray Hawk","title":"Warriors’ Path (Athiamiowee), KHS marker #697, Gray Hawk","subtitle":"Jackson County · US 421 at Gray Hawk; the path ran along War Fork two miles east · Shawnee–Cherokee trail · travelers 1674–1769","history":"Long before the Wilderness Road, the main north–south route through eastern Kentucky was a Native trail the Shawnee called Athiamiowee, the “Path of the Armed Ones.” It linked the Shawnee and other nations north of the Ohio with the Cherokee towns of east Tennessee and the southern Appalachians. Like most Native routes it followed old game trails worn by elk and buffalo through gaps and valleys, and it was marked or blazed along the way. The Shawnee and Cherokee, often bitter enemies, both used it to reach the Kentucky hunting grounds and to raid each other, and English speakers were calling it the Warriors’ Path by the 1750s. In Kentucky it came north through Cumberland Gap, crossed the Cumberland River at Cumberland Ford (present Pineville), followed the river toward Flat Lick, then ran overland to Goose Creek in Clay County and along War Fork in Jackson County. It crossed Powell County and part of Clark County near the Shawnee town of Eskippakithiki, crossed the Licking River near Blue Licks, and reached the Ohio at Cabin Creek in Mason County. Gabriel Arthur followed it in 1674 after his Native captors released him, and Thomas Walker in 1750, Christopher Gist in 1751, and John Finley with Daniel Boone in 1769 all used it; John Filson’s 1784 map of Kentucky shows it. A Kentucky Historical Society marker (#697) on US 421 at Gray Hawk notes that the path ran along War Fork two miles east, and the map pin marks that marker.","description":"Long before the Wilderness Road, the main north–south route through eastern Kentucky was a Native trail the Shawnee called Athiamiowee, the “Path of the Armed Ones.” It linked the Shawnee and other nations north of the Ohio with the Cherokee towns of east Tennessee and the southern Appalachians. Like most Native routes it followed old game trails worn by elk and buffalo through gaps and valleys, and it was marked or blazed along the way. The Shawnee and Cherokee, often bitter enemies, both used it to reach the Kentucky hunting grounds and to raid each other, and English speakers were calling it the Warriors’ Path by the 1750s. In Kentucky it came north through Cumberland Gap, crossed the Cumberland River at Cumberland Ford (present Pineville), followed the river toward Flat Lick, then ran overland to Goose Creek in Clay County and along War Fork in Jackson County. It crossed Powell County and part of Clark County near the Shawnee town of Eskippakithiki, crossed the Licking River near Blue Licks, and reached the Ohio at Cabin Creek in Mason County. Gabriel Arthur followed it in 1674 after his Native captors released him, and Thomas Walker in 1750, Christopher Gist in 1751, and John Finley with Daniel Boone in 1769 all used it; John Filson’s 1784 map of Kentucky shows it. A Kentucky Historical Society marker (#697) on US 421 at Gray Hawk notes that the path ran along War Fork two miles east, and the map pin marks that marker.","website":"https://history.ky.gov/markers/warriors-path","category":"transport","source_date":"2026-10-08","year_start":1674,"year_end":1769,"photo":{"image_url":"/content/photos/stories/athiamiowee-the-warriors-path-through-kentucky.jpg","title":"The saddle of Cumberland Gap, where the Warriors’ Path entered Kentucky (photographed 2020)—a modern view of the gap, not the trail itself","source_url":"https://commons.wikimedia.org/wiki/File:Cumberland_Gap_Height_of_Land.jpg","source_label":"Wikimedia Commons","attribution":"Coasterlover1994 · Wikimedia Commons · CC BY-SA 4.0","year":2020},"yearStart":1674,"yearEnd":1769,"era":"frontier","layer":"history","county":"Jackson"}},{"type":"Feature","geometry":{"type":"Point","coordinates":[-83.02,38.72]},"properties":{"id":"old-fort-earthworks-15gp1-greenup","name":"Old Fort Earthworks (15Gp1), Portsmouth Earthworks Group A (generalized)","title":"Old Fort Earthworks (15Gp1), Portsmouth Earthworks Group A (generalized)","subtitle":"Greenup County · near South Portsmouth (generalized point) · Middle Woodland square enclosure, about 200 BC–AD 500","history":"Across the Ohio River from Portsmouth, Ohio, near South Portsmouth in Greenup County, Middle Woodland builders (about 200 BC to AD 500) raised the westernmost part of the Portsmouth Earthworks. Old Fort Earthworks (site 15Gp1) is a square earthen enclosure on a terrace above the Ohio floodplain. It surrounds 13.5 acres; its north and south walls run 825 feet and its east and west walls 822 feet, and its corners, not its walls, point to the four cardinal directions. Pairs of long, low parallel embankments, the “arms,” run out from the east and west walls, and walled roads once tied this group to the rest of the complex across the river, which E. G. Squier mapped in 1847. In 1774 a surveying party under Hanson, laying off land at the mouth of the Scioto for Patrick Henry, noted the enclosure in their journal and wrongly guessed it was the ruin of a 1750s stone trading house. WPA crews mapped and trenched it in 1938, the only systematic excavation, and found how the walls were built: the builders left the old topsoil in place, spread about two feet of nearby soil and humus over it, heaped thousands of basketloads of sand, gravel, loam, and clay into a six-foot core, then dressed the slope with yellow-brown clay. They also filled ravines and cut slopes to keep the walls level, and they and later Native groups kept the interior clean. It was listed on the National Register on Dec. 4, 1980, as Portsmouth Earthworks, Group A. The Kentucky Archaeological Survey does not publish site locations, so the map pin is the National Register point rounded to two decimals.","description":"Across the Ohio River from Portsmouth, Ohio, near South Portsmouth in Greenup County, Middle Woodland builders (about 200 BC to AD 500) raised the westernmost part of the Portsmouth Earthworks. Old Fort Earthworks (site 15Gp1) is a square earthen enclosure on a terrace above the Ohio floodplain. It surrounds 13.5 acres; its north and south walls run 825 feet and its east and west walls 822 feet, and its corners, not its walls, point to the four cardinal directions. Pairs of long, low parallel embankments, the “arms,” run out from the east and west walls, and walled roads once tied this group to the rest of the complex across the river, which E. G. Squier mapped in 1847. In 1774 a surveying party under Hanson, laying off land at the mouth of the Scioto for Patrick Henry, noted the enclosure in their journal and wrongly guessed it was the ruin of a 1750s stone trading house. WPA crews mapped and trenched it in 1938, the only systematic excavation, and found how the walls were built: the builders left the old topsoil in place, spread about two feet of nearby soil and humus over it, heaped thousands of basketloads of sand, gravel, loam, and clay into a six-foot core, then dressed the slope with yellow-brown clay. They also filled ravines and cut slopes to keep the walls level, and they and later Native groups kept the interior clean. It was listed on the National Register on Dec. 4, 1980, as Portsmouth Earthworks, Group A. The Kentucky Archaeological Survey does not publish site locations, so the map pin is the National Register point rounded to two decimals.","website":"https://archaeology.ky.gov/Find-a-Site/Pages/Old-Fort-Earthworks.aspx","category":"archaeology","source_date":"2026-10-08","year_start":-200,"year_end":500,"photo":{"image_url":"/content/photos/stories/old-fort-earthworks-15gp1-greenup-county.jpg","title":"A surviving wall of Portsmouth Earthworks Group A in South Portsmouth (photographed 2012)","source_url":"https://commons.wikimedia.org/wiki/File:Portsmouth_Earthworks,_Group_A,_wall_remnant.jpg","source_label":"Wikimedia Commons","attribution":"Nyttend · Wikimedia Commons · public domain","year":2012},"yearStart":-200,"yearEnd":500,"era":"prehistoric","layer":"history","county":"Greenup"}},{"type":"Feature","geometry":{"type":"Point","coordinates":[-84.1191667,38.2126389]},"properties":{"id":"cane-ridge-meeting-house-bourbon-1791-1804","name":"Cane Ridge Meeting House (KHS marker #51)","title":"Cane Ridge Meeting House (KHS marker #51)","subtitle":"Bourbon County · Cane Ridge, about 6 mi. east of Paris · log meeting house 1791 · camp meeting Aug. 1801 · Springfield Presbytery dissolved 1804","history":"About six miles east of Paris in Bourbon County, Presbyterian settlers built a meeting house of blue ash logs in 1791 on a ridge named for its canebrakes. Enslaved worshippers sat in a gallery reached by an outside ladder at the west end until an 1829 renovation removed it. Barton W. Stone began preaching at Cane Ridge in 1796. In August 1801 the congregation invited neighboring Presbyterian and Methodist churches to its annual communion, and from Aug. 6 to Aug. 12 or 13 the crowds kept coming. Estimates run from 10,000 to 20,000 or more; The Encyclopedia of the Stone-Campbell Movement figures that 20,000 could have come at some point during the week, nearly a tenth of Kentucky’s 1800 population, though probably no more than 10,000 at once. Eighteen Presbyterian ministers and numerous Methodists and Baptists preached, often at the same time in different parts of the camp, from the meeting house, outdoor platforms, stumps, wagons, and fallen trees, and 800 to 1,100 people took communion. It was the largest and most famous camp meeting of the Second Great Awakening and set off a wave of smaller camp meetings across the frontier. In 1804 Stone and other Presbyterian ministers signed “The Last Will and Testament of the Springfield Presbytery” at Cane Ridge (the state marker dates the new “Christian Church” to June 28, 1804), starting a movement that joined Thomas and Alexander Campbell’s followers in 1832. In the 1930s a stone building was put up around the original log meeting house, which still stands inside it. The map pin marks the meeting house.","description":"About six miles east of Paris in Bourbon County, Presbyterian settlers built a meeting house of blue ash logs in 1791 on a ridge named for its canebrakes. Enslaved worshippers sat in a gallery reached by an outside ladder at the west end until an 1829 renovation removed it. Barton W. Stone began preaching at Cane Ridge in 1796. In August 1801 the congregation invited neighboring Presbyterian and Methodist churches to its annual communion, and from Aug. 6 to Aug. 12 or 13 the crowds kept coming. Estimates run from 10,000 to 20,000 or more; The Encyclopedia of the Stone-Campbell Movement figures that 20,000 could have come at some point during the week, nearly a tenth of Kentucky’s 1800 population, though probably no more than 10,000 at once. Eighteen Presbyterian ministers and numerous Methodists and Baptists preached, often at the same time in different parts of the camp, from the meeting house, outdoor platforms, stumps, wagons, and fallen trees, and 800 to 1,100 people took communion. It was the largest and most famous camp meeting of the Second Great Awakening and set off a wave of smaller camp meetings across the frontier. In 1804 Stone and other Presbyterian ministers signed “The Last Will and Testament of the Springfield Presbytery” at Cane Ridge (the state marker dates the new “Christian Church” to June 28, 1804), starting a movement that joined Thomas and Alexander Campbell’s followers in 1832. In the 1930s a stone building was put up around the original log meeting house, which still stands inside it. The map pin marks the meeting house.","website":"https://explorekyhistory.ky.gov/items/show/428","category":"landmark","source_date":"2026-10-08","year_start":1791,"year_end":1804,"photo":{"image_url":"/content/photos/stories/cane-ridge-meeting-house-and-the-1801-camp-meeting.jpg","title":"Cane Ridge Meeting House, Historic American Buildings Survey photo by Theodore Webb, Feb. 7, 1934, before the stone shelter was built","source_url":"https://commons.wikimedia.org/wiki/File:Cane_Ridge_Meeting_House,_Little_Rock_Road,_Paris_vicinity_(Bourbon_County,_Kentucky).jpg","source_label":"Wikimedia Commons","attribution":"Theodore Webb, Historic American Buildings Survey · Wikimedia Commons · public domain","year":1934},"yearStart":1791,"yearEnd":1804,"era":"frontier","layer":"history","county":"Bourbon"}},{"type":"Feature","geometry":{"type":"Point","coordinates":[-84.4565833,38.1222]},"properties":{"id":"john-bradford-fairfield-kentucky-gazette-fayette-1787-1830","name":"John Bradford’s Fairfield, KHS marker #1864 (Kentucky Gazette printer)","title":"John Bradford’s Fairfield, KHS marker #1864 (Kentucky Gazette printer)","subtitle":"Fayette County · 1916 Iron Works Pike, north of Lexington · Kentucke Gazette first printed Aug. 11, 1787 · Transylvania board chair 1793–1830","history":"John Bradford (1749–1830), born in Prince William County, Virginia, first came to Kentucky with a surveying party in 1775 and moved his family out in 1784 or 1785. He had little experience as a printer or editor, but with Fielding Bradford he started Kentucky’s first newspaper in Lexington, the Kentucke Gazette. The first issue was printed on Aug. 11, 1787, and the paper switched to the modern spelling of the state’s name in 1789. It had no rival within 500 miles until 1795. After statehood, Bradford printed the first book published in Kentucky, a compilation of the acts of the legislature’s first session in 1792. He served as a Lexington town trustee, in the legislature, and as Fayette County sheriff, and he helped found Transylvania University, chairing its board of trustees from 1793 until his death in 1830. Beginning in August 1828 he wrote a series of 66 newspaper articles on Kentucky’s early years: the Indian wars, the fight for free use of the Mississippi and the port of New Orleans, and the ten conventions that led to statehood. Those “Notes” are still a valued source on the era. On his farm north of Lexington he built a Flemish-bond brick house called Fairfield, about 1785–1800. The map pin marks the Kentucky Historical Society’s John Bradford marker (#1864) at 1916 Iron Works Pike.","description":"John Bradford (1749–1830), born in Prince William County, Virginia, first came to Kentucky with a surveying party in 1775 and moved his family out in 1784 or 1785. He had little experience as a printer or editor, but with Fielding Bradford he started Kentucky’s first newspaper in Lexington, the Kentucke Gazette. The first issue was printed on Aug. 11, 1787, and the paper switched to the modern spelling of the state’s name in 1789. It had no rival within 500 miles until 1795. After statehood, Bradford printed the first book published in Kentucky, a compilation of the acts of the legislature’s first session in 1792. He served as a Lexington town trustee, in the legislature, and as Fayette County sheriff, and he helped found Transylvania University, chairing its board of trustees from 1793 until his death in 1830. Beginning in August 1828 he wrote a series of 66 newspaper articles on Kentucky’s early years: the Indian wars, the fight for free use of the Mississippi and the port of New Orleans, and the ten conventions that led to statehood. Those “Notes” are still a valued source on the era. On his farm north of Lexington he built a Flemish-bond brick house called Fairfield, about 1785–1800. The map pin marks the Kentucky Historical Society’s John Bradford marker (#1864) at 1916 Iron Works Pike.","website":"https://en.wikipedia.org/wiki/John_Bradford_%28printer%29","category":"person","source_date":"2026-10-09","year_start":1787,"year_end":1830,"photo":{"image_url":"/content/photos/stories/john-bradford-and-the-kentucke-gazette.jpg","title":"John Bradford, Kentucky’s first printer (portrait, artist unknown)","source_url":"https://commons.wikimedia.org/wiki/File:John-Bradford.jpg","source_label":"Wikimedia Commons","attribution":"Unknown artist · Wikimedia Commons · public domain"},"yearStart":1787,"yearEnd":1830,"era":"frontier","layer":"history","county":"Fayette"}},{"type":"Feature","geometry":{"type":"Point","coordinates":[-84.0282167,38.31245]},"properties":{"id":"carlisle-courthouse-square-nicholas-1799-1816","name":"Carlisle courthouse square (Nicholas County seat since 1816)","title":"Carlisle courthouse square (Nicholas County seat since 1816)","subtitle":"Nicholas County · Main St., Carlisle · county formed 1799 · seat at Ellisville 1805 · Kincart’s 50-acre gift and new seat 1816","history":"Nicholas County was formed in 1799 from parts of Mason and Bourbon counties and named for Col. George Nicholas, a Revolutionary War veteran who became a popular lawyer in early Kentucky. Its county court first met in 1800 at the home of Martin Baker Jr. at Lower Blue Licks, then in a new courthouse at Blue Licks. In 1805 the seat moved to a new town, Ellisville, laid out on James Ellis’s farm along the Lexington–Maysville road, where the county’s courthouse stood until 1816. That year the seat moved again. John Kincart, born in 1791 in what became Nicholas County, had inherited his father Samuel’s 200-acre farm in 1813, and in 1816 he gave 50 acres, including the family’s peach orchard, for a new town named Carlisle. Streets and lots were laid off around the center of the tract, and Kincart took town lots as payment for his land. The present Nicholas County Courthouse is the third on that site, and a monument to Samuel Kincart stands on its north side. Daniel Boone had lived in the county from 1795 to 1799, and his restored cabin in Carlisle is kept by the Carlisle Tourism Commission. The map pin marks the courthouse square.","description":"Nicholas County was formed in 1799 from parts of Mason and Bourbon counties and named for Col. George Nicholas, a Revolutionary War veteran who became a popular lawyer in early Kentucky. Its county court first met in 1800 at the home of Martin Baker Jr. at Lower Blue Licks, then in a new courthouse at Blue Licks. In 1805 the seat moved to a new town, Ellisville, laid out on James Ellis’s farm along the Lexington–Maysville road, where the county’s courthouse stood until 1816. That year the seat moved again. John Kincart, born in 1791 in what became Nicholas County, had inherited his father Samuel’s 200-acre farm in 1813, and in 1816 he gave 50 acres, including the family’s peach orchard, for a new town named Carlisle. Streets and lots were laid off around the center of the tract, and Kincart took town lots as payment for his land. The present Nicholas County Courthouse is the third on that site, and a monument to Samuel Kincart stands on its north side. Daniel Boone had lived in the county from 1795 to 1799, and his restored cabin in Carlisle is kept by the Carlisle Tourism Commission. The map pin marks the courthouse square.","website":"https://www.carlisle-nicholascounty.org/origins","category":"town","source_date":"2026-10-09","year_start":1799,"year_end":1816,"photo":{"image_url":"/content/photos/stories/carlisle-kincarts-peach-orchard-county-seat.jpg","title":"Nicholas County Courthouse, Carlisle (photographed 2007), the third courthouse on the 1816 site","source_url":"https://commons.wikimedia.org/wiki/File:Nicholas_County_Kentucky_Courthouse.jpg","source_label":"Wikimedia Commons","attribution":"W.marsh · Wikimedia Commons · CC BY-SA 3.0","year":2007},"yearStart":1799,"yearEnd":1816,"era":"early-commonwealth","layer":"history","county":"Nicholas"}},{"type":"Feature","geometry":{"type":"Point","coordinates":[-84.48,38.04639]},"properties":{"id":"kentucky-association-race-course-lexington-fayette-1826-1933","name":"Kentucky Association race course site, E. Fifth & Race Sts., Lexington","title":"Kentucky Association race course site, E. Fifth & Race Sts., Lexington","subtitle":"Fayette County · East End, Lexington · Association formed July 23, 1826 · track land bought 1828–1834 · Phoenix Hotel Handicap 1831 · closed 1933","history":"On July 23, 1826, Bluegrass horsemen formed the Kentucky Association to promote the breeding and racing of Thoroughbreds. Its founders included Henry Clay, Jesse Bledsoe, Dr. Elisha Warfield, and Thomas F. Marshall, and the Keeneland Library’s account says about fifty members met at Mrs. Keen’s Inn with the aim “to improve the breed of horses by encouraging the sports of the turf.” Between 1828 and 1834 the Association bought 65 acres at what is now the east end of Fifth Street at Race Street in Lexington and built the Lexington Race Course, a one-mile dirt track with a grandstand and stables. The Phoenix Hotel Handicap was first run there in 1831; as the Phoenix Stakes it is now the oldest stakes race in the United States. Lexington’s racing had long depended on enslaved grooms, trainers, and riders, and after emancipation Black horsemen stayed central at the track: future Hall of Fame jockey Isaac Murphy won his first race there on Sept. 16, 1876, and Jimmy Winkfield got his start there in 1898. Money troubles forced a sale in 1890. The Association closed the track in the spring of 1933, the same spring the Keeneland Association incorporated to build a new course outside town, and the old grounds were torn down in 1935. Keeneland copied the old track’s gates. The site is now part of Lexington’s East End, around William Wells Brown Elementary School, where street names recall the track. The map pin marks the Fifth and Race streets area.","description":"On July 23, 1826, Bluegrass horsemen formed the Kentucky Association to promote the breeding and racing of Thoroughbreds. Its founders included Henry Clay, Jesse Bledsoe, Dr. Elisha Warfield, and Thomas F. Marshall, and the Keeneland Library’s account says about fifty members met at Mrs. Keen’s Inn with the aim “to improve the breed of horses by encouraging the sports of the turf.” Between 1828 and 1834 the Association bought 65 acres at what is now the east end of Fifth Street at Race Street in Lexington and built the Lexington Race Course, a one-mile dirt track with a grandstand and stables. The Phoenix Hotel Handicap was first run there in 1831; as the Phoenix Stakes it is now the oldest stakes race in the United States. Lexington’s racing had long depended on enslaved grooms, trainers, and riders, and after emancipation Black horsemen stayed central at the track: future Hall of Fame jockey Isaac Murphy won his first race there on Sept. 16, 1876, and Jimmy Winkfield got his start there in 1898. Money troubles forced a sale in 1890. The Association closed the track in the spring of 1933, the same spring the Keeneland Association incorporated to build a new course outside town, and the old grounds were torn down in 1935. Keeneland copied the old track’s gates. The site is now part of Lexington’s East End, around William Wells Brown Elementary School, where street names recall the track. The map pin marks the Fifth and Race streets area.","website":"https://en.wikipedia.org/wiki/Kentucky_Association","category":"landmark","source_date":"2026-10-09","year_start":1826,"year_end":1933,"photo":{"image_url":"/content/photos/stories/kentucky-association-1826-lexington-race-course.jpg","title":"Kentucky Association race track, Lexington, on a 1920 postcard","source_url":"https://commons.wikimedia.org/wiki/File:KentuckyAssociationRacetrack-1920.jpg","source_label":"Wikimedia Commons","attribution":"Kraemer Art Company postcard · Wikimedia Commons · public domain","year":1920},"yearStart":1826,"yearEnd":1933,"era":"early-commonwealth","layer":"history","county":"Fayette"}},{"type":"Feature","geometry":{"type":"Point","coordinates":[-88.4229667,37.3605167]},"properties":{"id":"mantle-rock-trail-of-tears-livingston-1838-1839","name":"Mantle Rock, Trail of Tears campsite (KHS marker #1675)","title":"Mantle Rock, Trail of Tears campsite (KHS marker #1675)","subtitle":"Livingston County · KY 133, about 3 mi. west of Joy; the arch is ½ mile from the marker · Cherokee detachments camped here winter 1838–39","history":"West of the crossroads of Joy in Livingston County, off KY 133, a sandstone arch about 30 feet high and 188 feet long stands in the woods of the McGilligan Creek watershed, one of the longest natural arches in Kentucky. Nearby runs a stretch of the old Salem–Golconda Road, and in the winter of 1838–39 that road carried the Cherokee Nation’s forced removal on the northern route of the Trail of Tears. Eleven detachments, more than 10,000 Cherokee in all, came this way toward Berry’s Ferry on the Ohio and the crossing to Golconda, Illinois, not yet halfway to Indian Territory. Ice closed the river that winter. The Peter Hildebrand detachment, about 1,766 people, spent roughly two bitterly cold weeks in camps strung for miles along the road, waiting for the river to thaw enough for the ferry. A state historical marker says the Cherokee sheltered beneath the arch and that many died there; the National Park Service says there were far too many people to camp under it, that historical descriptions point to a long camp along the road, and that there is no evidence of burials at Mantle Rock. Across the river, many were trapped again between the frozen Ohio and Mississippi, and the detachments reached Oklahoma hundreds fewer than they started. The Nature Conservancy owns the 367-acre preserve. It was listed on the National Register in 2004 as the Mantle Rock Archeological District and certified that year as a site on the Trail of Tears National Historic Trail, and a 2.75-mile loop trail follows about a mile of the old road. The map pin marks the Kentucky Historical Society’s Mantle Rock marker (#1675) on KY 133.","description":"West of the crossroads of Joy in Livingston County, off KY 133, a sandstone arch about 30 feet high and 188 feet long stands in the woods of the McGilligan Creek watershed, one of the longest natural arches in Kentucky. Nearby runs a stretch of the old Salem–Golconda Road, and in the winter of 1838–39 that road carried the Cherokee Nation’s forced removal on the northern route of the Trail of Tears. Eleven detachments, more than 10,000 Cherokee in all, came this way toward Berry’s Ferry on the Ohio and the crossing to Golconda, Illinois, not yet halfway to Indian Territory. Ice closed the river that winter. The Peter Hildebrand detachment, about 1,766 people, spent roughly two bitterly cold weeks in camps strung for miles along the road, waiting for the river to thaw enough for the ferry. A state historical marker says the Cherokee sheltered beneath the arch and that many died there; the National Park Service says there were far too many people to camp under it, that historical descriptions point to a long camp along the road, and that there is no evidence of burials at Mantle Rock. Across the river, many were trapped again between the frozen Ohio and Mississippi, and the detachments reached Oklahoma hundreds fewer than they started. The Nature Conservancy owns the 367-acre preserve. It was listed on the National Register in 2004 as the Mantle Rock Archeological District and certified that year as a site on the Trail of Tears National Historic Trail, and a 2.75-mile loop trail follows about a mile of the old road. The map pin marks the Kentucky Historical Society’s Mantle Rock marker (#1675) on KY 133.","website":"https://www.nps.gov/articles/000/mantle-rock-preserve-and-the-trail-of-tears.htm","category":"landmark","source_date":"2026-10-09","year_start":1838,"year_end":1839,"photo":{"image_url":"/content/photos/stories/mantle-rock-and-the-trail-of-tears.jpg","title":"The sandstone arch at Mantle Rock, Livingston County (photographed 2018)","source_url":"https://commons.wikimedia.org/wiki/File:Mantle_Rock,_Kentucky.jpg","source_label":"Wikimedia Commons","attribution":"Rsfinlayson · Wikimedia Commons · CC BY-SA 4.0","year":2018},"yearStart":1838,"yearEnd":1839,"era":"early-commonwealth","layer":"history","county":"Livingston"}}]}