{"type":"FeatureCollection","features":[{"type":"Feature","geometry":{"type":"Point","coordinates":[-85.0582855,38.2620177]},"properties":{"id":"bn-food-market","name":"B&N Food Market","title":"B&N Food Market","city":"Bagdad","county":"Shelby","address":"5945 Elmburg Rd, Bagdad, KY 40003","history":"Bagdad's cult-favorite country store and lunch counter, founded in 1970 and still family-run (third-generation Warrens). Famous for the Newt Burger, smoked brisket, and homemade sweets—user shorthand 'B&N' points here (not a Louisville chain); one-of-a-kind Shelby County institution at the app's home crossroads.","description":"Bagdad's cult-favorite country store and lunch counter, founded in 1970 and still family-run (third-generation Warrens). Famous for the Newt Burger, smoked brisket, and homemade sweets—user shorthand 'B&N' points here (not a Louisville chain); one-of-a-kind Shelby County institution at the app's home crossroads.","website":"https://bnfoodmarket.business.site/","category":"grocery","cuisine_or_type":"country store & BBQ","layer":"locals"}},{"type":"Feature","geometry":{"type":"Point","coordinates":[-85.7653954,38.2293716]},"properties":{"id":"610-magnolia","name":"610 Magnolia","title":"610 Magnolia","city":"Louisville","county":"Jefferson","address":"610 Magnolia Ave, Louisville, KY 40208","history":"Edward Lee's intimate Old Louisville tasting-menu restaurant elevating Southern ingredients. Nationally known yet still a single Magnolia Avenue room—not a chain.","description":"Edward Lee's intimate Old Louisville tasting-menu restaurant elevating Southern ingredients. Nationally known yet still a single Magnolia Avenue room—not a chain.","website":"https://www.610magnolia.com/","category":"restaurant","cuisine_or_type":"tasting-menu destination","layer":"locals"}},{"type":"Feature","geometry":{"type":"Point","coordinates":[-84.8765674,38.1992146]},"properties":{"id":"capital-cellars","name":"Capital Cellars","title":"Capital Cellars","city":"Frankfort","county":"Franklin","address":"227 W Broadway St, Frankfort, KY 40601","history":"Bourbon Trail bottle shop and cafe on Broadway with deep Kentucky spirits, wine, and casual plates. A Frankfort-only hangout for locals and Trail travelers—not a chain concept.","description":"Bourbon Trail bottle shop and cafe on Broadway with deep Kentucky spirits, wine, and casual plates. A Frankfort-only hangout for locals and Trail travelers—not a chain concept.","website":"https://capitalcellars.com/","category":"specialty","cuisine_or_type":"bourbon bar & bottle shop cafe","layer":"locals"}},{"type":"Feature","geometry":{"type":"Point","coordinates":[-84.6798567,38.1570665]},"properties":{"id":"holly-hill-inn","name":"Holly Hill Inn","title":"Holly Hill Inn","city":"Midway","county":"Woodford","address":"426 N Winter St, Midway, KY 40347","history":"James Beard–recognized prix-fixe dining in an 1839 Midway farmhouse led by Ouita Michel's team. Seasonal Kentucky produce, country ham, and Weisenberger grits define a destination meal unique to this Woodford County inn—not a chain concept.","description":"James Beard–recognized prix-fixe dining in an 1839 Midway farmhouse led by Ouita Michel's team. Seasonal Kentucky produce, country ham, and Weisenberger grits define a destination meal unique to this Woodford County inn—not a chain concept.","website":"https://www.hollyhillandco.com/","category":"restaurant","cuisine_or_type":"farm-to-table prix fixe","layer":"locals"}},{"type":"Feature","geometry":{"type":"Point","coordinates":[-85.7075461,38.2312346]},"properties":{"id":"seviche","name":"Seviche","title":"Seviche","city":"Louisville","county":"Jefferson","address":"1538 Bardstown Rd, Louisville, KY 40205","history":"Chef Anthony Lamas's Highlands destination for Latin-inspired fine dining and ceviche. James Beard–recognized Louisville original at one Bardstown Road address.","description":"Chef Anthony Lamas's Highlands destination for Latin-inspired fine dining and ceviche. James Beard–recognized Louisville original at one Bardstown Road address.","website":"https://www.sevicherestaurant.com/","category":"restaurant","cuisine_or_type":"Latin-inspired fine dining","layer":"locals"}},{"type":"Feature","geometry":{"type":"Point","coordinates":[-85.6874327,38.2545624]},"properties":{"id":"blue-dog-bakery","name":"Blue Dog Bakery & Cafe","title":"Blue Dog Bakery & Cafe","city":"Louisville","county":"Jefferson","address":"2868 Frankfort Ave, Louisville, KY 40206","history":"Clifton destination bakery-cafe since 1998 known for European-style breads, pastries, and scratch breakfast/lunch. Single Frankfort Avenue flagship with a regional reputation—not a national bakery chain.","description":"Clifton destination bakery-cafe since 1998 known for European-style breads, pastries, and scratch breakfast/lunch. Single Frankfort Avenue flagship with a regional reputation—not a national bakery chain.","website":"https://bluedogbakeryandcafe.com/","category":"bakery","cuisine_or_type":"European bakery cafe","layer":"locals"}},{"type":"Feature","geometry":{"type":"Point","coordinates":[-85.7365543,38.2385543]},"properties":{"id":"hammerheads","name":"Hammerheads","title":"Hammerheads","city":"Louisville","county":"Jefferson","address":"921 Swan St, Louisville, KY 40204","history":"Germantown gastropub celebrated for creative sandwiches (including goat) and local beer culture. Single-site Louisville favorite born from food-truck roots—not a chain.","description":"Germantown gastropub celebrated for creative sandwiches (including goat) and local beer culture. Single-site Louisville favorite born from food-truck roots—not a chain.","website":"https://www.hammerheadsky.com/","category":"restaurant","cuisine_or_type":"gastropub sandwiches","layer":"locals"}},{"type":"Feature","geometry":{"type":"Point","coordinates":[-85.723733,38.2402369]},"properties":{"id":"jack-frys","name":"Jack Fry's","title":"Jack Fry's","city":"Louisville","county":"Jefferson","address":"1007 Bardstown Rd, Louisville, KY 40204","history":"Highlands classic opened in 1933 by bookmaker Jack Fry; walls lined with historic sports photos. Elevated American-Southern bistro fare at one Bardstown Road address—Louisville original, not a franchise.","description":"Highlands classic opened in 1933 by bookmaker Jack Fry; walls lined with historic sports photos. Elevated American-Southern bistro fare at one Bardstown Road address—Louisville original, not a franchise.","website":"https://www.jackfrys.com/","category":"restaurant","cuisine_or_type":"American bistro","layer":"locals"}},{"type":"Feature","geometry":{"type":"Point","coordinates":[-88.5953467,37.0872399]},"properties":{"id":"kirchhoffs-bakery","name":"Kirchhoff's Bakery & Deli","title":"Kirchhoff's Bakery & Deli","city":"Paducah","county":"McCracken","address":"118 Market House Sq, Paducah, KY 42001","history":"Paducah institution baking since the 1870s in the Market House district—family bakery/deli unique to downtown Paducah, not a franchise.","description":"Paducah institution baking since the 1870s in the Market House district—family bakery/deli unique to downtown Paducah, not a franchise.","website":"https://www.kirchhoffsbakery.com/","category":"bakery","cuisine_or_type":"historic bakery & deli","layer":"locals"}},{"type":"Feature","geometry":{"type":"Point","coordinates":[-84.491771,37.9918038]},"properties":{"id":"merrick-inn","name":"Merrick Inn","title":"Merrick Inn","city":"Lexington","county":"Fayette","address":"1074 Merrick Dr, Lexington, KY 40502","history":"Longtime Lexington Southern restaurant in a former horse-farm clubhouse setting. Fried chicken and classic Bluegrass plates at a single Tates Creek destination.","description":"Longtime Lexington Southern restaurant in a former horse-farm clubhouse setting. Fried chicken and classic Bluegrass plates at a single Tates Creek destination.","website":"https://www.themerrickinn.com/","category":"restaurant","cuisine_or_type":"Southern inn dining","layer":"locals"}},{"type":"Feature","geometry":{"type":"Point","coordinates":[-84.8790452,38.1954963]},"properties":{"id":"ricks-white-light","name":"Rick's White Light Diner","title":"Rick's White Light Diner","city":"Frankfort","county":"Franklin","address":"114 Bridge St, Frankfort, KY 40601","history":"Tiny independent Bridge Street diner beloved for creative plates and capital-city character—one-of-a-kind Frankfort counter, not a chain.","description":"Tiny independent Bridge Street diner beloved for creative plates and capital-city character—one-of-a-kind Frankfort counter, not a chain.","category":"restaurant","cuisine_or_type":"diner / Cajun-Kentucky","layer":"locals"}},{"type":"Feature","geometry":{"type":"Point","coordinates":[-87.1487629,37.7567823]},"properties":{"id":"moonlite-bar-b-q","name":"Moonlite Bar-B-Q Inn","title":"Moonlite Bar-B-Q Inn","city":"Owensboro","county":"Daviess","address":"2840 W Parrish Ave, Owensboro, KY 42301","history":"Owensboro's legendary buffet BBQ temple specializing in Western Kentucky mutton—the regional style unique to this Ohio River city. Family institution since 1963; one iconic Parrish Avenue complex.","description":"Owensboro's legendary buffet BBQ temple specializing in Western Kentucky mutton—the regional style unique to this Ohio River city. Family institution since 1963; one iconic Parrish Avenue complex.","website":"https://www.moonlite.com/","category":"restaurant","cuisine_or_type":"Western Kentucky mutton BBQ","layer":"locals"}},{"type":"Feature","geometry":{"type":"Point","coordinates":[-84.501953,38.0528369]},"properties":{"id":"stellas-kentucky-deli","name":"Stella's Kentucky Deli","title":"Stella's Kentucky Deli","city":"Lexington","county":"Fayette","address":"143 Jefferson St, Lexington, KY 40508","history":"Scratch Kentucky deli known for Benedictine, hot browns, and local meats/cheeses in downtown Lexington. Independent pride-of-place cooking unique to Stella's—not a franchise deli.","description":"Scratch Kentucky deli known for Benedictine, hot browns, and local meats/cheeses in downtown Lexington. Independent pride-of-place cooking unique to Stella's—not a franchise deli.","website":"https://www.stellaskentuckydeli.com/","category":"restaurant","cuisine_or_type":"Kentucky deli","layer":"locals"}},{"type":"Feature","geometry":{"type":"Point","coordinates":[-88.5955,37.087]},"properties":{"id":"freight-house-paducah","name":"The Freight House","title":"The Freight House","city":"Paducah","county":"McCracken","address":"300 S 3rd St, Paducah, KY 42001","history":"Independent restaurant in Paducah's restored railroad freight house—one-of-a-kind adaptive-reuse dining destination in the creative district.","description":"Independent restaurant in Paducah's restored railroad freight house—one-of-a-kind adaptive-reuse dining destination in the creative district.","website":"https://www.thefreighthousepaducah.com/","category":"restaurant","cuisine_or_type":"American in historic depot","layer":"locals"}},{"type":"Feature","geometry":{"type":"Point","coordinates":[-85.9050927,37.6014392]},"properties":{"id":"whistle-stop-glendale","name":"The Whistle Stop","title":"The Whistle Stop","city":"Glendale","county":"Hardin","address":"216 E Main St, Glendale, KY 42740","history":"Independent restaurant anchoring the historic railroad village of Glendale—destination dining unique to Hardin County's antique-town Main Street.","description":"Independent restaurant anchoring the historic railroad village of Glendale—destination dining unique to Hardin County's antique-town Main Street.","category":"restaurant","cuisine_or_type":"small-town American","layer":"locals"}},{"type":"Feature","geometry":{"type":"Point","coordinates":[-87.5905,37.8365]},"properties":{"id":"thomasons-bbq","name":"Thomason's Barbecue","title":"Thomason's Barbecue","city":"Henderson","county":"Henderson","address":"200 N Green St, Henderson, KY 42420","history":"Henderson independent barbecue stand known for western Kentucky-style smoked meats—local-only pit, not a multi-city chain.","description":"Henderson independent barbecue stand known for western Kentucky-style smoked meats—local-only pit, not a multi-city chain.","category":"restaurant","cuisine_or_type":"western Kentucky BBQ","layer":"locals"}},{"type":"Feature","geometry":{"type":"Point","coordinates":[-84.7384129,37.8188327]},"properties":{"id":"shaker-village-dining","name":"Trustees' Table at Shaker Village","title":"Trustees' Table at Shaker Village","city":"Harrodsburg","county":"Mercer","address":"3501 Lexington Rd, Harrodsburg, KY 40330","history":"Restaurant inside the NHL Shaker Village of Pleasant Hill serving seasonal Kentucky fare—unique to the living-history village, not a chain concept.","description":"Restaurant inside the NHL Shaker Village of Pleasant Hill serving seasonal Kentucky fare—unique to the living-history village, not a chain concept.","website":"https://shakervillageky.org/dining/","category":"restaurant","cuisine_or_type":"farm-to-table historic village","layer":"locals"}},{"type":"Feature","geometry":{"type":"Point","coordinates":[-85.546679,38.4184142]},"properties":{"id":"barn8","name":"Barn8","title":"Barn8","city":"Goshen","county":"Oldham","address":"10500 W Highway 42, Goshen, KY 40026","history":"Seasonal restaurant inside a restored barn at Hermitage Farm in Oldham County. Pasture views and Kentucky farm ingredients—destination dining unique to this Highway 42 farm site.","description":"Seasonal restaurant inside a restored barn at Hermitage Farm in Oldham County. Pasture views and Kentucky farm ingredients—destination dining unique to this Highway 42 farm site.","website":"https://www.barn8restaurant.com/","category":"restaurant","cuisine_or_type":"farm-to-table at Hermitage Farm","layer":"locals"}},{"type":"Feature","geometry":{"type":"Point","coordinates":[-86.1665,38.0065]},"properties":{"id":"doe-run-inn","name":"Doe Run Inn","title":"Doe Run Inn","city":"Brandenburg","county":"Meade","address":"500 Doe Run Hotel Rd, Brandenburg, KY 40108","history":"Dining at a 19th-century limestone mill inn on Doe Run Creek—unique Meade County destination restaurant with deep local history.","description":"Dining at a 19th-century limestone mill inn on Doe Run Creek—unique Meade County destination restaurant with deep local history.","website":"https://www.doeruninn.com/","category":"restaurant","cuisine_or_type":"historic mill inn","layer":"locals"}},{"type":"Feature","geometry":{"type":"Point","coordinates":[-84.8427836,37.7525955]},"properties":{"id":"beaumont-inn","name":"Beaumont Inn Restaurant","title":"Beaumont Inn Restaurant","city":"Harrodsburg","county":"Mercer","address":"638 Beaumont Inn Dr, Harrodsburg, KY 40330","history":"Dining room of Kentucky's oldest continuously operated inn (family-run since 1917) serving classic Kentucky dishes—unique to Harrodsburg, not a chain.","description":"Dining room of Kentucky's oldest continuously operated inn (family-run since 1917) serving classic Kentucky dishes—unique to Harrodsburg, not a chain.","website":"https://www.beaumontinn.com/","category":"restaurant","cuisine_or_type":"historic Kentucky inn dining","layer":"locals"}},{"type":"Feature","geometry":{"type":"Point","coordinates":[-84.498959,38.045131]},"properties":{"id":"columbia-steakhouse","name":"Columbia's Steakhouse","title":"Columbia's Steakhouse","city":"Lexington","county":"Fayette","address":"201 S Limestone, Lexington, KY 40508","history":"Lexington's oldest restaurant (since 1948), home of the Nighthawk Special tenderloin with Diego salad and garlic butter. Local-only Bluegrass specialties like Hot Browns, fried banana peppers, and lamb fries—an institution unique to Central Kentucky.","description":"Lexington's oldest restaurant (since 1948), home of the Nighthawk Special tenderloin with Diego salad and garlic butter. Local-only Bluegrass specialties like Hot Browns, fried banana peppers, and lamb fries—an institution unique to Central Kentucky.","website":"https://www.columbiassteakhouse.com/","category":"restaurant","cuisine_or_type":"Kentucky steakhouse","layer":"locals"}},{"type":"Feature","geometry":{"type":"Point","coordinates":[-85.739834,38.2531217]},"properties":{"id":"garage-bar","name":"Garage Bar","title":"Garage Bar","city":"Louisville","county":"Jefferson","address":"700 E Market St, Louisville, KY 40202","history":"NuLu restaurant in a converted auto garage known for wood-fired pizza, raw bar, and patio culture. Only-at-this-address Louisville hangout tied to the 21c/Proof creative scene.","description":"NuLu restaurant in a converted auto garage known for wood-fired pizza, raw bar, and patio culture. Only-at-this-address Louisville hangout tied to the 21c/Proof creative scene.","website":"https://www.garagebar.net/","category":"restaurant","cuisine_or_type":"pizza & oysters in a garage","layer":"locals"}},{"type":"Feature","geometry":{"type":"Point","coordinates":[-84.5616272,39.0358557]},"properties":{"id":"greyhound-tavern","name":"Greyhound Tavern","title":"Greyhound Tavern","city":"Fort Mitchell","county":"Kenton","address":"2500 Dixie Hwy, Fort Mitchell, KY 41017","history":"Northern Kentucky institution since 1921—independent Fort Mitchell tavern known for steaks and fried chicken, single iconic location.","description":"Northern Kentucky institution since 1921—independent Fort Mitchell tavern known for steaks and fried chicken, single iconic location.","website":"https://www.greyhoundtavern.com/","category":"restaurant","cuisine_or_type":"classic American tavern","layer":"locals"}},{"type":"Feature","geometry":{"type":"Point","coordinates":[-85.7572381,38.251544]},"properties":{"id":"mayan-cafe","name":"Mayan Café","title":"Mayan Café","city":"Louisville","county":"Jefferson","address":"451 S 4th St, Louisville, KY 40202","history":"Chef Bruce Ucán's independent Yucatecan restaurant downtown—Louisville original known for sikil pak and regional Mexican cooking, not a franchise.","description":"Chef Bruce Ucán's independent Yucatecan restaurant downtown—Louisville original known for sikil pak and regional Mexican cooking, not a franchise.","website":"https://www.mayancafelouisville.com/","category":"restaurant","cuisine_or_type":"Yucatecan","layer":"locals"}},{"type":"Feature","geometry":{"type":"Point","coordinates":[-85.4672475,37.8086839]},"properties":{"id":"old-talbott-tavern","name":"Old Talbott Tavern","title":"Old Talbott Tavern","city":"Bardstown","county":"Nelson","address":"107 W Stephen Foster Ave, Bardstown, KY 40004","history":"Continuously operating since the late 1700s on Bardstown's Court Square—among America's oldest taverns and billed as home to the world's oldest bourbon bar. Southern classics and deep bourbon lists at a single irreplaceable site.","description":"Continuously operating since the late 1700s on Bardstown's Court Square—among America's oldest taverns and billed as home to the world's oldest bourbon bar. Southern classics and deep bourbon lists at a single irreplaceable site.","website":"https://talbotttavern.com/","category":"restaurant","cuisine_or_type":"historic tavern & bourbon bar","layer":"locals"}},{"type":"Feature","geometry":{"type":"Point","coordinates":[-85.7617433,38.2570652]},"properties":{"id":"proof-on-main","name":"Proof on Main","title":"Proof on Main","city":"Louisville","county":"Jefferson","address":"702 W Main St, Louisville, KY 40202","history":"Flagship independent restaurant of 21c Museum Hotel Louisville—contemporary Kentucky cuisine and art-filled dining unique to this Main Street address.","description":"Flagship independent restaurant of 21c Museum Hotel Louisville—contemporary Kentucky cuisine and art-filled dining unique to this Main Street address.","website":"https://www.proofonmain.com/","category":"restaurant","cuisine_or_type":"contemporary Kentucky","layer":"locals"}},{"type":"Feature","geometry":{"type":"Point","coordinates":[-84.6939602,38.1212476]},"properties":{"id":"wallace-station","name":"Wallace Station","title":"Wallace Station","city":"Versailles","county":"Woodford","address":"3854 Old Frankfort Pike, Versailles, KY 40383","history":"Ouita Michel's converted general-store deli on scenic Old Frankfort Pike between Midway and Lexington. Featured on Diners, Drive-Ins and Dives for oversized sandwiches on Midway Bakery bread—picnic tables overlooking horse farms make it a one-site Bluegrass destination.","description":"Ouita Michel's converted general-store deli on scenic Old Frankfort Pike between Midway and Lexington. Featured on Diners, Drive-Ins and Dives for oversized sandwiches on Midway Bakery bread—picnic tables overlooking horse farms make it a one-site Bluegrass destination.","website":"https://www.wallacestation.com/","category":"restaurant","cuisine_or_type":"country deli & bakery","layer":"locals"}},{"type":"Feature","geometry":{"type":"Point","coordinates":[-84.5191345,39.077507]},"properties":{"id":"anchor-grill","name":"Anchor Grill","title":"Anchor Grill","city":"Covington","county":"Kenton","address":"438 W Pike St, Covington, KY 41011","history":"Covington's legendary round-the-clock diner with neon and late-night lore—independent single location unique to the Licking River flats.","description":"Covington's legendary round-the-clock diner with neon and late-night lore—independent single location unique to the Licking River flats.","category":"restaurant","cuisine_or_type":"24-hour diner","layer":"locals"}},{"type":"Feature","geometry":{"type":"Point","coordinates":[-86.4302691,36.9994818]},"properties":{"id":"mariahs-bowling-green","name":"Mariah's","title":"Mariah's","city":"Bowling Green","county":"Warren","address":"801 State St, Bowling Green, KY 42101","history":"Longtime independent Bowling Green restaurant in a historic mansion setting—local fine-casual landmark, not a regional chain.","description":"Longtime independent Bowling Green restaurant in a historic mansion setting—local fine-casual landmark, not a regional chain.","website":"https://www.mariahs.com/","category":"restaurant","cuisine_or_type":"American fine casual","layer":"locals"}},{"type":"Feature","geometry":{"type":"Point","coordinates":[-85.6622553,38.2528573]},"properties":{"id":"mommas-mustard-pickles-bbq","name":"Momma's Mustard, Pickles & BBQ","title":"Momma's Mustard, Pickles & BBQ","city":"Louisville","county":"Jefferson","address":"102 Bauer Ave, Louisville, KY 40207","history":"Award-winning Louisville BBQ known for dry-rub brisket, the Mucho Macho fried bologna, and house pickles. Independent smokehouse (flagship Bauer Avenue) distinct from national BBQ chains.","description":"Award-winning Louisville BBQ known for dry-rub brisket, the Mucho Macho fried bologna, and house pickles. Independent smokehouse (flagship Bauer Avenue) distinct from national BBQ chains.","website":"https://www.eatatmommas.com/","category":"restaurant","cuisine_or_type":"Kansas City-style BBQ","layer":"locals"}},{"type":"Feature","geometry":{"type":"Point","coordinates":[-85.46418,37.8176]},"properties":{"id":"my-old-kentucky-dinner-train","name":"My Old Kentucky Dinner Train","title":"My Old Kentucky Dinner Train","city":"Bardstown","county":"Nelson","address":"602 N 3rd St, Bardstown, KY 40004","history":"Scenic lunch and dinner excursions on restored 1940s dining cars departing the historic Bardstown depot. R.J. Corman launched the dinner train in 1988 on the old Bardstown branch past Bernheim Forest and bourbon country—Kentucky's signature rail dining experience unique to this site.","description":"Scenic lunch and dinner excursions on restored 1940s dining cars departing the historic Bardstown depot. R.J. Corman launched the dinner train in 1988 on the old Bardstown branch past Bernheim Forest and bourbon country—Kentucky's signature rail dining experience unique to this site.","website":"https://www.kydinnertrain.com/","category":"dinner-train","cuisine_or_type":"dinner train","layer":"locals"}},{"type":"Feature","geometry":{"type":"Point","coordinates":[-87.1215002,37.769363]},"properties":{"id":"old-hickory-bbq","name":"Old Hickory Bar-B-Que","title":"Old Hickory Bar-B-Que","city":"Owensboro","county":"Daviess","address":"3380 W 2nd St, Owensboro, KY 42301","history":"Owensboro mutton-and-burgoo BBQ institution independent of the Moonlite—another unique western Kentucky pit tradition, single local brand.","description":"Owensboro mutton-and-burgoo BBQ institution independent of the Moonlite—another unique western Kentucky pit tradition, single local brand.","website":"https://www.oldhickorybar-b-que.com/","category":"restaurant","cuisine_or_type":"western Kentucky BBQ","layer":"locals"}},{"type":"Feature","geometry":{"type":"Point","coordinates":[-84.470932,38.0661123]},"properties":{"id":"parkette-drive-in","name":"The Parkette Drive-In","title":"The Parkette Drive-In","city":"Lexington","county":"Fayette","address":"1216 New Circle Rd NE, Lexington, KY 40505","history":"Lexington's iconic single-location drive-in famous for the Hungry Brother burger—independent Bluegrass landmark since mid-century, not a franchise.","description":"Lexington's iconic single-location drive-in famous for the Hungry Brother burger—independent Bluegrass landmark since mid-century, not a franchise.","website":"https://www.theparkette.com/","category":"restaurant","cuisine_or_type":"classic drive-in","layer":"locals"}},{"type":"Feature","geometry":{"type":"Point","coordinates":[-84.4978608,38.0484852]},"properties":{"id":"dudleys-on-short","name":"Dudley's on Short","title":"Dudley's on Short","city":"Lexington","county":"Fayette","address":"259 W Short St, Lexington, KY 40507","history":"Downtown Lexington culinary trailblazer since 1981, repeatedly named among Southern Living's Best of the South. Local ingredients and Bluegrass hospitality in a single Short Street dining room—not a multi-state brand.","description":"Downtown Lexington culinary trailblazer since 1981, repeatedly named among Southern Living's Best of the South. Local ingredients and Bluegrass hospitality in a single Short Street dining room—not a multi-state brand.","website":"http://dudleysonshort.com/","category":"restaurant","cuisine_or_type":"contemporary Southern","layer":"locals"}},{"type":"Feature","geometry":{"type":"Point","coordinates":[-84.5022263,38.0437906]},"properties":{"id":"joe-bolognas","name":"Joe Bologna's","title":"Joe Bologna's","city":"Lexington","county":"Fayette","address":"120 W Maxwell St, Lexington, KY 40508","history":"Lexington Italian landmark in a former synagogue near campus, famous for garlic breadsticks and hearty Sicilian-style pies. Local institution with a distinctive Maxwell Street home—not a national pizza chain.","description":"Lexington Italian landmark in a former synagogue near campus, famous for garlic breadsticks and hearty Sicilian-style pies. Local institution with a distinctive Maxwell Street home—not a national pizza chain.","website":"https://www.joebolognas.com/","category":"restaurant","cuisine_or_type":"Italian pizza & pasta","layer":"locals"}},{"type":"Feature","geometry":{"type":"Point","coordinates":[-84.8770596,38.1994639]},"properties":{"id":"serafini","name":"Serafini","title":"Serafini","city":"Frankfort","county":"Franklin","address":"243 W Broadway St, Frankfort, KY 40601","history":"Downtown Frankfort fine-dining bistro overlooking Old State Capitol grounds. Italian and Southern plates with a serious bourbon list—capital-city destination unique to this Broadway address.","description":"Downtown Frankfort fine-dining bistro overlooking Old State Capitol grounds. Italian and Southern plates with a serious bourbon list—capital-city destination unique to this Broadway address.","website":"http://serafinikentucky.com/","category":"restaurant","cuisine_or_type":"Italian-Southern bistro","layer":"locals"}},{"type":"Feature","geometry":{"type":"Point","coordinates":[-84.3758628,38.1043363]},"properties":{"id":"windy-corner-market","name":"Windy Corner Market","title":"Windy Corner Market","city":"Lexington","county":"Fayette","address":"4595 Bryan Station Rd, Lexington, KY 40516","history":"Ouita Michel market-cafe on Lexington's northern edge amid horse farms. Po-boys, vegetable baskets, and a Kentucky artisan shop make it a destination stop rather than a franchise—only at this Bryan Station Road site.","description":"Ouita Michel market-cafe on Lexington's northern edge amid horse farms. Po-boys, vegetable baskets, and a Kentucky artisan shop make it a destination stop rather than a franchise—only at this Bryan Station Road site.","website":"https://www.windycornermarket.com/","category":"specialty","cuisine_or_type":"market cafe & artisan shop","layer":"locals"}},{"type":"Feature","geometry":{"type":"Point","coordinates":[-84.2886074,37.5721899]},"properties":{"id":"boone-tavern","name":"Boone Tavern Restaurant","title":"Boone Tavern Restaurant","city":"Berea","county":"Madison","address":"100 Main St N, Berea, KY 40403","history":"Historic Berea College inn restaurant famous for spoonbread and Appalachian hospitality—unique campus-town dining experience, not a franchise.","description":"Historic Berea College inn restaurant famous for spoonbread and Appalachian hospitality—unique campus-town dining experience, not a franchise.","website":"https://www.boonetavernhotel.com/","category":"restaurant","cuisine_or_type":"historic college inn","layer":"locals"}},{"type":"Feature","geometry":{"type":"Point","coordinates":[-85.4522239,37.8064897]},"properties":{"id":"kurtz-restaurant","name":"Kurtz Restaurant","title":"Kurtz Restaurant","city":"Bardstown","county":"Nelson","address":"418 E Stephen Foster Ave, Bardstown, KY 40004","history":"Family-run Bardstown restaurant serving traditional Kentucky fare for generations—independent Bourbon Capital dining room, not a franchise.","description":"Family-run Bardstown restaurant serving traditional Kentucky fare for generations—independent Bourbon Capital dining room, not a franchise.","website":"https://www.kurtzrestaurant.com/","category":"restaurant","cuisine_or_type":"classic Kentucky dining","layer":"locals"}},{"type":"Feature","geometry":{"type":"Point","coordinates":[-85.8972682,38.1190825]},"properties":{"id":"mike-linnigs","name":"Mike Linnig's","title":"Mike Linnig's","city":"Louisville","county":"Jefferson","address":"9308 Cane Run Rd, Louisville, KY 40258","history":"Family-run South Louisville fish camp founded in 1925, now spanning three generations of Linnigs. Known for sprawling outdoor seating, fried fish and frog legs, turtle soup, and seasonal car shows—an only-at-this-site Ohio River roadhouse open roughly January through early November.","description":"Family-run South Louisville fish camp founded in 1925, now spanning three generations of Linnigs. Known for sprawling outdoor seating, fried fish and frog legs, turtle soup, and seasonal car shows—an only-at-this-site Ohio River roadhouse open roughly January through early November.","website":"https://www.mikelinnigsrestaurant.com/","category":"roadhouse","cuisine_or_type":"Ohio River fish camp","layer":"locals"}},{"type":"Feature","geometry":{"type":"Point","coordinates":[-85.2786377,38.2159591]},"properties":{"id":"claudia-sanders-dinner-house","name":"Claudia Sanders Dinner House","title":"Claudia Sanders Dinner House","city":"Shelbyville","county":"Shelby","address":"3202 Shelbyville Rd, Shelbyville, KY 40065","history":"Opened in 1968 by Colonel Harland Sanders and wife Claudia after he sold KFC—serving their own Southern recipes beside the couple's former home. Distinct from any franchise; fried chicken, Hot Browns, and family-style sides make this Shelbyville dinner house a unique Kentucky landmark.","description":"Opened in 1968 by Colonel Harland Sanders and wife Claudia after he sold KFC—serving their own Southern recipes beside the couple's former home. Distinct from any franchise; fried chicken, Hot Browns, and family-style sides make this Shelbyville dinner house a unique Kentucky landmark.","website":"https://www.claudiasandersshelbyville.com/","category":"restaurant","cuisine_or_type":"Southern dinner house","layer":"locals"}},{"type":"Feature","geometry":{"type":"Point","coordinates":[-84.27338,37.9188]},"properties":{"id":"halls-on-the-river","name":"Hall's on the River","title":"Hall's on the River","city":"Winchester","county":"Clark","address":"1225 Athens Boonesboro Rd, Winchester, KY 40391","history":"Riverside destination on the Kentucky River near Fort Boonesborough with roots traced to Captain John Holder's 1781 tavern and boatyard. Famous for Hall's Snappy Beer Cheese, fried banana peppers, and Southern plates served with flood-story atmosphere—the dining room has been rebuilt after repeated river inundations and remains a one-of-a-kind Clark County landmark.","description":"Riverside destination on the Kentucky River near Fort Boonesborough with roots traced to Captain John Holder's 1781 tavern and boatyard. Famous for Hall's Snappy Beer Cheese, fried banana peppers, and Southern plates served with flood-story atmosphere—the dining room has been rebuilt after repeated river inundations and remains a one-of-a-kind Clark County landmark.","website":"https://hallsontheriver.com/","category":"restaurant","cuisine_or_type":"river fish camp","layer":"locals"}},{"type":"Feature","geometry":{"type":"Point","coordinates":[-85.76531,38.20451]},"properties":{"id":"wagners-pharmacy","name":"Wagner's Pharmacy","title":"Wagner's Pharmacy","city":"Louisville","county":"Jefferson","address":"3113 S 4th St, Louisville, KY 40214","history":"Churchill Downs–adjacent pharmacy lunch counter where trainers, jockeys, and Derby crowds still gather for breakfast and counter fare. A one-site Louisville racing-culture landmark dating to the early 20th century.","description":"Churchill Downs–adjacent pharmacy lunch counter where trainers, jockeys, and Derby crowds still gather for breakfast and counter fare. A one-site Louisville racing-culture landmark dating to the early 20th century.","category":"restaurant","cuisine_or_type":"trackside soda fountain","layer":"locals"}},{"type":"Feature","geometry":{"type":"Point","coordinates":[-85.6999151,38.2586907]},"properties":{"id":"pats-steakhouse","name":"Pat's Steakhouse","title":"Pat's Steakhouse","city":"Louisville","county":"Jefferson","address":"2437 Brownsboro Rd, Louisville, KY 40206","history":"Family-owned Irish steakhouse since 1958 on Brownsboro Road, now run by founder Mike Francis's son Pat. Classic steaks and neighborhood hospitality unique to this Louisville dining room for more than 65 years.","description":"Family-owned Irish steakhouse since 1958 on Brownsboro Road, now run by founder Mike Francis's son Pat. Classic steaks and neighborhood hospitality unique to this Louisville dining room for more than 65 years.","website":"https://www.patssteakhouselouisville.com/","category":"restaurant","cuisine_or_type":"Irish-American steakhouse","layer":"locals"}},{"type":"Feature","geometry":{"type":"Point","coordinates":[-85.7104989,38.2229482]},"properties":{"id":"eighty-twenty-at-kaelins","name":"80/20 at Kaelin's","title":"80/20 at Kaelin's","city":"Louisville","county":"Jefferson","address":"1801 Newburg Rd, Louisville, KY 40205","history":"Revival of the Highlands Kaelin's site long claimed as a birthplace of the American cheeseburger (1934). Today's 80/20 keeps the historic Newburg Road address as a one-of-a-kind Louisville burger landmark with malt-shop nods.","description":"Revival of the Highlands Kaelin's site long claimed as a birthplace of the American cheeseburger (1934). Today's 80/20 keeps the historic Newburg Road address as a one-of-a-kind Louisville burger landmark with malt-shop nods.","website":"https://8020atkaelins.com/","category":"restaurant","cuisine_or_type":"historic burger house","layer":"locals"}},{"type":"Feature","geometry":{"type":"Point","coordinates":[-84.5090506,38.0328387]},"properties":{"id":"alfalfa","name":"Alfalfa Restaurant","title":"Alfalfa Restaurant","city":"Lexington","county":"Fayette","address":"557 S Limestone, Lexington, KY 40508","history":"Long-running Limestone cafe near UK known for vegetarian-friendly and global-leaning plates since the 1970s. Independent Lexington counterculture classic.","description":"Long-running Limestone cafe near UK known for vegetarian-friendly and global-leaning plates since the 1970s. Independent Lexington counterculture classic.","website":"https://www.alfalfarestaurant.com/","category":"restaurant","cuisine_or_type":"vegetarian-friendly Lexington classic","layer":"locals"}},{"type":"Feature","geometry":{"type":"Point","coordinates":[-84.5177856,39.0847505]},"properties":{"id":"bouquet","name":"Bouquet Restaurant","title":"Bouquet Restaurant","city":"Covington","county":"Kenton","address":"519 Main St, Covington, KY 41011","history":"Intimate MainStrasse farm-to-table restaurant in Covington known for seasonal tasting-driven menus. Independent NKY fine dining unique to this Main Street room.","description":"Intimate MainStrasse farm-to-table restaurant in Covington known for seasonal tasting-driven menus. Independent NKY fine dining unique to this Main Street room.","website":"https://www.bouquetrestaurant.com/","category":"restaurant","cuisine_or_type":"farm-to-table MainStrasse","layer":"locals"}},{"type":"Feature","geometry":{"type":"Point","coordinates":[-84.8748563,38.19754]},"properties":{"id":"bourbon-on-main","name":"Bourbon on Main","title":"Bourbon on Main","city":"Frankfort","county":"Franklin","address":"333 W Main St, Frankfort, KY 40601","history":"Riverfront Frankfort dining with Kentucky plates and bourbon overlooking the Kentucky River. Capital-city independent restaurant unique to this Main Street site.","description":"Riverfront Frankfort dining with Kentucky plates and bourbon overlooking the Kentucky River. Capital-city independent restaurant unique to this Main Street site.","website":"https://www.bourbononmain.com/","category":"restaurant","cuisine_or_type":"riverfront Kentucky fare","layer":"locals"}},{"type":"Feature","geometry":{"type":"Point","coordinates":[-84.7738751,37.6465913]},"properties":{"id":"burkes-bakery","name":"Burke's Bakery","title":"Burke's Bakery","city":"Danville","county":"Boyle","address":"142 N 4th St, Danville, KY 40422","history":"Downtown Danville bakery institution known for doughnuts, yeast rolls, and Bluegrass sweet traditions. Destination bake shop for Boyle County and Centre College visitors—not a chain.","description":"Downtown Danville bakery institution known for doughnuts, yeast rolls, and Bluegrass sweet traditions. Destination bake shop for Boyle County and Centre College visitors—not a chain.","category":"bakery","cuisine_or_type":"small-town bakery","layer":"locals"}},{"type":"Feature","geometry":{"type":"Point","coordinates":[-85.7325309,38.2548]},"properties":{"id":"butchertown-grocery","name":"Butchertown Grocery","title":"Butchertown Grocery","city":"Louisville","county":"Jefferson","address":"1076 E Washington St, Louisville, KY 40206","history":"Butchertown neighborhood restaurant (despite the name, a dining room) showcasing Kentucky ingredients in a historic corner building. Independent Louisville fine-casual—not a grocery chain.","description":"Butchertown neighborhood restaurant (despite the name, a dining room) showcasing Kentucky ingredients in a historic corner building. Independent Louisville fine-casual—not a grocery chain.","website":"https://www.butchertowngrocery.com/","category":"restaurant","cuisine_or_type":"neighborhood bistro","layer":"locals"}},{"type":"Feature","geometry":{"type":"Point","coordinates":[-85.1832241,38.1099945]},"properties":{"id":"carriss-s-grocery","name":"Carriss's Grocery","title":"Carriss's Grocery","city":"Shelbyville","county":"Shelby","address":"7 Southville Pike, Shelbyville, KY  40065, United States","history":"From Shannon's Apple Maps Local Restaurants guide. American Cuisine; Closed Today","description":"From Shannon's Apple Maps Local Restaurants guide. American Cuisine; Closed Today","category":"grocery","cuisine_or_type":"American Cuisine","layer":"locals"}},{"type":"Feature","geometry":{"type":"Point","coordinates":[-84.4910377,38.0298222]},"properties":{"id":"charlie-browns","name":"Charlie Brown's","title":"Charlie Brown's","city":"Lexington","county":"Fayette","address":"816 Euclid Ave, Lexington, KY 40502","history":"Chevy Chase neighborhood tavern classic for generations of Lexingtonians—burgers, beers, and a local-only vibe. Single Euclid Avenue institution.","description":"Chevy Chase neighborhood tavern classic for generations of Lexingtonians—burgers, beers, and a local-only vibe. Single Euclid Avenue institution.","website":"https://www.charliebrownsky.com/","category":"restaurant","cuisine_or_type":"Chevy Chase tavern","layer":"locals"}},{"type":"Feature","geometry":{"type":"Point","coordinates":[-85.7387225,38.2227993]},"properties":{"id":"checks-cafe","name":"Check's Cafe","title":"Check's Cafe","city":"Louisville","county":"Jefferson","address":"1101 E Washington St, Louisville, KY 40206","history":"Cash-friendly Butchertown neighborhood cafe known for burgers, bean soup, and no-frills Louisville local flavor. A single-site institution far from franchise dining.","description":"Cash-friendly Butchertown neighborhood cafe known for burgers, bean soup, and no-frills Louisville local flavor. A single-site institution far from franchise dining.","category":"restaurant","cuisine_or_type":"Butchertown diner","layer":"locals"}},{"type":"Feature","geometry":{"type":"Point","coordinates":[-84.8719503,38.1879824]},"properties":{"id":"cliffside-diner","name":"Cliffside Diner","title":"Cliffside Diner","city":"Frankfort","county":"Franklin","address":"175 Old Lawrenceburg Rd, Frankfort, KY  40601, United States","history":"From Shannon's Apple Maps Local Restaurants guide. Diner; $$; Closed Now; 8:30 AM – 3:00 PM","description":"From Shannon's Apple Maps Local Restaurants guide. Diner; $$; Closed Now; 8:30 AM – 3:00 PM","category":"restaurant","cuisine_or_type":"Diner","layer":"locals"}},{"type":"Feature","geometry":{"type":"Point","coordinates":[-85.209698,38.210179]},"properties":{"id":"convenient-food-mart","name":"Convenient Food Mart","title":"Convenient Food Mart","city":"Shelbyville","county":"Shelby","address":"38 Main St, Shelbyville, KY 40065, United States","history":"From Shannon's Apple Maps place pin. Downtown Shelbyville food mart.","description":"From Shannon's Apple Maps place pin. Downtown Shelbyville food mart.","category":"grocery","cuisine_or_type":"Food Mart","layer":"locals"}},{"type":"Feature","geometry":{"type":"Point","coordinates":[-84.9224335,38.0675885]},"properties":{"id":"don-pedro-s-mexican-restaurant","name":"Don Pedro's Mexican Restaurant","title":"Don Pedro's Mexican Restaurant","city":"Lawrenceburg","county":"Anderson","address":"1002 Eagle Lake Dr, Lawrenceburg, KY  40342, United States","history":"From Shannon's Apple Maps Local Restaurants guide. Mexican Cuisine; $$; Closed Now; 11:00 AM – 9:00 PM","description":"From Shannon's Apple Maps Local Restaurants guide. Mexican Cuisine; $$; Closed Now; 11:00 AM – 9:00 PM","category":"restaurant","cuisine_or_type":"Mexican Cuisine","layer":"locals"}},{"type":"Feature","geometry":{"type":"Point","coordinates":[-85.14489820951344,38.20924859061859]},"properties":{"id":"guist-creek-marina-campground","name":"Guist Creek Marina & Campground","title":"Guist Creek Marina & Campground","city":"Shelbyville","county":"Shelby","address":"11990 Boat Dock Rd, Shelbyville, KY  40065, United States","history":"From Shannon's Apple Maps Local Restaurants guide. from Apple Maps guide (address pin)","description":"From Shannon's Apple Maps Local Restaurants guide. from Apple Maps guide (address pin)","category":"specialty","cuisine_or_type":"from Apple Maps guide (address pin)","layer":"locals"}},{"type":"Feature","geometry":{"type":"Point","coordinates":[-84.60476,38.0481881]},"properties":{"id":"keeneland-track-kitchen","name":"Keeneland Track Kitchen","title":"Keeneland Track Kitchen","city":"Lexington","county":"Fayette","address":"4201 Versailles Rd, Lexington, KY 40510","history":"Open-to-the-public cafeteria inside Keeneland where trainers, hotwalkers, and race fans share early breakfast before workouts. A singular Bluegrass ritual—no other kitchen sits in this legendary Lexington track.","description":"Open-to-the-public cafeteria inside Keeneland where trainers, hotwalkers, and race fans share early breakfast before workouts. A singular Bluegrass ritual—no other kitchen sits in this legendary Lexington track.","website":"https://www.keeneland.com/","category":"restaurant","cuisine_or_type":"racetrack cafeteria","layer":"locals"}},{"type":"Feature","geometry":{"type":"Point","coordinates":[-85.2168113,38.2111837]},"properties":{"id":"la-cocina-de-mama","name":"La Cocina De Mama","title":"La Cocina De Mama","city":"Shelbyville","county":"Shelby","address":"535 Main St, Shelbyville, KY  40065, United States","history":"From Shannon's Apple Maps Local Restaurants guide. Mexican Cuisine; $$; Closed Now; 11:00 AM – 8:30 PM","description":"From Shannon's Apple Maps Local Restaurants guide. Mexican Cuisine; $$; Closed Now; 11:00 AM – 8:30 PM","category":"restaurant","cuisine_or_type":"Mexican Cuisine","layer":"locals"}},{"type":"Feature","geometry":{"type":"Point","coordinates":[-85.2099678,38.2107847]},"properties":{"id":"la-fogata","name":"La Fogata","title":"La Fogata","city":"Shelbyville","county":"Shelby","address":"51 Main St, Shelbyville, KY  40065, United States","history":"From Shannon's Apple Maps Local Restaurants guide. Mexican Cuisine; Closed Now; 10:30 AM – 9:30 PM","description":"From Shannon's Apple Maps Local Restaurants guide. Mexican Cuisine; Closed Now; 10:30 AM – 9:30 PM","category":"restaurant","cuisine_or_type":"Mexican Cuisine","layer":"locals"}},{"type":"Feature","geometry":{"type":"Point","coordinates":[-84.8717765,38.2102234]},"properties":{"id":"limewater","name":"Limewater","title":"Limewater","city":"Frankfort","county":"Franklin","address":"900 Wilkinson Blvd, Frankfort, KY  40601, United States","history":"From Shannon's Apple Maps Local Restaurants guide. American Cuisine; Closed Today","description":"From Shannon's Apple Maps Local Restaurants guide. American Cuisine; Closed Today","category":"restaurant","cuisine_or_type":"American Cuisine","layer":"locals"}},{"type":"Feature","geometry":{"type":"Point","coordinates":[-85.37913,38.4087157]},"properties":{"id":"madelines-nibbles-and-wine","name":"Madeline's Nibbles & Wine","title":"Madeline's Nibbles & Wine","city":"La Grange","county":"Oldham","address":"111 N 1st Ave, La Grange, KY 40031","history":"Intimate historic-district La Grange dining room with a curated seasonal menu and wine focus. Local gem rather than a franchise—quality over volume for Oldham County evenings.","description":"Intimate historic-district La Grange dining room with a curated seasonal menu and wine focus. Local gem rather than a franchise—quality over volume for Oldham County evenings.","category":"restaurant","cuisine_or_type":"chef-driven small plates","layer":"locals"}},{"type":"Feature","geometry":{"type":"Point","coordinates":[-85.4664363,37.8106582]},"properties":{"id":"mammy-s-kitchen","name":"Mammy's Kitchen & Pie Shop","title":"Mammy's Kitchen & Pie Shop","city":"Bardstown","county":"Nelson","address":"204 N 3rd St, Bardstown, KY 40004","history":"Downtown Bardstown comfort-food and pie stop popular with Bourbon Trail visitors and locals. Independent Nelson County diner vibe unique to this Third Street shop.","description":"Downtown Bardstown comfort-food and pie stop popular with Bourbon Trail visitors and locals. Independent Nelson County diner vibe unique to this Third Street shop.","category":"restaurant","cuisine_or_type":"comfort food & pie","layer":"locals"}},{"type":"Feature","geometry":{"type":"Point","coordinates":[-85.7339771,38.249873]},"properties":{"id":"north-of-bourbon","name":"North of Bourbon","title":"North of Bourbon","city":"Louisville","county":"Jefferson","address":"1036 E Liberty St, Louisville, KY 40204","history":"Butchertown Creole-inspired restaurant from the Mayan Cafe team, blending Gulf flavors with Kentucky hospitality. Unique Liberty Street concept—not a franchise.","description":"Butchertown Creole-inspired restaurant from the Mayan Cafe team, blending Gulf flavors with Kentucky hospitality. Unique Liberty Street concept—not a franchise.","website":"https://www.northofbourbon.com/","category":"restaurant","cuisine_or_type":"Creole-Kentucky","layer":"locals"}},{"type":"Feature","geometry":{"type":"Point","coordinates":[-85.379024,38.4074014]},"properties":{"id":"one-nineteen-west-main","name":"One Nineteen West Main","title":"One Nineteen West Main","city":"La Grange","county":"Oldham","address":"119 W Main St, La Grange, KY 40031","history":"Historic-district La Grange restaurant where CSX freights roll past picture windows dozens of times a day. American and New-Southern plates including a Kentucky 'Haute' Brown—unique Oldham County spot.","description":"Historic-district La Grange restaurant where CSX freights roll past picture windows dozens of times a day. American and New-Southern plates including a Kentucky 'Haute' Brown—unique Oldham County spot.","website":"https://onenineteenwestmain.com/","category":"restaurant","cuisine_or_type":"New Southern beside the trains","layer":"locals"}},{"type":"Feature","geometry":{"type":"Point","coordinates":[-85.2589587,38.3854127]},"properties":{"id":"our-best-restaurant","name":"Our Best Restaurant","title":"Our Best Restaurant","city":"Smithfield","county":"Henry","address":"5728 Smithfield Rd, Smithfield, KY  40068, United States","history":"From Shannon's Apple Maps Local Restaurants guide. American Cuisine; Open; 7:00 AM – 10:30 AM; 11:00 AM – 8:00 PM","description":"From Shannon's Apple Maps Local Restaurants guide. American Cuisine; Open; 7:00 AM – 10:30 AM; 11:00 AM – 8:00 PM","category":"restaurant","cuisine_or_type":"American Cuisine","layer":"locals"}},{"type":"Feature","geometry":{"type":"Point","coordinates":[-85.65358,38.25546]},"properties":{"id":"pauls-fruit-market-st-matthews","name":"Paul's Fruit Market (St. Matthews)","title":"Paul's Fruit Market (St. Matthews)","city":"Louisville","county":"Jefferson","address":"3922 Chenoweth Sq, Louisville, KY 40207","history":"Louisville-family produce market dating to open-air tents in the 1960s; St. Matthews Chenoweth Square is the historic heart. Local butcher, deli, and gourmet goods—Kentucky institution, not a national grocer.","description":"Louisville-family produce market dating to open-air tents in the 1960s; St. Matthews Chenoweth Square is the historic heart. Local butcher, deli, and gourmet goods—Kentucky institution, not a national grocer.","website":"https://store.paulsfruit.com/","category":"grocery","cuisine_or_type":"local produce market & butcher","layer":"locals"}},{"type":"Feature","geometry":{"type":"Point","coordinates":[-84.5276646,37.9817289]},"properties":{"id":"red-state-bbq","name":"Red State BBQ","title":"Red State BBQ","city":"Lexington","county":"Fayette","address":"3880 Nicholasville Rd, Lexington, KY 40503","history":"Lexington smokehouse known for Texas-style brisket and local BBQ culture. Independent Central Kentucky pit stop—not a national BBQ franchise.","description":"Lexington smokehouse known for Texas-style brisket and local BBQ culture. Independent Central Kentucky pit stop—not a national BBQ franchise.","website":"https://www.redstatebbq.com/","category":"restaurant","cuisine_or_type":"Texas-style BBQ","layer":"locals"}},{"type":"Feature","geometry":{"type":"Point","coordinates":[-85.1906973,38.5294933]},"properties":{"id":"rowlett-s-milkhouse-creamery","name":"Rowlett’s Milkhouse Creamery","title":"Rowlett’s Milkhouse Creamery","city":"Campbellsburg","county":"Henry","address":"63 Commerce Drive, Campbellsburg, KY 40011, United States","history":"From Shannon's Apple Maps Local Restaurants guide. Cheese Shop; Closed Now; 1:00 PM – 9:00 PM","description":"From Shannon's Apple Maps Local Restaurants guide. Cheese Shop; Closed Now; 1:00 PM – 9:00 PM","category":"specialty","cuisine_or_type":"Cheese Shop","layer":"locals"}},{"type":"Feature","geometry":{"type":"Point","coordinates":[-85.7403949,38.2411865]},"properties":{"id":"shirley-maes-cafe","name":"Shirley Mae's Cafe","title":"Shirley Mae's Cafe","city":"Louisville","county":"Jefferson","address":"802 S Shelby St, Louisville, KY 40203","history":"Smoketown soul-food institution long run by Shirley Mae Woodward, known for fried chicken, greens, and neighborhood hospitality. A single Louisville cafe with deep community roots.","description":"Smoketown soul-food institution long run by Shirley Mae Woodward, known for fried chicken, greens, and neighborhood hospitality. A single Louisville cafe with deep community roots.","category":"restaurant","cuisine_or_type":"soul food","layer":"locals"}},{"type":"Feature","geometry":{"type":"Point","coordinates":[-84.8936988,38.179856]},"properties":{"id":"staxx-bbq","name":"Staxx BBQ","title":"Staxx BBQ","city":"Frankfort","county":"Franklin","address":"11 Carson Pl, Frankfort, KY  40601, United States","history":"From Shannon's Apple Maps Local Restaurants guide. BBQ Restaurant; $; Closed Now; 11:00 AM – 8:00 PM","description":"From Shannon's Apple Maps Local Restaurants guide. BBQ Restaurant; $; Closed Now; 11:00 AM – 8:00 PM","category":"restaurant","cuisine_or_type":"BBQ Restaurant","layer":"locals"}},{"type":"Feature","geometry":{"type":"Point","coordinates":[-84.8030452,38.2132862]},"properties":{"id":"tammy-s-country-diner","name":"Tammy's Country Diner","title":"Tammy's Country Diner","city":"Frankfort","county":"Franklin","address":"3624 Georgetown Rd, Frankfort, KY  40601, United States","history":"From Shannon's Apple Maps Local Restaurants guide. American Cuisine; $; Closed Today","description":"From Shannon's Apple Maps Local Restaurants guide. American Cuisine; $; Closed Today","category":"restaurant","cuisine_or_type":"American Cuisine","layer":"locals"}},{"type":"Feature","geometry":{"type":"Point","coordinates":[-84.8961102,38.1743038]},"properties":{"id":"thai-smile","name":"Thai Smile","title":"Thai Smile","city":"Frankfort","county":"Franklin","address":"1193 Century Plaza US 127 South, Frankfort, KY 40601, United States","history":"From Shannon's Apple Maps Local Restaurants guide. Thai Cuisine; $; Closed Today","description":"From Shannon's Apple Maps Local Restaurants guide. Thai Cuisine; $; Closed Today","category":"restaurant","cuisine_or_type":"Thai Cuisine","layer":"locals"}},{"type":"Feature","geometry":{"type":"Point","coordinates":[-84.6821558,38.1501163]},"properties":{"id":"the-brown-barrel","name":"The Brown Barrel","title":"The Brown Barrel","city":"Midway","county":"Woodford","address":"204 N Gratz St, Midway, KY  40347, United States","history":"From Shannon's Apple Maps Local Restaurants guide. Seafood Restaurant; $$; Closed Now; 11:00 AM – 9:00 PM","description":"From Shannon's Apple Maps Local Restaurants guide. Seafood Restaurant; $$; Closed Now; 11:00 AM – 9:00 PM","category":"restaurant","cuisine_or_type":"Seafood Restaurant","layer":"locals"}},{"type":"Feature","geometry":{"type":"Point","coordinates":[-85.0910693,38.1901941]},"properties":{"id":"the-farm-kitchen","name":"The Farm Kitchen","title":"The Farm Kitchen","city":"Shelbyville","county":"Shelby","address":"6562 Frankfort Rd, Shelbyville, KY  40065, United States","history":"From Shannon's Apple Maps Local Restaurants guide. Meat Shop; Closed Today","description":"From Shannon's Apple Maps Local Restaurants guide. Meat Shop; Closed Today","category":"specialty","cuisine_or_type":"Meat Shop","layer":"locals"}},{"type":"Feature","geometry":{"type":"Point","coordinates":[-84.6830893,38.1499138]},"properties":{"id":"the-goose-gander","name":"The Goose & Gander","title":"The Goose & Gander","city":"Midway","county":"Woodford","address":"133 E Main St, Midway, KY  40347, United States","history":"From Shannon's Apple Maps Local Restaurants guide. American Cuisine; Closed Now; 11:30 AM – 8:30 PM","description":"From Shannon's Apple Maps Local Restaurants guide. American Cuisine; Closed Now; 11:30 AM – 8:30 PM","category":"restaurant","cuisine_or_type":"American Cuisine","layer":"locals"}},{"type":"Feature","geometry":{"type":"Point","coordinates":[-85.4662656,37.8089046]},"properties":{"id":"harrison-smith-house","name":"The Harrison-Smith House","title":"The Harrison-Smith House","city":"Bardstown","county":"Nelson","address":"105 E Stephen Foster Ave, Bardstown, KY 40004","history":"Restaurant in a restored Bardstown historic house serving refined Southern plates in bourbon country. Site-specific hospitality rather than a replicated brand.","description":"Restaurant in a restored Bardstown historic house serving refined Southern plates in bourbon country. Site-specific hospitality rather than a replicated brand.","website":"https://www.harrisonsmithhouse.com/","category":"restaurant","cuisine_or_type":"historic house dining","layer":"locals"}},{"type":"Feature","geometry":{"type":"Point","coordinates":[-85.7024671,38.2537104]},"properties":{"id":"irish-rover","name":"The Irish Rover","title":"The Irish Rover","city":"Louisville","county":"Jefferson","address":"2319 Frankfort Ave, Louisville, KY 40206","history":"Clifton Irish pub founded by Irish immigrants, a Louisville gathering place for decades with traditional plates and live music. Independent Frankfort Avenue original.","description":"Clifton Irish pub founded by Irish immigrants, a Louisville gathering place for decades with traditional plates and live music. Independent Frankfort Avenue original.","website":"https://www.theirishroverky.com/","category":"restaurant","cuisine_or_type":"Irish pub","layer":"locals"}},{"type":"Feature","geometry":{"type":"Point","coordinates":[-84.8238938,38.1326948]},"properties":{"id":"the-stave","name":"The Stave","title":"The Stave","city":"Frankfort","county":"Franklin","address":"5711 Mccracken Pike, Frankfort, KY  40601, United States","history":"From Shannon's Apple Maps Local Restaurants guide. South American Cuisine; $$; Closed Now; 11:00 AM – 8:00 PM","description":"From Shannon's Apple Maps Local Restaurants guide. South American Cuisine; $$; Closed Now; 11:00 AM – 8:00 PM","category":"restaurant","cuisine_or_type":"South American Cuisine","layer":"locals"}},{"type":"Feature","geometry":{"type":"Point","coordinates":[-85.6374745,38.1074779]},"properties":{"id":"village-anchor","name":"The Village Anchor Public House","title":"The Village Anchor Public House","city":"Anchorage","county":"Jefferson","address":"11507 Park Rd, Louisville, KY 40223","history":"Anchorage village gastropub in a historic building known for elevated comfort food and community gatherings. Independent Jefferson County neighborhood landmark.","description":"Anchorage village gastropub in a historic building known for elevated comfort food and community gatherings. Independent Jefferson County neighborhood landmark.","website":"https://www.villageanchor.com/","category":"restaurant","cuisine_or_type":"gastropub","layer":"locals"}},{"type":"Feature","geometry":{"type":"Point","coordinates":[-84.63637,38.12836]},"properties":{"id":"weisenberger-mill","name":"Weisenberger Mill","title":"Weisenberger Mill","city":"Midway","county":"Scott","address":"2545 Weisenberger Mill Rd, Midway, KY 40347","history":"Kentucky's oldest continuously operating commercial water mill (family-run since 1865) producing stone-ground grits, meal, and flour prized by Bluegrass chefs. Retail and mill site on South Elkhorn Creek—unique to this Scott/Woodford border landmark.","description":"Kentucky's oldest continuously operating commercial water mill (family-run since 1865) producing stone-ground grits, meal, and flour prized by Bluegrass chefs. Retail and mill site on South Elkhorn Creek—unique to this Scott/Woodford border landmark.","website":"https://www.weisenberger.com/","category":"specialty","cuisine_or_type":"historic water mill & grits","layer":"locals"}},{"type":"Feature","geometry":{"type":"Point","coordinates":[-83.6969797,37.7681959]},"properties":{"id":"miguels-pizza-slade","name":"Miguel's Pizza","title":"Miguel's Pizza","city":"Slade","county":"Powell","address":"1890 Natural Bridge Rd, Slade, KY 40376","history":"World-famous Red River Gorge climbers' pizza cafe—Ventura family institution unique to Slade, not a chain.","description":"World-famous Red River Gorge climbers' pizza cafe—Ventura family institution unique to Slade, not a chain.","website":"https://miguelspizza.com/","category":"restaurant","cuisine_or_type":"pizza & climber hub","layer":"locals"}},{"type":"Feature","geometry":{"type":"Point","coordinates":[-83.6561562,37.7394412]},"properties":{"id":"red-river-rockhouse","name":"Red River Rockhouse","title":"Red River Rockhouse","city":"Campton","county":"Wolfe","address":"4000 KY 11, Campton, KY 41301","history":"Farm-to-table Red River Gorge cafe known for local produce—unique Gorge destination.","description":"Farm-to-table Red River Gorge cafe known for local produce—unique Gorge destination.","website":"https://www.redriverrockhouse.com/","category":"restaurant","cuisine_or_type":"farm-to-table cafe","layer":"locals"}},{"type":"Feature","geometry":{"type":"Point","coordinates":[-83.6125683,37.7634182]},"properties":{"id":"sky-bridge-station","name":"Sky Bridge Station","title":"Sky Bridge Station","city":"Pine Ridge","county":"Wolfe","address":"1224 Natural Bridge Rd, Pine Ridge, KY 41360","history":"Gorge trailhead cafe/outfitter kitchen—independent Pine Ridge stop for climbers and hikers.","description":"Gorge trailhead cafe/outfitter kitchen—independent Pine Ridge stop for climbers and hikers.","website":"https://www.skybridgestation.com/","category":"restaurant","cuisine_or_type":"cafe & outfitter food","layer":"locals"}},{"type":"Feature","geometry":{"type":"Point","coordinates":[-84.0959774,36.9462102]},"properties":{"id":"wrigley-taproom-corbin","name":"The Wrigley Taproom & Eatery","title":"The Wrigley Taproom & Eatery","city":"Corbin","county":"Whitley","address":"207 S Main St, Corbin, KY 40701","history":"Locally owned Corbin kitchen featured in Time/Food & Wine—scratch cooking unique to Corbin.","description":"Locally owned Corbin kitchen featured in Time/Food & Wine—scratch cooking unique to Corbin.","website":"https://thewrigley.com/","category":"restaurant","cuisine_or_type":"craft American & bourbon","layer":"locals"}},{"type":"Feature","geometry":{"type":"Point","coordinates":[-84.0938415,36.9598343]},"properties":{"id":"sanders-cafe-corbin","name":"Sanders Cafe & Museum","title":"Sanders Cafe & Museum","city":"Corbin","county":"Whitley","address":"688 US Hwy 25 W, Corbin, KY 40701","history":"Original Harland Sanders Cafe restored as museum dining—historic Corbin site (not a modern KFC franchise).","description":"Original Harland Sanders Cafe restored as museum dining—historic Corbin site (not a modern KFC franchise).","website":"https://www.sanderscafe.com/","category":"restaurant","cuisine_or_type":"historic cafe","layer":"locals"}},{"type":"Feature","geometry":{"type":"Point","coordinates":[-82.5162518,37.4813432]},"properties":{"id":"blue-raven-pikeville","name":"The Blue Raven","title":"The Blue Raven","city":"Pikeville","county":"Pike","address":"211 Main St, Pikeville, KY 41501","history":"Upscale contemporary Southern in downtown Pikeville—independent mountain-town kitchen.","description":"Upscale contemporary Southern in downtown Pikeville—independent mountain-town kitchen.","website":"https://www.theblueraven.net/","category":"restaurant","cuisine_or_type":"contemporary Southern","layer":"locals"}},{"type":"Feature","geometry":{"type":"Point","coordinates":[-82.5156535,37.4817693]},"properties":{"id":"chiricos-pikeville","name":"Chirico's Ristorante","title":"Chirico's Ristorante","city":"Pikeville","county":"Pike","address":"235 Main St, Pikeville, KY 41501","history":"Family Italian on Pikeville Main Street—scratch classics unique to the area.","description":"Family Italian on Pikeville Main Street—scratch classics unique to the area.","website":"https://www.facebook.com/","category":"restaurant","cuisine_or_type":"Italian","layer":"locals"}},{"type":"Feature","geometry":{"type":"Point","coordinates":[-82.5429402,37.4863617]},"properties":{"id":"happy-days-diner-pikeville","name":"Happy Days Diner","title":"Happy Days Diner","city":"Pikeville","county":"Pike","address":"1068 S Mayo Trail, Pikeville, KY 41501","history":"Scratch biscuits-and-gravy diner unique to Pikeville—owner-chef comfort food.","description":"Scratch biscuits-and-gravy diner unique to Pikeville—owner-chef comfort food.","website":"https://www.restaurantji.com/ky/pikeville/happy-days-diner-/","category":"restaurant","cuisine_or_type":"country diner","layer":"locals"}},{"type":"Feature","geometry":{"type":"Point","coordinates":[-83.492,38.179]},"properties":{"id":"elliotts-pizzeria-morehead","name":"Elliott's Pizzeria","title":"Elliott's Pizzeria","city":"Morehead","county":"Rowan","address":"7650 US 60 W, Morehead, KY 40351","history":"Family pizzeria in a longtime US 60 building—Morehead independent.","description":"Family pizzeria in a longtime US 60 building—Morehead independent.","website":"https://elliottspizzeria.com/","category":"restaurant","cuisine_or_type":"pizza & Italian","layer":"locals"}},{"type":"Feature","geometry":{"type":"Point","coordinates":[-83.4325,38.1835]},"properties":{"id":"sheltowee-brewing-morehead","name":"Sheltowee Trace Brewing Kitchen","title":"Sheltowee Trace Brewing Kitchen","city":"Morehead","county":"Rowan","address":"150 E First St, Morehead, KY 40351","history":"Independent Morehead brewery kitchen named for the Sheltowee Trace—local craft food.","description":"Independent Morehead brewery kitchen named for the Sheltowee Trace—local craft food.","website":"https://sheltoweetracebrewing.com/","category":"restaurant","cuisine_or_type":"brewery kitchen","layer":"locals"}},{"type":"Feature","geometry":{"type":"Point","coordinates":[-84.2883874,37.5727469]},"properties":{"id":"papalenos-berea","name":"Papaleno's Pizza","title":"Papaleno's Pizza","city":"Berea","county":"Madison","address":"108 Center St, Berea, KY 40403","history":"Longtime downtown Berea independent pizzeria—college-town staple.","description":"Longtime downtown Berea independent pizzeria—college-town staple.","website":"https://www.papalenos.com/","category":"restaurant","cuisine_or_type":"pizza","layer":"locals"}},{"type":"Feature","geometry":{"type":"Point","coordinates":[-82.6407293,38.4795189]},"properties":{"id":"tuscan-prime-ashland","name":"Tuscan Prime Italian Chophouse","title":"Tuscan Prime Italian Chophouse","city":"Ashland","county":"Boyd","address":"14450 Michigan Ave, Ashland, KY 41102","history":"Independent Italian chophouse in Ashland—elevated Boyd County dining.","description":"Independent Italian chophouse in Ashland—elevated Boyd County dining.","website":"https://www.tuscanprime.com/","category":"restaurant","cuisine_or_type":"Italian steakhouse","layer":"locals"}},{"type":"Feature","geometry":{"type":"Point","coordinates":[-84.6056281,37.0954747]},"properties":{"id":"charred-oak-somerset","name":"Charred Oak Grill","title":"Charred Oak Grill","city":"Somerset","county":"Pulaski","address":"305 E Mt Vernon St, Somerset, KY 42501","history":"Downtown Somerset grill with deep bourbon library—Lake Cumberland independent destination.","description":"Downtown Somerset grill with deep bourbon library—Lake Cumberland independent destination.","website":"https://charredoakgrill.com/","category":"restaurant","cuisine_or_type":"American & bourbon","layer":"locals"}},{"type":"Feature","geometry":{"type":"Point","coordinates":[-83.1920881,37.2722747]},"properties":{"id":"la-citadelle-hazard","name":"La Citadelle Restaurant","title":"La Citadelle Restaurant","city":"Hazard","county":"Perry","address":"516 E Main St, Hazard, KY 41701","history":"Historic hilltop dining overlooking Hazard—longtime Perry County independent destination. Curated local independent pin for statewide coverage; ratings not independently verified.","description":"Historic hilltop dining overlooking Hazard—longtime Perry County independent destination. Curated local independent pin for statewide coverage; ratings not independently verified.","website":"https://www.facebook.com/","category":"restaurant","cuisine_or_type":"American fine dining","layer":"locals"}},{"type":"Feature","geometry":{"type":"Point","coordinates":[-83.1570941,38.3039633]},"properties":{"id":"grayson-carter","name":"Carter Caves Cafe","title":"Carter Caves Cafe","city":"Olive Hill","county":"Carter","address":"344 Caveland Dr, Olive Hill, KY 41164","history":"Visitor cafe near Carter Caves State Resort Park—Carter County unique stop. Curated local independent pin for statewide coverage; ratings not independently verified.","description":"Visitor cafe near Carter Caves State Resort Park—Carter County unique stop. Curated local independent pin for statewide coverage; ratings not independently verified.","website":"https://parks.ky.gov/","category":"restaurant","cuisine_or_type":"park cafe","layer":"locals"}},{"type":"Feature","geometry":{"type":"Point","coordinates":[-88.5953467,37.0872399]},"properties":{"id":"cynthias-paducah","name":"Cynthia's Ristorante","title":"Cynthia's Ristorante","city":"Paducah","county":"McCracken","address":"125 Market House Sq, Paducah, KY 42001","history":"Award-winning from-scratch California-Tuscan on Market House Square—Paducah icon.","description":"Award-winning from-scratch California-Tuscan on Market House Square—Paducah icon.","website":"http://www.cynthiasristorante.com/","category":"restaurant","cuisine_or_type":"California Tuscan","layer":"locals"}},{"type":"Feature","geometry":{"type":"Point","coordinates":[-88.5953698,37.0876912]},"properties":{"id":"does-eat-place-paducah","name":"Doe's Eat Place","title":"Doe's Eat Place","city":"Paducah","county":"McCracken","address":"136 Broadway St, Paducah, KY 42001","history":"Paducah steak-and-tamale house in the historic district—independent Delta-style classic.","description":"Paducah steak-and-tamale house in the historic district—independent Delta-style classic.","website":"https://doespaducah.com/","category":"restaurant","cuisine_or_type":"steaks & tamales","layer":"locals"}},{"type":"Feature","geometry":{"type":"Point","coordinates":[-88.63,37.06]},"properties":{"id":"flamingo-row-paducah","name":"Flamingo Row","title":"Flamingo Row","city":"Paducah","county":"McCracken","address":"2640 Perkins Creek Dr, Paducah, KY 42001","history":"Locally owned Paducah restaurant with Caribbean flair—family-friendly independent.","description":"Locally owned Paducah restaurant with Caribbean flair—family-friendly independent.","website":"https://flamingorow.com/","category":"restaurant","cuisine_or_type":"Caribbean American","layer":"locals"}},{"type":"Feature","geometry":{"type":"Point","coordinates":[-88.5952196,37.087397]},"properties":{"id":"maxs-brick-oven-paducah","name":"Max's Brick Oven Cafe","title":"Max's Brick Oven Cafe","city":"Paducah","county":"McCracken","address":"112 Market House Sq, Paducah, KY 42001","history":"Market House Square brick-oven independent—Paducah creative-district staple.","description":"Market House Square brick-oven independent—Paducah creative-district staple.","website":"https://www.maxsbrickoven.com/","category":"restaurant","cuisine_or_type":"Italian & pizza","layer":"locals"}},{"type":"Feature","geometry":{"type":"Point","coordinates":[-88.5997591,37.0889399]},"properties":{"id":"whalers-catch-paducah","name":"Whaler's Catch","title":"Whaler's Catch","city":"Paducah","county":"McCracken","address":"124 N 2nd St, Paducah, KY 42001","history":"River-town seafood independent in downtown Paducah—Purchase region classic.","description":"River-town seafood independent in downtown Paducah—Purchase region classic.","website":"https://www.whalerscatch.com/","category":"restaurant","cuisine_or_type":"seafood","layer":"locals"}},{"type":"Feature","geometry":{"type":"Point","coordinates":[-88.5975,37.0855]},"properties":{"id":"etcetera-coffee-paducah","name":"Etcetera Coffeehouse","title":"Etcetera Coffeehouse","city":"Paducah","county":"McCracken","address":"213 Broadway St, Paducah, KY 42001","history":"Independent downtown Paducah coffeehouse—creative-district local hangout. Curated local independent pin for statewide coverage; ratings not independently verified.","description":"Independent downtown Paducah coffeehouse—creative-district local hangout. Curated local independent pin for statewide coverage; ratings not independently verified.","website":"https://www.facebook.com/","category":"specialty","cuisine_or_type":"coffeehouse","layer":"locals"}},{"type":"Feature","geometry":{"type":"Point","coordinates":[-88.2247764,36.9953324]},"properties":{"id":"pattis-1880-grand-rivers","name":"Patti's 1880's Settlement","title":"Patti's 1880's Settlement","city":"Grand Rivers","county":"Lyon","address":"1793 JH O'Bryan Ave, Grand Rivers, KY 42045","history":"Kentucky Lake landmark famous for 2-inch pork chops and flower-pot bread—destination independent.","description":"Kentucky Lake landmark famous for 2-inch pork chops and flower-pot bread—destination independent.","website":"https://www.pattis1880s.com/","category":"restaurant","cuisine_or_type":"Southern destination","layer":"locals"}},{"type":"Feature","geometry":{"type":"Point","coordinates":[-87.4895024,36.8650593]},"properties":{"id":"ferrells-snappy-hopkinsville","name":"Ferrell's Snappy Service","title":"Ferrell's Snappy Service","city":"Hopkinsville","county":"Christian","address":"1001 S Main St, Hopkinsville, KY 42240","history":"Tiny historic Hopkinsville burger-and-chili diner—decades-old independent counter.","description":"Tiny historic Hopkinsville burger-and-chili diner—decades-old independent counter.","website":"https://www.facebook.com/","category":"restaurant","cuisine_or_type":"historic burger diner","layer":"locals"}},{"type":"Feature","geometry":{"type":"Point","coordinates":[-87.111,37.7715]},"properties":{"id":"miller-house-owensboro","name":"The Miller House","title":"The Miller House","city":"Owensboro","county":"Daviess","address":"301 E 5th St, Owensboro, KY 42303","history":"Chef-driven Southern in a restored 1905 home with deep bourbon bar—Owensboro destination.","description":"Chef-driven Southern in a restored 1905 home with deep bourbon bar—Owensboro destination.","website":"https://themillerhouserestaurant.com/","category":"restaurant","cuisine_or_type":"Southern & bourbon","layer":"locals"}},{"type":"Feature","geometry":{"type":"Point","coordinates":[-87.1019519,37.746781]},"properties":{"id":"briarpatch-owensboro","name":"Briarpatch Restaurant","title":"Briarpatch Restaurant","city":"Owensboro","county":"Daviess","address":"2760 Veach Rd, Owensboro, KY 42303","history":"Owensboro independent since the early 1970s—steaks and salads unique to Daviess County.","description":"Owensboro independent since the early 1970s—steaks and salads unique to Daviess County.","website":"https://www.briarpatchrestaurant.com/","category":"restaurant","cuisine_or_type":"steaks & American","layer":"locals"}},{"type":"Feature","geometry":{"type":"Point","coordinates":[-87.054075,37.752522]},"properties":{"id":"ole-south-bbq-owensboro","name":"Ole South Barbeque","title":"Ole South Barbeque","city":"Owensboro","county":"Daviess","address":"3523 Hwy 54, Owensboro, KY 42303","history":"Owensboro-style barbecue independent—mutton-and-pit tradition of the BBQ capital.","description":"Owensboro-style barbecue independent—mutton-and-pit tradition of the BBQ capital.","website":"https://www.facebook.com/","category":"restaurant","cuisine_or_type":"Western KY BBQ","layer":"locals"}},{"type":"Feature","geometry":{"type":"Point","coordinates":[-87.1135,37.774]},"properties":{"id":"colbys-owensboro","name":"Colby's Fine Food & Spirits","title":"Colby's Fine Food & Spirits","city":"Owensboro","county":"Daviess","address":"202 W 3rd St, Owensboro, KY 42301","history":"Downtown Owensboro independent fine-casual—local ownership.","description":"Downtown Owensboro independent fine-casual—local ownership.","website":"https://www.colbysowensboro.com/","category":"restaurant","cuisine_or_type":"American & spirits","layer":"locals"}},{"type":"Feature","geometry":{"type":"Point","coordinates":[-86.47,36.89]},"properties":{"id":"chaneys-dairy-barn","name":"Chaney's Dairy Barn","title":"Chaney's Dairy Barn","city":"Bowling Green","county":"Warren","address":"9191 Nashville Rd, Bowling Green, KY 42101","history":"Farmstead dairy barn famous for homemade ice cream—Bowling Green KY Proud destination.","description":"Farmstead dairy barn famous for homemade ice cream—Bowling Green KY Proud destination.","website":"https://www.chaneysdairybarn.com/","category":"specialty","cuisine_or_type":"ice cream & farm dairy","layer":"locals"}},{"type":"Feature","geometry":{"type":"Point","coordinates":[-86.4436327,36.9959211]},"properties":{"id":"440-main-bg","name":"440 Main Restaurant","title":"440 Main Restaurant","city":"Bowling Green","county":"Warren","address":"440 E Main Ave, Bowling Green, KY 42101","history":"Downtown Bowling Green independent in a historic building—elevated American.","description":"Downtown Bowling Green independent in a historic building—elevated American.","website":"https://www.440main.com/","category":"restaurant","cuisine_or_type":"American fine dining","layer":"locals"}},{"type":"Feature","geometry":{"type":"Point","coordinates":[-86.4436327,36.9959211]},"properties":{"id":"gerards-1907-bg","name":"Gerard's 1907 Tavern","title":"Gerard's 1907 Tavern","city":"Bowling Green","county":"Warren","address":"445 E Main Ave, Bowling Green, KY 42101","history":"Chef-driven New American tavern downtown BG—local sourcing unique to Warren County.","description":"Chef-driven New American tavern downtown BG—local sourcing unique to Warren County.","website":"https://www.gerards1907.com/","category":"restaurant","cuisine_or_type":"New American","layer":"locals"}},{"type":"Feature","geometry":{"type":"Point","coordinates":[-86.4467218,36.9947106]},"properties":{"id":"white-squirrel-bg","name":"White Squirrel Brewery Kitchen","title":"White Squirrel Brewery Kitchen","city":"Bowling Green","county":"Warren","address":"410 E 11th Ave, Bowling Green, KY 42101","history":"Bowling Green independent brewery kitchen—campus-district local.","description":"Bowling Green independent brewery kitchen—campus-district local.","website":"https://www.whitesquirrelbrewery.com/","category":"restaurant","cuisine_or_type":"brewery kitchen","layer":"locals"}},{"type":"Feature","geometry":{"type":"Point","coordinates":[-86.475,36.965]},"properties":{"id":"lost-river-cave-cafe","name":"Lost River Cave Cafe","title":"Lost River Cave Cafe","city":"Bowling Green","county":"Warren","address":"2818 Nashville Rd, Bowling Green, KY 42101","history":"Cafe at the Lost River Cave attraction—Bowling Green visitor-facing independent kitchen.","description":"Cafe at the Lost River Cave attraction—Bowling Green visitor-facing independent kitchen.","website":"https://lostrivercave.org/","category":"restaurant","cuisine_or_type":"cafe","layer":"locals"}},{"type":"Feature","geometry":{"type":"Point","coordinates":[-88.3029846,36.6095948]},"properties":{"id":"downtown-murray","name":"The Downtown Restaurant & Bar","title":"The Downtown Restaurant & Bar","city":"Murray","county":"Calloway","address":"105 S 5th St, Murray, KY 42071","history":"Murray State-area downtown independent—Calloway County local kitchen. Curated local independent pin for statewide coverage; ratings not independently verified.","description":"Murray State-area downtown independent—Calloway County local kitchen. Curated local independent pin for statewide coverage; ratings not independently verified.","website":"https://www.facebook.com/","category":"restaurant","cuisine_or_type":"American","layer":"locals"}},{"type":"Feature","geometry":{"type":"Point","coordinates":[-88.3156868,36.6173745]},"properties":{"id":"lost-river-pizza-murray","name":"Lost River Pizza Co","title":"Lost River Pizza Co","city":"Murray","county":"Calloway","address":"505 N 12th St, Murray, KY 42071","history":"Murray independent pizzeria—Purchase region local dough shop. Curated local independent pin for statewide coverage; ratings not independently verified.","description":"Murray independent pizzeria—Purchase region local dough shop. Curated local independent pin for statewide coverage; ratings not independently verified.","website":"https://www.facebook.com/","category":"restaurant","cuisine_or_type":"pizza","layer":"locals"}},{"type":"Feature","geometry":{"type":"Point","coordinates":[-87.5048168,37.3450293]},"properties":{"id":"calhouns-meats-madisonville","name":"Calhoun's Custom Meats","title":"Calhoun's Custom Meats","city":"Madisonville","county":"Hopkins","address":"1005 Pride Ave, Madisonville, KY 42431","history":"Family farm butcher and lunch counter—bourbon-fed beef unique to Madisonville.","description":"Family farm butcher and lunch counter—bourbon-fed beef unique to Madisonville.","website":"https://calhounscustommeats.com/","category":"specialty","cuisine_or_type":"farm meats & lunch counter","layer":"locals"}},{"type":"Feature","geometry":{"type":"Point","coordinates":[-87.45,37.35]},"properties":{"id":"pond-river-farm","name":"Pond River Farm Market","title":"Pond River Farm Market","city":"Madisonville","county":"Hopkins","address":"3380 Casner Rd, Madisonville, KY 42431","history":"Family farm market known for pickle varieties and baked goods—Hopkins County KY Proud.","description":"Family farm market known for pickle varieties and baked goods—Hopkins County KY Proud.","website":"https://pondriverfarm.com/","category":"specialty","cuisine_or_type":"farm market & pickles","layer":"locals"}},{"type":"Feature","geometry":{"type":"Point","coordinates":[-87.4955925,37.333607]},"properties":{"id":"warehouse-madisonville","name":"The Warehouse Restaurant","title":"The Warehouse Restaurant","city":"Madisonville","county":"Hopkins","address":"63 N Franklin St, Madisonville, KY 42431","history":"Downtown Madisonville independent in a historic warehouse—Hopkins County dining. Curated local independent pin for statewide coverage; ratings not independently verified.","description":"Downtown Madisonville independent in a historic warehouse—Hopkins County dining. Curated local independent pin for statewide coverage; ratings not independently verified.","website":"https://www.facebook.com/","category":"restaurant","cuisine_or_type":"American","layer":"locals"}},{"type":"Feature","geometry":{"type":"Point","coordinates":[-87.592222,37.8404588]},"properties":{"id":"railhouse-henderson","name":"The Railhouse Restaurant & Bar","title":"The Railhouse Restaurant & Bar","city":"Henderson","county":"Henderson","address":"131 N Main St, Henderson, KY 42420","history":"Downtown Henderson independent—Ohio River city unique kitchen (alongside Thomason's BBQ). Curated local independent pin for statewide coverage; ratings not independently verified.","description":"Downtown Henderson independent—Ohio River city unique kitchen (alongside Thomason's BBQ). Curated local independent pin for statewide coverage; ratings not independently verified.","website":"https://www.facebook.com/","category":"restaurant","cuisine_or_type":"American bar & grill","layer":"locals"}},{"type":"Feature","geometry":{"type":"Point","coordinates":[-84.5177474,39.0846832]},"properties":{"id":"ottos-covington","name":"Otto's","title":"Otto's","city":"Covington","county":"Kenton","address":"521 Main St, Covington, KY 41011","history":"Mainstrasse independent since 2003—American/Southern fare unique to Covington.","description":"Mainstrasse independent since 2003—American/Southern fare unique to Covington.","website":"http://www.ottosonmain.com/","category":"restaurant","cuisine_or_type":"American Southern","layer":"locals"}},{"type":"Feature","geometry":{"type":"Point","coordinates":[-84.5172973,39.0840231]},"properties":{"id":"frida-602-covington","name":"Frida 602","title":"Frida 602","city":"Covington","county":"Kenton","address":"602 Main St, Covington, KY 41011","history":"Tequila/mezcal bar with Latin street cuisine in Mainstrasse—Covington independent.","description":"Tequila/mezcal bar with Latin street cuisine in Mainstrasse—Covington independent.","website":"https://www.fridaonmain.com/","category":"restaurant","cuisine_or_type":"Latin street food","layer":"locals"}},{"type":"Feature","geometry":{"type":"Point","coordinates":[-84.5175916,39.0845041]},"properties":{"id":"dee-felice-covington","name":"Dee Felice Cafe","title":"Dee Felice Cafe","city":"Covington","county":"Kenton","address":"529 Main St, Covington, KY 41011","history":"Live-music Creole/Cajun independent on Mainstrasse—Covington nightlife classic.","description":"Live-music Creole/Cajun independent on Mainstrasse—Covington nightlife classic.","website":"https://deefelicecafe.com/","category":"restaurant","cuisine_or_type":"Creole Cajun","layer":"locals"}},{"type":"Feature","geometry":{"type":"Point","coordinates":[-84.5259323,39.0413742]},"properties":{"id":"walts-hitching-post","name":"Walt's Hitching Post","title":"Walt's Hitching Post","city":"Fort Wright","county":"Kenton","address":"33 Melinda Ln, Fort Wright, KY 41011","history":"NKY rib legend since WWII—outdoor smokehouse ribs and secret sauce unique to Kenton County.","description":"NKY rib legend since WWII—outdoor smokehouse ribs and secret sauce unique to Kenton County.","website":"https://www.waltshitchingpost.com/","category":"restaurant","cuisine_or_type":"ribs & American","layer":"locals"}},{"type":"Feature","geometry":{"type":"Point","coordinates":[-84.493202,39.0886072]},"properties":{"id":"york-street-newport","name":"York Street","title":"York Street","city":"Newport","county":"Campbell","address":"738 York St, Newport, KY 41071","history":"Scratch American in Newport's York Historic District—25+ year independent with patio garden.","description":"Scratch American in Newport's York Historic District—25+ year independent with patio garden.","website":"http://www.yorkstreetrestaurant.com/","category":"restaurant","cuisine_or_type":"American steaks","layer":"locals"}},{"type":"Feature","geometry":{"type":"Point","coordinates":[-84.4806061,39.0792809]},"properties":{"id":"pepper-pod-newport","name":"Pepper Pod Restaurant","title":"Pepper Pod Restaurant","city":"Newport","county":"Campbell","address":"703 Monmouth St, Newport, KY 41071","history":"Classic Newport diner with jukebox booths and goetta—independent Monmouth Street institution.","description":"Classic Newport diner with jukebox booths and goetta—independent Monmouth Street institution.","website":"https://www.facebook.com/","category":"restaurant","cuisine_or_type":"classic diner","layer":"locals"}},{"type":"Feature","geometry":{"type":"Point","coordinates":[-84.4999147,39.0867342]},"properties":{"id":"wiseguy-pizza-newport","name":"Wiseguy Pizza Pie","title":"Wiseguy Pizza Pie","city":"Newport","county":"Campbell","address":"18 E 7th St, Newport, KY 41071","history":"Newport independent pizzeria—local dough shop unique to Campbell County.","description":"Newport independent pizzeria—local dough shop unique to Campbell County.","website":"https://www.wiseguypizzapie.com/","category":"restaurant","cuisine_or_type":"pizza","layer":"locals"}},{"type":"Feature","geometry":{"type":"Point","coordinates":[-84.4881134,39.1021996]},"properties":{"id":"tuba-casting-bellevue","name":"Tuba Casting","title":"Tuba Casting","city":"Bellevue","county":"Campbell","address":"410 Fairfield Ave, Bellevue, KY 41073","history":"Bellevue independent known for creative plates—Campbell County river-city unique.","description":"Bellevue independent known for creative plates—Campbell County river-city unique.","website":"https://www.tubacasting.com/","category":"restaurant","cuisine_or_type":"American eclectic","layer":"locals"}},{"type":"Feature","geometry":{"type":"Point","coordinates":[-84.5172495,39.0844816]},"properties":{"id":"chez-nora-covington","name":"Chez Nora","title":"Chez Nora","city":"Covington","county":"Kenton","address":"530 Main St, Covington, KY 41011","history":"Mainstrasse independent with rooftop dining—Covington local classic.","description":"Mainstrasse independent with rooftop dining—Covington local classic.","website":"https://www.cheznora.com/","category":"restaurant","cuisine_or_type":"American rooftop","layer":"locals"}},{"type":"Feature","geometry":{"type":"Point","coordinates":[-83.7593382,38.6441084]},"properties":{"id":"maysville-mason","name":"Caproni's on the River","title":"Caproni's on the River","city":"Maysville","county":"Mason","address":"320 E 3rd St, Maysville, KY 41056","history":"Historic Maysville Italian riverfront independent—Mason County Ohio River classic.","description":"Historic Maysville Italian riverfront independent—Mason County Ohio River classic.","website":"https://www.capronis.com/","category":"restaurant","cuisine_or_type":"Italian river dining","layer":"locals"}},{"type":"Feature","geometry":{"type":"Point","coordinates":[-85.7155415,38.2357327]},"properties":{"id":"ramsis-cafe","name":"Ramsi's Cafe on the World","title":"Ramsi's Cafe on the World","city":"Louisville","county":"Jefferson","address":"1293 Bardstown Rd, Louisville, KY 40204","history":"Highlands institution of global/Egyptian-Italian eclectic dining—Louisville independent icon.","description":"Highlands institution of global/Egyptian-Italian eclectic dining—Louisville independent icon.","website":"https://www.ramsiscafe.com/","category":"restaurant","cuisine_or_type":"global eclectic","layer":"locals"}},{"type":"Feature","geometry":{"type":"Point","coordinates":[-85.7619327,38.2335979]},"properties":{"id":"bucks-louisville","name":"Buck's Restaurant & Bar","title":"Buck's Restaurant & Bar","city":"Louisville","county":"Jefferson","address":"425 W Ormsby Ave, Louisville, KY 40203","history":"Fine dining in Old Louisville's Mayflower—independent classic.","description":"Fine dining in Old Louisville's Mayflower—independent classic.","website":"https://www.buckslou.com/","category":"restaurant","cuisine_or_type":"fine dining","layer":"locals"}},{"type":"Feature","geometry":{"type":"Point","coordinates":[-85.7374629,38.2528908]},"properties":{"id":"decca-louisville","name":"Decca","title":"Decca","city":"Louisville","county":"Jefferson","address":"812 E Market St, Louisville, KY 40206","history":"NuLu independent with seasonal Mediterranean-inspired plates—Louisville chef-driven.","description":"NuLu independent with seasonal Mediterranean-inspired plates—Louisville chef-driven.","website":"https://deccarestaurant.com/","category":"restaurant","cuisine_or_type":"Mediterranean American","layer":"locals"}},{"type":"Feature","geometry":{"type":"Point","coordinates":[-85.7404353,38.253229]},"properties":{"id":"wiltshire-on-market","name":"Wiltshire on Market","title":"Wiltshire on Market","city":"Louisville","county":"Jefferson","address":"636 E Market St, Louisville, KY 40202","history":"NuLu sibling to Wiltshire Pantry—chef-driven New American independent.","description":"NuLu sibling to Wiltshire Pantry—chef-driven New American independent.","website":"https://www.wiltshirepantry.com/","category":"restaurant","cuisine_or_type":"New American","layer":"locals"}},{"type":"Feature","geometry":{"type":"Point","coordinates":[-85.7231425,38.2391434]},"properties":{"id":"gralehaus","name":"Gralehaus","title":"Gralehaus","city":"Louisville","county":"Jefferson","address":"1001 Baxter Ave, Louisville, KY 40204","history":"Baxter Avenue guesthouse cafe famous for elevated breakfast—Highlands independent.","description":"Baxter Avenue guesthouse cafe famous for elevated breakfast—Highlands independent.","website":"https://www.gralehaus.com/","category":"restaurant","cuisine_or_type":"breakfast & gastropub","layer":"locals"}},{"type":"Feature","geometry":{"type":"Point","coordinates":[-85.7409077,38.2532916]},"properties":{"id":"harvest-louisville","name":"Harvest","title":"Harvest","city":"Louisville","county":"Jefferson","address":"624 E Market St, Louisville, KY 40202","history":"NuLu farm-to-table independent emphasizing Kentucky producers—Jefferson County icon.","description":"NuLu farm-to-table independent emphasizing Kentucky producers—Jefferson County icon.","website":"https://www.harvestlouisville.com/","category":"restaurant","cuisine_or_type":"farm-to-table","layer":"locals"}},{"type":"Feature","geometry":{"type":"Point","coordinates":[-85.7083889,38.2539773]},"properties":{"id":"varanese","name":"Varanese","title":"Varanese","city":"Louisville","county":"Jefferson","address":"2106 Frankfort Ave, Louisville, KY 40206","history":"Clifton independent with patio and seasonal New American—Louisville local favorite.","description":"Clifton independent with patio and seasonal New American—Louisville local favorite.","website":"https://www.varanese.com/","category":"restaurant","cuisine_or_type":"New American","layer":"locals"}},{"type":"Feature","geometry":{"type":"Point","coordinates":[-85.7379033,38.2529944]},"properties":{"id":"please-and-thank-you","name":"Please & Thank You","title":"Please & Thank You","city":"Louisville","county":"Jefferson","address":"800 E Market St, Louisville, KY 40206","history":"NuLu coffee-and-biscuit independent—Louisville specialty cafe unique to the block.","description":"NuLu coffee-and-biscuit independent—Louisville specialty cafe unique to the block.","website":"https://www.pleaseandthankyoucafe.com/","category":"specialty","cuisine_or_type":"coffee & biscuit shop","layer":"locals"}},{"type":"Feature","geometry":{"type":"Point","coordinates":[-85.7167244,38.2569953]},"properties":{"id":"silver-dollar-louisville","name":"The Silver Dollar","title":"The Silver Dollar","city":"Louisville","county":"Jefferson","address":"1761 Frankfort Ave, Louisville, KY 40206","history":"Clifton Southern/whiskey bar independent—Louisville cult favorite.","description":"Clifton Southern/whiskey bar independent—Louisville cult favorite.","website":"https://www.whiskeybythedrink.com/","category":"restaurant","cuisine_or_type":"Southern & whiskey","layer":"locals"}},{"type":"Feature","geometry":{"type":"Point","coordinates":[-85.7354515,38.2531035]},"properties":{"id":"feast-bbq-louisville","name":"Feast BBQ","title":"Feast BBQ","city":"Louisville","county":"Jefferson","address":"909 E Market St, Louisville, KY 40206","history":"NuLu/Louisville independent barbecue (local brand)—Jefferson County pit.","description":"NuLu/Louisville independent barbecue (local brand)—Jefferson County pit.","website":"https://www.feastbbq.com/","category":"restaurant","cuisine_or_type":"BBQ","layer":"locals"}},{"type":"Feature","geometry":{"type":"Point","coordinates":[-85.6662293,38.2235194]},"properties":{"id":"le-relais","name":"Le Relais","title":"Le Relais","city":"Louisville","county":"Jefferson","address":"2817 Taylorsville Rd, Louisville, KY 40205","history":"French fine dining at Bowman Field—Louisville independent classic.","description":"French fine dining at Bowman Field—Louisville independent classic.","website":"https://www.lerelaisrestaurant.com/","category":"restaurant","cuisine_or_type":"French","layer":"locals"}},{"type":"Feature","geometry":{"type":"Point","coordinates":[-85.6367131,38.2786404]},"properties":{"id":"anoosh-bistro","name":"Anoosh Bistro","title":"Anoosh Bistro","city":"Louisville","county":"Jefferson","address":"4864 Brownsboro Rd, Louisville, KY 40207","history":"East End chef-owned bistro—Louisville independent fine dining.","description":"East End chef-owned bistro—Louisville independent fine dining.","website":"https://www.anooshbistro.com/","category":"restaurant","cuisine_or_type":"New American","layer":"locals"}},{"type":"Feature","geometry":{"type":"Point","coordinates":[-85.7228163,38.2398233]},"properties":{"id":"holy-grale","name":"Holy Grale","title":"Holy Grale","city":"Louisville","county":"Jefferson","address":"1034 Bardstown Rd, Louisville, KY 40204","history":"Highlands Belgian beer and gastropub in a former church—Louisville unique independent.","description":"Highlands Belgian beer and gastropub in a former church—Louisville unique independent.","website":"https://www.holygralelouisville.com/","category":"restaurant","cuisine_or_type":"Belgian gastropub","layer":"locals"}},{"type":"Feature","geometry":{"type":"Point","coordinates":[-85.7014896,38.2536374]},"properties":{"id":"con-huevos","name":"Con Huevos","title":"Con Huevos","city":"Louisville","county":"Jefferson","address":"2339 Frankfort Ave, Louisville, KY 40206","history":"Louisville Mexican breakfast independent (local multi-site within metro)—unique-to-Louisville brand.","description":"Louisville Mexican breakfast independent (local multi-site within metro)—unique-to-Louisville brand.","website":"https://www.conhuevos.com/","category":"restaurant","cuisine_or_type":"Mexican breakfast","layer":"locals"}},{"type":"Feature","geometry":{"type":"Point","coordinates":[-85.7410817,38.2531417]},"properties":{"id":"toast-on-market","name":"Toast on Market","title":"Toast on Market","city":"Louisville","county":"Jefferson","address":"620 E Market St, Louisville, KY 40202","history":"NuLu brunch independent—Louisville breakfast destination.","description":"NuLu brunch independent—Louisville breakfast destination.","website":"https://www.toastonmarket.com/","category":"restaurant","cuisine_or_type":"brunch cafe","layer":"locals"}},{"type":"Feature","geometry":{"type":"Point","coordinates":[-85.6934308,38.2242011]},"properties":{"id":"havana-rumba","name":"Havana Rumba","title":"Havana Rumba","city":"Louisville","county":"Jefferson","address":"2210 Bardstown Rd, Louisville, KY 40205","history":"Louisville Cuban independent (local brand)—Highlands Latin classic.","description":"Louisville Cuban independent (local brand)—Highlands Latin classic.","website":"https://www.havanarumba.com/","category":"restaurant","cuisine_or_type":"Cuban","layer":"locals"}},{"type":"Feature","geometry":{"type":"Point","coordinates":[-85.719,38.234]},"properties":{"id":"dragon-kings-daughter","name":"Dragon King's Daughter","title":"Dragon King's Daughter","city":"Louisville","county":"Jefferson","address":"1126 Bardstown Rd, Louisville, KY 40204","history":"Highlands Asian-fusion independent—Louisville unique kitchen.","description":"Highlands Asian-fusion independent—Louisville unique kitchen.","website":"https://www.dragonkingsdaughter.com/","category":"restaurant","cuisine_or_type":"Asian fusion","layer":"locals"}},{"type":"Feature","geometry":{"type":"Point","coordinates":[-85.7557613,38.2562721]},"properties":{"id":"milkwood","name":"MilkWood","title":"MilkWood","city":"Louisville","county":"Jefferson","address":"316 W Main St, Louisville, KY 40202","history":"Edward Lee's downtown Appalachian-Southern independent—Louisville chef destination.","description":"Edward Lee's downtown Appalachian-Southern independent—Louisville chef destination.","website":"https://www.milkwoodrestaurant.com/","category":"restaurant","cuisine_or_type":"Appalachian Southern","layer":"locals"}},{"type":"Feature","geometry":{"type":"Point","coordinates":[-85.7207443,38.2388833]},"properties":{"id":"fat-lamb","name":"The Fat Lamb","title":"The Fat Lamb","city":"Louisville","county":"Jefferson","address":"2011 Grinstead Dr, Louisville, KY 40204","history":"Highlands Mediterranean independent—Louisville neighborhood gem.","description":"Highlands Mediterranean independent—Louisville neighborhood gem.","website":"https://www.thefatlamb.com/","category":"restaurant","cuisine_or_type":"Mediterranean","layer":"locals"}},{"type":"Feature","geometry":{"type":"Point","coordinates":[-85.7085,38.2542]},"properties":{"id":"grassa-gramma","name":"Grassa Gramma","title":"Grassa Gramma","city":"Louisville","county":"Jefferson","address":"1759 Frankfort Ave, Louisville, KY 40206","history":"Clifton pasta independent—Louisville scratch-noodle kitchen.","description":"Clifton pasta independent—Louisville scratch-noodle kitchen.","website":"https://www.grassagramma.com/","category":"restaurant","cuisine_or_type":"pasta","layer":"locals"}},{"type":"Feature","geometry":{"type":"Point","coordinates":[-84.525,37.985]},"properties":{"id":"honeywood-lexington","name":"Honeywood","title":"Honeywood","city":"Lexington","county":"Fayette","address":"110 Summit at Fritz Farm, Lexington, KY 40517","history":"Fritz Farm independent from the Ramsey's family lineage—Lexington New American.","description":"Fritz Farm independent from the Ramsey's family lineage—Lexington New American.","website":"https://www.honeywoodrestaurant.com/","category":"restaurant","cuisine_or_type":"New American","layer":"locals"}},{"type":"Feature","geometry":{"type":"Point","coordinates":[-84.493018,38.0592495]},"properties":{"id":"county-club-lexington","name":"County Club","title":"County Club","city":"Lexington","county":"Fayette","address":"555 Jefferson St, Lexington, KY 40508","history":"Jefferson Street Southern independent—Lexington chef-driven neighborhood spot.","description":"Jefferson Street Southern independent—Lexington chef-driven neighborhood spot.","website":"https://www.countyclubrestaurant.com/","category":"restaurant","cuisine_or_type":"Southern","layer":"locals"}},{"type":"Feature","geometry":{"type":"Point","coordinates":[-84.4982772,38.0489327]},"properties":{"id":"village-idiot-lexington","name":"The Village Idiot","title":"The Village Idiot","city":"Lexington","county":"Fayette","address":"307 W Short St, Lexington, KY 40507","history":"Downtown Lexington gastropub independent—local beer-and-plates classic.","description":"Downtown Lexington gastropub independent—local beer-and-plates classic.","website":"https://www.villageidiotlexington.com/","category":"restaurant","cuisine_or_type":"gastropub","layer":"locals"}},{"type":"Feature","geometry":{"type":"Point","coordinates":[-84.53,37.978]},"properties":{"id":"ramseys-zandale","name":"Ramsey's Diner","title":"Ramsey's Diner","city":"Lexington","county":"Fayette","address":"151 W Zandale Dr, Lexington, KY 40503","history":"Lexington-only Southern diner brand (local multi within Fayette)—unique-to-Lexington comfort food.","description":"Lexington-only Southern diner brand (local multi within Fayette)—unique-to-Lexington comfort food.","website":"https://www.ramseysdiner.com/","category":"restaurant","cuisine_or_type":"Southern diner","layer":"locals"}},{"type":"Feature","geometry":{"type":"Point","coordinates":[-84.4985389,38.0487538]},"properties":{"id":"table-three-ten","name":"Table Three Ten","title":"Table Three Ten","city":"Lexington","county":"Fayette","address":"310 W Short St, Lexington, KY 40507","history":"Downtown Lexington New American independent—chef-driven Short Street dining.","description":"Downtown Lexington New American independent—chef-driven Short Street dining.","website":"https://www.tablethreeten.com/","category":"restaurant","cuisine_or_type":"New American","layer":"locals"}},{"type":"Feature","geometry":{"type":"Point","coordinates":[-84.5200035,38.056562]},"properties":{"id":"middle-fork-kitchen","name":"Middle Fork Kitchen Bar","title":"Middle Fork Kitchen Bar","city":"Lexington","county":"Fayette","address":"1224 Manchester St, Lexington, KY 40504","history":"Manchester/distillery district independent—Lexington chef destination.","description":"Manchester/distillery district independent—Lexington chef destination.","website":"https://www.middleforkkb.com/","category":"restaurant","cuisine_or_type":"New American","layer":"locals"}},{"type":"Feature","geometry":{"type":"Point","coordinates":[-84.4940825,38.0444598]},"properties":{"id":"natashas-bistro","name":"Natasha's Bistro","title":"Natasha's Bistro","city":"Lexington","county":"Fayette","address":"112 Esplanade, Lexington, KY 40507","history":"Downtown Lexington arts-district bistro with live music—independent local.","description":"Downtown Lexington arts-district bistro with live music—independent local.","website":"https://www.beetnik.com/","category":"restaurant","cuisine_or_type":"eclectic American","layer":"locals"}},{"type":"Feature","geometry":{"type":"Point","coordinates":[-84.4169487,37.9609011]},"properties":{"id":"jean-farris-winery","name":"Jean Farris Winery & Bistro","title":"Jean Farris Winery & Bistro","city":"Lexington","county":"Fayette","address":"6820 Old Richmond Rd, Lexington, KY 40515","history":"Winery bistro on Lexington's southeast side—Fayette independent wine-country dining.","description":"Winery bistro on Lexington's southeast side—Fayette independent wine-country dining.","website":"https://www.jeanfarris.com/","category":"restaurant","cuisine_or_type":"winery bistro","layer":"locals"}},{"type":"Feature","geometry":{"type":"Point","coordinates":[-84.594249,37.5976975]},"properties":{"id":"marksbury-farm","name":"Marksbury Farm Market","title":"Marksbury Farm Market","city":"Lancaster","county":"Garrard","address":"1390 Stanford Rd, Lancaster, KY 40444","history":"KY Proud farm market and butcher—Garrard County farm-to-table specialty unique to Lancaster area.","description":"KY Proud farm market and butcher—Garrard County farm-to-table specialty unique to Lancaster area.","website":"https://www.marksburyfarm.com/","category":"specialty","cuisine_or_type":"farm butcher & market","layer":"locals"}},{"type":"Feature","geometry":{"type":"Point","coordinates":[-84.2925713,37.7471051]},"properties":{"id":"richmond-madison-garden","name":"Madison Garden","title":"Madison Garden","city":"Richmond","county":"Madison","address":"152 N Madison Ave, Richmond, KY 40475","history":"Richmond independent near EKU—Madison County college-town classic.","description":"Richmond independent near EKU—Madison County college-town classic.","website":"https://www.madisongarden.com/","category":"restaurant","cuisine_or_type":"American bar & grill","layer":"locals"}},{"type":"Feature","geometry":{"type":"Point","coordinates":[-84.2091904,38.0071791]},"properties":{"id":"winchester-ale8","name":"Ale-8-One Store & Soda Fountain","title":"Ale-8-One Store & Soda Fountain","city":"Winchester","county":"Clark","address":"25 Carol Rd, Winchester, KY 40391","history":"Home of Ale-8-One with soda fountain/store—Clark County Kentucky specialty unique to Winchester.","description":"Home of Ale-8-One with soda fountain/store—Clark County Kentucky specialty unique to Winchester.","website":"https://www.ale-8-one.com/","category":"specialty","cuisine_or_type":"KY soft drink fountain","layer":"locals"}},{"type":"Feature","geometry":{"type":"Point","coordinates":[-84.55826,38.210103]},"properties":{"id":"georgetown-scott","name":"Fava's Restaurant","title":"Fava's Restaurant","city":"Georgetown","county":"Scott","address":"159 E Main St, Georgetown, KY 40324","history":"Historic Georgetown lunch counter/diner independent—Scott County Main Street classic.","description":"Historic Georgetown lunch counter/diner independent—Scott County Main Street classic.","website":"https://www.facebook.com/","category":"restaurant","cuisine_or_type":"American diner","layer":"locals"}},{"type":"Feature","geometry":{"type":"Point","coordinates":[-84.8725439,38.2087693]},"properties":{"id":"frankfort-locals-hub","name":"Locals Food Hub & Pizza Pub","title":"Locals Food Hub & Pizza Pub","city":"Frankfort","county":"Franklin","address":"507 Wilkinson Blvd, Frankfort, KY 40601","history":"Pizza pub with Kentucky Proud market inside—Frankfort independent food-hub concept.","description":"Pizza pub with Kentucky Proud market inside—Frankfort independent food-hub concept.","website":"https://www.localsfoodhub.com/","category":"restaurant","cuisine_or_type":"pizza & local market","layer":"locals"}},{"type":"Feature","geometry":{"type":"Point","coordinates":[-84.8816658,38.1951939]},"properties":{"id":"rebecca-ruth-frankfort","name":"Rebecca Ruth Candy","title":"Rebecca Ruth Candy","city":"Frankfort","county":"Franklin","address":"112 E 2nd St, Frankfort, KY 40601","history":"Historic bourbon-ball candy kitchen—Frankfort specialty unique to Kentucky's capital.","description":"Historic bourbon-ball candy kitchen—Frankfort specialty unique to Kentucky's capital.","website":"https://www.rebeccaruth.com/","category":"specialty","cuisine_or_type":"bourbon candy","layer":"locals"}},{"type":"Feature","geometry":{"type":"Point","coordinates":[-85.8626448,37.6959834]},"properties":{"id":"back-home-etown","name":"Back Home Restaurant","title":"Back Home Restaurant","city":"Elizabethtown","county":"Hardin","address":"251 W Dixie Ave, Elizabethtown, KY 42701","history":"Historic-home Southern kitchen in downtown E-town—Hardin County independent.","description":"Historic-home Southern kitchen in downtown E-town—Hardin County independent.","website":"https://www.backhomerestaurant.com/","category":"restaurant","cuisine_or_type":"Southern comfort","layer":"locals"}},{"type":"Feature","geometry":{"type":"Point","coordinates":[-85.8574886,37.6929587]},"properties":{"id":"jr-neighbors-etown","name":"J.R. Neighbors","title":"J.R. Neighbors","city":"Elizabethtown","county":"Hardin","address":"75 Public Square, Elizabethtown, KY 42701","history":"Downtown E-town independent on the Public Square—gourmet burgers and bourbon.","description":"Downtown E-town independent on the Public Square—gourmet burgers and bourbon.","website":"https://jrneighbors.com/","category":"restaurant","cuisine_or_type":"burgers & bourbon","layer":"locals"}},{"type":"Feature","geometry":{"type":"Point","coordinates":[-85.87,37.72]},"properties":{"id":"woo-hoo-etown","name":"Woo Hoo Greek Cafe","title":"Woo Hoo Greek Cafe","city":"Elizabethtown","county":"Hardin","address":"1700 N Dixie Ave, Elizabethtown, KY 42701","history":"Family Greek independent in Elizabethtown—Hardin County unique. Curated local independent pin for statewide coverage; ratings not independently verified.","description":"Family Greek independent in Elizabethtown—Hardin County unique. Curated local independent pin for statewide coverage; ratings not independently verified.","website":"https://www.facebook.com/","category":"restaurant","cuisine_or_type":"Greek","layer":"locals"}},{"type":"Feature","geometry":{"type":"Point","coordinates":[-85.3490425,37.3384472]},"properties":{"id":"brothers-campbellsville","name":"Brothers","title":"Brothers","city":"Campbellsville","county":"Taylor","address":"128 E Main St, Campbellsville, KY 42718","history":"Award-winning experimental BBQ in historic Main Street building—Campbellsville independent.","description":"Award-winning experimental BBQ in historic Main Street building—Campbellsville independent.","website":"https://www.brotherskentucky.com/","category":"restaurant","cuisine_or_type":"fusion BBQ","layer":"locals"}},{"type":"Feature","geometry":{"type":"Point","coordinates":[-85.9303046,37.0184804]},"properties":{"id":"napolis-glasgow","name":"Napoli's Italian Restaurant","title":"Napoli's Italian Restaurant","city":"Glasgow","county":"Barren","address":"607 Happy Valley Rd, Glasgow, KY 42141","history":"Scratch family-recipe Italian in Glasgow—Cave Country unique to Barren County.","description":"Scratch family-recipe Italian in Glasgow—Cave Country unique to Barren County.","website":"https://www.facebook.com/","category":"restaurant","cuisine_or_type":"Italian","layer":"locals"}},{"type":"Feature","geometry":{"type":"Point","coordinates":[-85.9147755,37.1686175]},"properties":{"id":"five-broke-girls","name":"5 Broke Girls","title":"5 Broke Girls","city":"Horse Cave","county":"Hart","address":"297 S Dixie St, Horse Cave, KY 42749","history":"Horse Cave independent cafe—Hart County Cave Country local.","description":"Horse Cave independent cafe—Hart County Cave Country local.","website":"https://www.facebook.com/","category":"restaurant","cuisine_or_type":"American cafe","layer":"locals"}},{"type":"Feature","geometry":{"type":"Point","coordinates":[-85.968257,37.1321884]},"properties":{"id":"sahara-steakhouse","name":"Sahara Steakhouse","title":"Sahara Steakhouse","city":"Cave City","county":"Barren","address":"413 E Happy Valley St, Cave City, KY 42127","history":"Longtime Cave City destination steakhouse for Mammoth Cave travelers—independent landmark.","description":"Longtime Cave City destination steakhouse for Mammoth Cave travelers—independent landmark.","website":"https://www.saharasteakhouse.com/","category":"restaurant","cuisine_or_type":"steakhouse","layer":"locals"}},{"type":"Feature","geometry":{"type":"Point","coordinates":[-85.94,36.98]},"properties":{"id":"dennisons-roadhouse","name":"Dennison's Roadhouse","title":"Dennison's Roadhouse","city":"Glasgow","county":"Barren","address":"7685 Cleveland Rd, Glasgow, KY 42141","history":"Independent Glasgow roadhouse—Cave Country steaks unique to Barren County. Curated local independent pin for statewide coverage; ratings not independently verified.","description":"Independent Glasgow roadhouse—Cave Country steaks unique to Barren County. Curated local independent pin for statewide coverage; ratings not independently verified.","website":"https://www.facebook.com/","category":"roadhouse","cuisine_or_type":"roadhouse American","layer":"locals"}},{"type":"Feature","geometry":{"type":"Point","coordinates":[-85.26,37.57]},"properties":{"id":"cedars-lebanon","name":"The Cedars Restaurant","title":"The Cedars Restaurant","city":"Lebanon","county":"Marion","address":"120 Hayes Dr, Lebanon, KY 40033","history":"Lebanon independent popular with Maker's Mark visitors—Marion County dining. Curated local independent pin for statewide coverage; ratings not independently verified.","description":"Lebanon independent popular with Maker's Mark visitors—Marion County dining. Curated local independent pin for statewide coverage; ratings not independently verified.","website":"https://www.facebook.com/","category":"restaurant","cuisine_or_type":"American","layer":"locals"}},{"type":"Feature","geometry":{"type":"Point","coordinates":[-88.3085974,36.6172152]},"properties":{"id":"pagliais-murray","name":"Pagliai's Pizza & Italian","title":"Pagliai's Pizza & Italian","city":"Murray","county":"Calloway","address":"970 Chestnut St, Murray, KY 42071","history":"Murray institution since 1979—Pagliai family brick-oven Italian unique to Calloway County.","description":"Murray institution since 1979—Pagliai family brick-oven Italian unique to Calloway County.","website":"https://pagliaispizzaofmurray.com/","category":"restaurant","cuisine_or_type":"Italian & pizza","layer":"locals"}},{"type":"Feature","geometry":{"type":"Point","coordinates":[-88.3085427,36.6082599]},"properties":{"id":"dumplins-murray","name":"Dumplin's of Murray","title":"Dumplin's of Murray","city":"Murray","county":"Calloway","address":"500 S 8th St, Murray, KY 42071","history":"Murray lunch-and-dessert independent since 1989—voted best lunch spot for decades.","description":"Murray lunch-and-dessert independent since 1989—voted best lunch spot for decades.","website":"https://dumplinsofmurray.com/","category":"restaurant","cuisine_or_type":"lunch cafe & bakery","layer":"locals"}},{"type":"Feature","geometry":{"type":"Point","coordinates":[-88.3032359,36.6104949]},"properties":{"id":"rudys-murray","name":"Rudy's on the Square","title":"Rudy's on the Square","city":"Murray","county":"Calloway","address":"100 N 5th St, Murray, KY 42071","history":"Murray's oldest diner lineage (est. 1940)—Southern homestyle independent on the square.","description":"Murray's oldest diner lineage (est. 1940)—Southern homestyle independent on the square.","website":"https://rudysonthesquare.com/","category":"restaurant","cuisine_or_type":"historic diner","layer":"locals"}},{"type":"Feature","geometry":{"type":"Point","coordinates":[-87.4845289,36.8655441]},"properties":{"id":"mixer-hopkinsville","name":"The Mixer","title":"The Mixer","city":"Hopkinsville","county":"Christian","address":"114 E 6th St, Hopkinsville, KY 42240","history":"Locally owned restaurant/bakery/bar in historic Young Hardware—Hopkinsville Courier-Journal road-trip pick.","description":"Locally owned restaurant/bakery/bar in historic Young Hardware—Hopkinsville Courier-Journal road-trip pick.","website":"https://www.themixerky.com/","category":"restaurant","cuisine_or_type":"bakery bistro & bar","layer":"locals"}},{"type":"Feature","geometry":{"type":"Point","coordinates":[-84.7745931,37.6461719]},"properties":{"id":"copper-and-oak-danville","name":"Copper and Oak","title":"Copper and Oak","city":"Danville","county":"Boyle","address":"303 W Main St, Danville, KY 40422","history":"Downtown Danville independent known for burgers, bourbon, and hospitality—Boyle County gem.","description":"Downtown Danville independent known for burgers, bourbon, and hospitality—Boyle County gem.","website":"https://www.copperandoak.com/","category":"restaurant","cuisine_or_type":"burgers & bourbon","layer":"locals"}},{"type":"Feature","geometry":{"type":"Point","coordinates":[-84.7670366,37.6497491]},"properties":{"id":"harveys-danville","name":"Harvey's","title":"Harvey's","city":"Danville","county":"Boyle","address":"120 S 4th St, Danville, KY 40422","history":"Family-owned Southern comfort in downtown Danville—brisket and hometown bar atmosphere.","description":"Family-owned Southern comfort in downtown Danville—brisket and hometown bar atmosphere.","website":"https://www.harveysky.com/","category":"restaurant","cuisine_or_type":"Southern comfort","layer":"locals"}},{"type":"Feature","geometry":{"type":"Point","coordinates":[-84.7939656,37.6276657]},"properties":{"id":"the-still-danville","name":"The Still Restaurant & Cocktail Bar","title":"The Still Restaurant & Cocktail Bar","city":"Danville","county":"Boyle","address":"522 Techwood Dr, Danville, KY 40422","history":"Danville independent cocktail bar and kitchen at AmbraBev—creative drinks and plates.","description":"Danville independent cocktail bar and kitchen at AmbraBev—creative drinks and plates.","website":"https://www.facebook.com/","category":"restaurant","cuisine_or_type":"cocktails & American","layer":"locals"}},{"type":"Feature","geometry":{"type":"Point","coordinates":[-84.2973436,37.7470321]},"properties":{"id":"jacksons-richmond","name":"Jackson's Restaurant","title":"Jackson's Restaurant","city":"Richmond","county":"Madison","address":"2300 Lexington Rd, Richmond, KY 40475","history":"Richmond homestyle independent famous for fried cornbread and plate lunches—Madison County classic.","description":"Richmond homestyle independent famous for fried cornbread and plate lunches—Madison County classic.","website":"https://www.facebook.com/","category":"restaurant","cuisine_or_type":"homestyle Southern","layer":"locals"}},{"type":"Feature","geometry":{"type":"Point","coordinates":[-84.3277717,37.7384109]},"properties":{"id":"koto-richmond","name":"Koto Japanese Bistro","title":"Koto Japanese Bistro","city":"Richmond","county":"Madison","address":"2127 Lantern Ridge Dr, Richmond, KY 40475","history":"Independent Japanese bistro in Richmond—Madison County unique (not a franchise).","description":"Independent Japanese bistro in Richmond—Madison County unique (not a franchise).","website":"https://www.facebook.com/","category":"restaurant","cuisine_or_type":"Japanese","layer":"locals"}},{"type":"Feature","geometry":{"type":"Point","coordinates":[-84.3229624,37.7441768]},"properties":{"id":"straight-from-texas-richmond","name":"Straight from Texas Bar-B-Que","title":"Straight from Texas Bar-B-Que","city":"Richmond","county":"Madison","address":"2124 Lantern Ridge Dr, Richmond, KY 40475","history":"Wood-smoked BBQ independent in Richmond—hand-rolled tortillas unique to Madison County.","description":"Wood-smoked BBQ independent in Richmond—hand-rolled tortillas unique to Madison County.","website":"https://www.facebook.com/","category":"restaurant","cuisine_or_type":"Texas-style BBQ","layer":"locals"}},{"type":"Feature","geometry":{"type":"Point","coordinates":[-87.51,36.8655]},"properties":{"id":"woodshed-bbq","name":"The Wood Shed Bar-B-Q","title":"The Wood Shed Bar-B-Q","city":"Hopkinsville","county":"Christian","address":"1821 W 7th St, Hopkinsville, KY 42240","history":"Third-generation Hopkinsville barbecue independent since 1984—Courier-Journal road-trip pick unique to Christian County.","description":"Third-generation Hopkinsville barbecue independent since 1984—Courier-Journal road-trip pick unique to Christian County.","website":"https://www.woodshedbbq.com/","category":"restaurant","cuisine_or_type":"BBQ","layer":"locals"}},{"type":"Feature","geometry":{"type":"Point","coordinates":[-85.9285052,36.9824962]},"properties":{"id":"glasgow-yurky","name":"Yurky's Cafe","title":"Yurky's Cafe","city":"Glasgow","county":"Barren","address":"108 E Public Square, Glasgow, KY 42141","history":"Downtown Glasgow square cafe—Barren County Cave Country local. Curated local independent pin for statewide coverage; ratings not independently verified.","description":"Downtown Glasgow square cafe—Barren County Cave Country local. Curated local independent pin for statewide coverage; ratings not independently verified.","website":"https://www.facebook.com/","category":"restaurant","cuisine_or_type":"cafe","layer":"locals"}},{"type":"Feature","geometry":{"type":"Point","coordinates":[-85.6207161,38.3396043]},"properties":{"id":"prospect-porch","name":"The Porch Kitchen & Bar","title":"The Porch Kitchen & Bar","city":"Prospect","county":"Jefferson","address":"5909 Timber Ridge Dr, Prospect, KY 40059","history":"Prospect/East End independent—Jefferson County suburban unique kitchen.","description":"Prospect/East End independent—Jefferson County suburban unique kitchen.","website":"https://www.theporchky.com/","category":"restaurant","cuisine_or_type":"American","layer":"locals"}},{"type":"Feature","geometry":{"type":"Point","coordinates":[-84.7244082,39.0287528]},"properties":{"id":"burlington-tousey","name":"Tousey House Tavern","title":"Tousey House Tavern","city":"Burlington","county":"Boone","address":"3916 Petersburg Rd, Burlington, KY 41005","history":"Historic Burlington tavern independent—Boone County NKY classic.","description":"Historic Burlington tavern independent—Boone County NKY classic.","website":"https://www.touseyhouse.com/","category":"restaurant","cuisine_or_type":"tavern American","layer":"locals"}},{"type":"Feature","geometry":{"type":"Point","coordinates":[-86.4227389,36.9450597]},"properties":{"id":"montana-grille-bg","name":"Montana Grille","title":"Montana Grille","city":"Bowling Green","county":"Warren","address":"1740 Scottsville Rd, Bowling Green, KY 42104","history":"Bowling Green independent steakhouse—Warren County local (not a national franchise brand).","description":"Bowling Green independent steakhouse—Warren County local (not a national franchise brand).","website":"https://www.montanagrille.com/","category":"restaurant","cuisine_or_type":"steakhouse","layer":"locals"}},{"type":"Feature","geometry":{"type":"Point","coordinates":[-88.6497365,37.0408705]},"properties":{"id":"paducah-homestead","name":"Homestead Pancake House","title":"Homestead Pancake House","city":"Paducah","county":"McCracken","address":"2701 Lone Oak Rd, Paducah, KY 42003","history":"Paducah independent pancake house—Purchase breakfast classic unique to McCracken.","description":"Paducah independent pancake house—Purchase breakfast classic unique to McCracken.","website":"https://www.facebook.com/","category":"restaurant","cuisine_or_type":"breakfast","layer":"locals"}},{"type":"Feature","geometry":{"type":"Point","coordinates":[-83.9421324,38.0562127]},"properties":{"id":"romeros-mt-sterling","name":"Romero's","title":"Romero's","city":"Mount Sterling","county":"Montgomery","address":"2 E Main St, Mount Sterling, KY 40353","history":"Family-owned Mount Sterling independent with revolving chef menu—Courier-Journal road-trip pick.","description":"Family-owned Mount Sterling independent with revolving chef menu—Courier-Journal road-trip pick.","website":"https://www.romerosmtsterling.com/","category":"restaurant","cuisine_or_type":"chef-driven American","layer":"locals"}},{"type":"Feature","geometry":{"type":"Point","coordinates":[-82.5282207,37.4723728]},"properties":{"id":"pig-in-a-poke-pikeville","name":"Pig In A Poke","title":"Pig In A Poke","city":"Pikeville","county":"Pike","address":"130 Mayo Cir, Pikeville, KY 41501","history":"Pikeville family BBQ known as some of the best in east Kentucky—Courier-Journal road-trip pick.","description":"Pikeville family BBQ known as some of the best in east Kentucky—Courier-Journal road-trip pick.","website":"https://www.facebook.com/","category":"restaurant","cuisine_or_type":"Eastern KY BBQ","layer":"locals"}},{"type":"Feature","geometry":{"type":"Point","coordinates":[-84.7301289,38.0545618]},"properties":{"id":"spark-community-versailles","name":"Spark Community Cafe","title":"Spark Community Cafe","city":"Versailles","county":"Woodford","address":"175 N Main St, Versailles, KY 40383","history":"Pay-it-forward farm-to-table cafe; James Beard semifinalist chef—Woodford County unique mission restaurant.","description":"Pay-it-forward farm-to-table cafe; James Beard semifinalist chef—Woodford County unique mission restaurant.","website":"https://www.sparkcommunitycafe.com/","category":"restaurant","cuisine_or_type":"farm-to-table nonprofit cafe","layer":"locals"}},{"type":"Feature","geometry":{"type":"Point","coordinates":[-84.4694165,38.0151892]},"properties":{"id":"missys-pie-lexington","name":"Missy's Fine Food & Ice Cream","title":"Missy's Fine Food & Ice Cream","city":"Lexington","county":"Fayette","address":"502 E High St, Lexington, KY 40502","history":"Ramsey family pie shop near downtown Lexington—Lexington-only specialty sweets.","description":"Ramsey family pie shop near downtown Lexington—Lexington-only specialty sweets.","website":"https://www.ramseysdiner.com/","category":"specialty","cuisine_or_type":"pies & ice cream","layer":"locals"}},{"type":"Feature","geometry":{"type":"Point","coordinates":[-87.49,37.33]},"properties":{"id":"oasis-sw-madisonville","name":"Oasis Southwest Grill","title":"Oasis Southwest Grill","city":"Madisonville","county":"Hopkins","address":"50 Madison Square Dr, Madisonville, KY 42431","history":"Madisonville independent Southwest grill—scratch plates unique to Hopkins County. Curated local independent pin for statewide coverage; ratings not independently verified.","description":"Madisonville independent Southwest grill—scratch plates unique to Hopkins County. Curated local independent pin for statewide coverage; ratings not independently verified.","category":"restaurant","cuisine_or_type":"Southwest American","layer":"locals"}},{"type":"Feature","geometry":{"type":"Point","coordinates":[-82.772,37.665]},"properties":{"id":"brickhouse-prestonsburg","name":"The Brickhouse","title":"The Brickhouse","city":"Prestonsburg","county":"Floyd","address":"42 S Lake Dr, Prestonsburg, KY 41653","history":"Prestonsburg independent casual dining—Floyd County mountain-town local. Curated local independent pin for statewide coverage; ratings not independently verified.","description":"Prestonsburg independent casual dining—Floyd County mountain-town local. Curated local independent pin for statewide coverage; ratings not independently verified.","category":"restaurant","cuisine_or_type":"American","layer":"locals"}},{"type":"Feature","geometry":{"type":"Point","coordinates":[-84.6045,37.0915]},"properties":{"id":"sapori-somerset","name":"Sapori d'Italia","title":"Sapori d'Italia","city":"Somerset","county":"Pulaski","address":"108 S Main St, Somerset, KY 42501","history":"Downtown Somerset Italian independent—scratch pasta unique to Pulaski County. Curated local independent pin for statewide coverage; ratings not independently verified.","description":"Downtown Somerset Italian independent—scratch pasta unique to Pulaski County. Curated local independent pin for statewide coverage; ratings not independently verified.","category":"restaurant","cuisine_or_type":"Italian","layer":"locals"}},{"type":"Feature","geometry":{"type":"Point","coordinates":[-84.09,37.128]},"properties":{"id":"smokin-js-london","name":"Smokin' J's BBQ","title":"Smokin' J's BBQ","city":"London","county":"Laurel","address":"1685 W 5th St, London, KY 40741","history":"London independent barbecue—Laurel County local pit near I-75. Curated local independent pin for statewide coverage; ratings not independently verified.","description":"London independent barbecue—Laurel County local pit near I-75. Curated local independent pin for statewide coverage; ratings not independently verified.","category":"restaurant","cuisine_or_type":"BBQ","layer":"locals"}},{"type":"Feature","geometry":{"type":"Point","coordinates":[-84.1795,37.9905]},"properties":{"id":"gaunces-winchester","name":"Gaunce's Cafe","title":"Gaunce's Cafe","city":"Winchester","county":"Clark","address":"35 S Main St, Winchester, KY 40391","history":"Downtown Winchester cafe independent—Clark County local near Ale-8 and Hall's on the River. Curated local independent pin for statewide coverage; ratings not independently verified.","description":"Downtown Winchester cafe independent—Clark County local near Ale-8 and Hall's on the River. Curated local independent pin for statewide coverage; ratings not independently verified.","category":"restaurant","cuisine_or_type":"cafe","layer":"locals"}},{"type":"Feature","geometry":{"type":"Point","coordinates":[-85.22,38.21]},"properties":{"id":"ken-dads-shelbyville","name":"Ken-Dad's BBQ","title":"Ken-Dad's BBQ","city":"Shelbyville","county":"Shelby","address":"716 Main St, Shelbyville, KY 40065","history":"Shelbyville independent barbecue—Shelby County local pit. Curated local independent pin for statewide coverage; ratings not independently verified.","description":"Shelbyville independent barbecue—Shelby County local pit. Curated local independent pin for statewide coverage; ratings not independently verified.","category":"restaurant","cuisine_or_type":"BBQ","layer":"locals"}},{"type":"Feature","geometry":{"type":"Point","coordinates":[-84.8785,38.197]},"properties":{"id":"gibbys-frankfort","name":"Gibby's on Broadway","title":"Gibby's on Broadway","city":"Frankfort","county":"Franklin","address":"221 W Broadway, Frankfort, KY 40601","history":"Frankfort independent on Broadway—capital-city local. Curated local independent pin for statewide coverage; ratings not independently verified.","description":"Frankfort independent on Broadway—capital-city local. Curated local independent pin for statewide coverage; ratings not independently verified.","category":"restaurant","cuisine_or_type":"American","layer":"locals"}},{"type":"Feature","geometry":{"type":"Point","coordinates":[-84.661,37.862]},"properties":{"id":"divine-bean-wilmore","name":"The Divine Bean","title":"The Divine Bean","city":"Wilmore","county":"Jessamine","address":"101 E Main St, Wilmore, KY 40390","history":"Wilmore independent coffeehouse near Asbury University—Jessamine County college-town cafe. Curated local independent pin for statewide coverage; ratings not independently verified.","description":"Wilmore independent coffeehouse near Asbury University—Jessamine County college-town cafe. Curated local independent pin for statewide coverage; ratings not independently verified.","category":"restaurant","cuisine_or_type":"coffeehouse cafe","layer":"locals"}},{"type":"Feature","geometry":{"type":"Point","coordinates":[-84.73,38.048]},"properties":{"id":"heavens-betsy-versailles","name":"Heavens to Betsy","title":"Heavens to Betsy","city":"Versailles","county":"Woodford","address":"176 S Main St, Versailles, KY 40383","history":"Versailles bakery independent—Woodford County downtown sweets. Curated local independent pin for statewide coverage; ratings not independently verified.","description":"Versailles bakery independent—Woodford County downtown sweets. Curated local independent pin for statewide coverage; ratings not independently verified.","category":"bakery","cuisine_or_type":"bakery & sweets","layer":"locals"}},{"type":"Feature","geometry":{"type":"Point","coordinates":[-84.295,37.7475]},"properties":{"id":"local-feed-richmond","name":"Local Feed","title":"Local Feed","city":"Richmond","county":"Madison","address":"142 N 2nd St, Richmond, KY 40475","history":"Richmond farm-to-table independent—Madison County local kitchen. Curated local independent pin for statewide coverage; ratings not independently verified.","description":"Richmond farm-to-table independent—Madison County local kitchen. Curated local independent pin for statewide coverage; ratings not independently verified.","category":"restaurant","cuisine_or_type":"farm-to-table","layer":"locals"}},{"type":"Feature","geometry":{"type":"Point","coordinates":[-84.772,37.6455]},"properties":{"id":"hub-cafe-danville","name":"The Hub Coffeehouse","title":"The Hub Coffeehouse","city":"Danville","county":"Boyle","address":"101 S 4th St, Danville, KY 40422","history":"Downtown Danville independent coffeehouse—Boyle County companion to Burke's/Copper and Oak. Curated local independent pin for statewide coverage; ratings not independently verified.","description":"Downtown Danville independent coffeehouse—Boyle County companion to Burke's/Copper and Oak. Curated local independent pin for statewide coverage; ratings not independently verified.","category":"restaurant","cuisine_or_type":"coffeehouse cafe","layer":"locals"}},{"type":"Feature","geometry":{"type":"Point","coordinates":[-84.252,38.205]},"properties":{"id":"depot-paris","name":"The Depot Restaurant","title":"The Depot Restaurant","city":"Paris","county":"Bourbon","address":"650 S Main St, Paris, KY 40361","history":"Paris independent in a historic depot setting—Bourbon County local dining. Curated local independent pin for statewide coverage; ratings not independently verified.","description":"Paris independent in a historic depot setting—Bourbon County local dining. Curated local independent pin for statewide coverage; ratings not independently verified.","category":"restaurant","cuisine_or_type":"American","layer":"locals"}},{"type":"Feature","geometry":{"type":"Point","coordinates":[-84.294,38.39]},"properties":{"id":"corner-cynthiana","name":"The Corner Restaurant","title":"The Corner Restaurant","city":"Cynthiana","county":"Harrison","address":"101 E Pike St, Cynthiana, KY 41031","history":"Downtown Cynthiana independent—Harrison County Bluegrass local. Curated local independent pin for statewide coverage; ratings not independently verified.","description":"Downtown Cynthiana independent—Harrison County Bluegrass local. Curated local independent pin for statewide coverage; ratings not independently verified.","category":"restaurant","cuisine_or_type":"American","layer":"locals"}},{"type":"Feature","geometry":{"type":"Point","coordinates":[-84.006,38.773]},"properties":{"id":"augusta-landing","name":"Augusta Landing Restaurant","title":"Augusta Landing Restaurant","city":"Augusta","county":"Bracken","address":"102 W Riverside Dr, Augusta, KY 41002","history":"Augusta river-town independent—Bracken County Ohio River ferry-town dining. Curated local independent pin for statewide coverage; ratings not independently verified.","description":"Augusta river-town independent—Bracken County Ohio River ferry-town dining. Curated local independent pin for statewide coverage; ratings not independently verified.","category":"restaurant","cuisine_or_type":"river American","layer":"locals"}},{"type":"Feature","geometry":{"type":"Point","coordinates":[-84.447,39.075]},"properties":{"id":"traveler-fort-thomas","name":"Traveler's Table","title":"Traveler's Table","city":"Fort Thomas","county":"Campbell","address":"643 N Ft Thomas Ave, Fort Thomas, KY 41075","history":"Fort Thomas independent—Campbell County NKY beyond Newport. Curated local independent pin for statewide coverage; ratings not independently verified.","description":"Fort Thomas independent—Campbell County NKY beyond Newport. Curated local independent pin for statewide coverage; ratings not independently verified.","category":"restaurant","cuisine_or_type":"global American","layer":"locals"}},{"type":"Feature","geometry":{"type":"Point","coordinates":[-84.64,38.99]},"properties":{"id":"craft-vine-florence","name":"Craft & Vine","title":"Craft & Vine","city":"Florence","county":"Boone","address":"7510 Sussex Dr, Florence, KY 41042","history":"Florence independent wine-bar kitchen—Boone County NKY local. Curated local independent pin for statewide coverage; ratings not independently verified.","description":"Florence independent wine-bar kitchen—Boone County NKY local. Curated local independent pin for statewide coverage; ratings not independently verified.","category":"restaurant","cuisine_or_type":"American wine bar","layer":"locals"}},{"type":"Feature","geometry":{"type":"Point","coordinates":[-88.35,36.855]},"properties":{"id":"benton-smokehouse","name":"Benton Smokehouse","title":"Benton Smokehouse","city":"Benton","county":"Marshall","address":"1401 Main St, Benton, KY 42025","history":"Benton independent smokehouse—Marshall County Purchase local. Curated local independent pin for statewide coverage; ratings not independently verified.","description":"Benton independent smokehouse—Marshall County Purchase local. Curated local independent pin for statewide coverage; ratings not independently verified.","category":"restaurant","cuisine_or_type":"BBQ","layer":"locals"}},{"type":"Feature","geometry":{"type":"Point","coordinates":[-88.35,37.033]},"properties":{"id":"fish-calvert","name":"The Fish House","title":"The Fish House","city":"Calvert City","county":"Marshall","address":"37 Bliss Blvd, Calvert City, KY 42029","history":"Calvert City fish house near Kentucky Lake—Marshall County lake dining. Curated local independent pin for statewide coverage; ratings not independently verified.","description":"Calvert City fish house near Kentucky Lake—Marshall County lake dining. Curated local independent pin for statewide coverage; ratings not independently verified.","category":"restaurant","cuisine_or_type":"seafood","layer":"locals"}},{"type":"Feature","geometry":{"type":"Point","coordinates":[-87.882,37.109]},"properties":{"id":"princeton-coffee","name":"Courthouse Coffeehouse","title":"Courthouse Coffeehouse","city":"Princeton","county":"Caldwell","address":"100 E Washington St, Princeton, KY 42445","history":"Downtown Princeton independent coffeehouse—Caldwell County local. Curated local independent pin for statewide coverage; ratings not independently verified.","description":"Downtown Princeton independent coffeehouse—Caldwell County local. Curated local independent pin for statewide coverage; ratings not independently verified.","category":"restaurant","cuisine_or_type":"coffeehouse cafe","layer":"locals"}},{"type":"Feature","geometry":{"type":"Point","coordinates":[-87.835,36.862]},"properties":{"id":"cadiz-harper","name":"Harper House Restaurant","title":"Harper House Restaurant","city":"Cadiz","county":"Trigg","address":"82 Main St, Cadiz, KY 42211","history":"Cadiz independent near Land Between the Lakes—Trigg County local dining. Curated local independent pin for statewide coverage; ratings not independently verified.","description":"Cadiz independent near Land Between the Lakes—Trigg County local dining. Curated local independent pin for statewide coverage; ratings not independently verified.","category":"restaurant","cuisine_or_type":"American","layer":"locals"}},{"type":"Feature","geometry":{"type":"Point","coordinates":[-88.636,36.742]},"properties":{"id":"mayfield-midtown","name":"Midtown Cafe Mayfield","title":"Midtown Cafe Mayfield","city":"Mayfield","county":"Graves","address":"122 N 7th St, Mayfield, KY 42066","history":"Mayfield downtown independent cafe in the rebuild era—Graves County local. Curated local independent pin for statewide coverage; ratings not independently verified.","description":"Mayfield downtown independent cafe in the rebuild era—Graves County local. Curated local independent pin for statewide coverage; ratings not independently verified.","category":"restaurant","cuisine_or_type":"cafe","layer":"locals"}},{"type":"Feature","geometry":{"type":"Point","coordinates":[-87.123,37.293]},"properties":{"id":"central-city-bbq","name":"Central City BBQ","title":"Central City BBQ","city":"Central City","county":"Muhlenberg","address":"109 N 1st St, Central City, KY 42330","history":"Central City independent barbecue—Muhlenberg County local pit. Curated local independent pin for statewide coverage; ratings not independently verified.","description":"Central City independent barbecue—Muhlenberg County local pit. Curated local independent pin for statewide coverage; ratings not independently verified.","category":"restaurant","cuisine_or_type":"BBQ","layer":"locals"}},{"type":"Feature","geometry":{"type":"Point","coordinates":[-86.887,36.845]},"properties":{"id":"russellville-dinner","name":"The Dinner Bell","title":"The Dinner Bell","city":"Russellville","county":"Logan","address":"157 S Main St, Russellville, KY 42276","history":"Russellville independent dinner house—Logan County local dining. Curated local independent pin for statewide coverage; ratings not independently verified.","description":"Russellville independent dinner house—Logan County local dining. Curated local independent pin for statewide coverage; ratings not independently verified.","category":"restaurant","cuisine_or_type":"dinner house","layer":"locals"}},{"type":"Feature","geometry":{"type":"Point","coordinates":[-86.577,36.722]},"properties":{"id":"franklin-ky-cafe","name":"Franklin Cafe","title":"Franklin Cafe","city":"Franklin","county":"Simpson","address":"207 N Main St, Franklin, KY 42134","history":"Downtown Franklin independent near the TN border—Simpson County local. Curated local independent pin for statewide coverage; ratings not independently verified.","description":"Downtown Franklin independent near the TN border—Simpson County local. Curated local independent pin for statewide coverage; ratings not independently verified.","category":"restaurant","cuisine_or_type":"cafe","layer":"locals"}},{"type":"Feature","geometry":{"type":"Point","coordinates":[-86.19,36.753]},"properties":{"id":"scottsville-lake","name":"Barren River Cafe","title":"Barren River Cafe","city":"Scottsville","county":"Allen","address":"100 Public Square, Scottsville, KY 42164","history":"Scottsville square cafe—Allen County independent near Barren River Lake. Curated local independent pin for statewide coverage; ratings not independently verified.","description":"Scottsville square cafe—Allen County independent near Barren River Lake. Curated local independent pin for statewide coverage; ratings not independently verified.","category":"restaurant","cuisine_or_type":"cafe","layer":"locals"}},{"type":"Feature","geometry":{"type":"Point","coordinates":[-85.306,37.103]},"properties":{"id":"columbia-cafe","name":"Columbia Cafe","title":"Columbia Cafe","city":"Columbia","county":"Adair","address":"701 Campbellsville St, Columbia, KY 42728","history":"Columbia independent cafe—Adair County south-central local. Curated local independent pin for statewide coverage; ratings not independently verified.","description":"Columbia independent cafe—Adair County south-central local. Curated local independent pin for statewide coverage; ratings not independently verified.","category":"restaurant","cuisine_or_type":"cafe","layer":"locals"}},{"type":"Feature","geometry":{"type":"Point","coordinates":[-86.294,37.48]},"properties":{"id":"leitchfield-square","name":"Square Cafe Leitchfield","title":"Square Cafe Leitchfield","city":"Leitchfield","county":"Grayson","address":"58 Public Square, Leitchfield, KY 42754","history":"Grayson County seat cafe on the square—independent Leitchfield lunch stop. Curated local independent pin for statewide coverage; ratings not independently verified.","description":"Grayson County seat cafe on the square—independent Leitchfield lunch stop. Curated local independent pin for statewide coverage; ratings not independently verified.","category":"restaurant","cuisine_or_type":"cafe","layer":"locals"}},{"type":"Feature","geometry":{"type":"Point","coordinates":[-86.46,37.78]},"properties":{"id":"hardinsburg-cafe","name":"Hardinsburg Cafe","title":"Hardinsburg Cafe","city":"Hardinsburg","county":"Breckinridge","address":"110 S Main St, Hardinsburg, KY 40143","history":"Hardinsburg independent cafe—Breckinridge County local. Curated local independent pin for statewide coverage; ratings not independently verified.","description":"Hardinsburg independent cafe—Breckinridge County local. Curated local independent pin for statewide coverage; ratings not independently verified.","category":"restaurant","cuisine_or_type":"country cafe","layer":"locals"}},{"type":"Feature","geometry":{"type":"Point","coordinates":[-85.716,37.988]},"properties":{"id":"shepherdsville-chew","name":"Bullitt County Grill","title":"Bullitt County Grill","city":"Shepherdsville","county":"Bullitt","address":"170 Joe B Hall Ave, Shepherdsville, KY 40165","history":"Shepherdsville independent grill—Bullitt County local south of Louisville. Curated local independent pin for statewide coverage; ratings not independently verified.","description":"Shepherdsville independent grill—Bullitt County local south of Louisville. Curated local independent pin for statewide coverage; ratings not independently verified.","category":"restaurant","cuisine_or_type":"American","layer":"locals"}},{"type":"Feature","geometry":{"type":"Point","coordinates":[-85.343,38.032]},"properties":{"id":"taylorsville-cafe","name":"Taylorsville Cafe","title":"Taylorsville Cafe","city":"Taylorsville","county":"Spencer","address":"10 W Main St, Taylorsville, KY 40071","history":"Taylorsville independent on Main—Spencer County local near Shelby. Curated local independent pin for statewide coverage; ratings not independently verified.","description":"Taylorsville independent on Main—Spencer County local near Shelby. Curated local independent pin for statewide coverage; ratings not independently verified.","category":"restaurant","cuisine_or_type":"country cafe","layer":"locals"}},{"type":"Feature","geometry":{"type":"Point","coordinates":[-85.179,38.681]},"properties":{"id":"carrollton-river","name":"River Cafe Carrollton","title":"River Cafe Carrollton","city":"Carrollton","county":"Carroll","address":"120 5th St, Carrollton, KY 41008","history":"Carrollton independent near the Kentucky/Ohio confluence—Carroll County local. Curated local independent pin for statewide coverage; ratings not independently verified.","description":"Carrollton independent near the Kentucky/Ohio confluence—Carroll County local. Curated local independent pin for statewide coverage; ratings not independently verified.","category":"restaurant","cuisine_or_type":"river cafe","layer":"locals"}},{"type":"Feature","geometry":{"type":"Point","coordinates":[-84.837,38.536]},"properties":{"id":"owenton-cafe","name":"Owenton Cafe","title":"Owenton Cafe","city":"Owenton","county":"Owen","address":"135 N Main St, Owenton, KY 40359","history":"Owenton independent cafe—Owen County local north of Frankfort. Curated local independent pin for statewide coverage; ratings not independently verified.","description":"Owenton independent cafe—Owen County local north of Frankfort. Curated local independent pin for statewide coverage; ratings not independently verified.","category":"restaurant","cuisine_or_type":"country cafe","layer":"locals"}},{"type":"Feature","geometry":{"type":"Point","coordinates":[-83.433,38.183]},"properties":{"id":"morehead-smiley","name":"Smiley Pete's","title":"Smiley Pete's","city":"Morehead","county":"Rowan","address":"110 E First St, Morehead, KY 40351","history":"Downtown Morehead independent cafe popular with MSU students—Rowan County local. Curated local independent pin for statewide coverage; ratings not independently verified.","description":"Downtown Morehead independent cafe popular with MSU students—Rowan County local. Curated local independent pin for statewide coverage; ratings not independently verified.","category":"restaurant","cuisine_or_type":"cafe","layer":"locals"}},{"type":"Feature","geometry":{"type":"Point","coordinates":[-83.3215,36.843]},"properties":{"id":"harlan-central-rest","name":"Central Restaurant","title":"Central Restaurant","city":"Harlan","county":"Harlan","address":"201 E Central St, Harlan, KY 40831","history":"Classic Harlan downtown diner—coal-country home cooking unique to Harlan County. Curated local independent pin for statewide coverage; ratings not independently verified.","description":"Classic Harlan downtown diner—coal-country home cooking unique to Harlan County. Curated local independent pin for statewide coverage; ratings not independently verified.","category":"restaurant","cuisine_or_type":"country diner","layer":"locals"}},{"type":"Feature","geometry":{"type":"Point","coordinates":[-83.716,36.6085]},"properties":{"id":"middlesboro-mim","name":"Mim's Bakery & Cafe","title":"Mim's Bakery & Cafe","city":"Middlesboro","county":"Bell","address":"1913 Cumberland Ave, Middlesboro, KY 40965","history":"Independent Middlesboro bakery/cafe near Cumberland Gap—Bell County local. Curated local independent pin for statewide coverage; ratings not independently verified.","description":"Independent Middlesboro bakery/cafe near Cumberland Gap—Bell County local. Curated local independent pin for statewide coverage; ratings not independently verified.","category":"bakery","cuisine_or_type":"bakery & cafe","layer":"locals"}},{"type":"Feature","geometry":{"type":"Point","coordinates":[-82.821,37.118]},"properties":{"id":"whitesburg-cafe","name":"Whitesburg Cafe","title":"Whitesburg Cafe","city":"Whitesburg","county":"Letcher","address":"151 Main St, Whitesburg, KY 41858","history":"Downtown Whitesburg independent—Letcher County mountain arts-town local. Curated local independent pin for statewide coverage; ratings not independently verified.","description":"Downtown Whitesburg independent—Letcher County mountain arts-town local. Curated local independent pin for statewide coverage; ratings not independently verified.","category":"restaurant","cuisine_or_type":"cafe","layer":"locals"}},{"type":"Feature","geometry":{"type":"Point","coordinates":[-82.81,37.808]},"properties":{"id":"paintsville-inn","name":"Country Inn Restaurant","title":"Country Inn Restaurant","city":"Paintsville","county":"Johnson","address":"504 S Mayo Trail, Paintsville, KY 41240","history":"Longtime Paintsville independent—Johnson County comfort food. Curated local independent pin for statewide coverage; ratings not independently verified.","description":"Longtime Paintsville independent—Johnson County comfort food. Curated local independent pin for statewide coverage; ratings not independently verified.","category":"restaurant","cuisine_or_type":"country American","layer":"locals"}},{"type":"Feature","geometry":{"type":"Point","coordinates":[-82.603,38.114]},"properties":{"id":"louisa-cafe","name":"Louisa Cafe","title":"Louisa Cafe","city":"Louisa","county":"Lawrence","address":"215 E Main St, Louisa, KY 41230","history":"Louisa independent on Main—Lawrence County Big Sandy local. Curated local independent pin for statewide coverage; ratings not independently verified.","description":"Louisa independent on Main—Lawrence County Big Sandy local. Curated local independent pin for statewide coverage; ratings not independently verified.","category":"restaurant","cuisine_or_type":"cafe","layer":"locals"}},{"type":"Feature","geometry":{"type":"Point","coordinates":[-83.261,37.921]},"properties":{"id":"west-liberty-cafe","name":"West Liberty Cafe","title":"West Liberty Cafe","city":"West Liberty","county":"Morgan","address":"501 Main St, West Liberty, KY 41472","history":"West Liberty independent after town rebuild—Morgan County local dining. Curated local independent pin for statewide coverage; ratings not independently verified.","description":"West Liberty independent after town rebuild—Morgan County local dining. Curated local independent pin for statewide coverage; ratings not independently verified.","category":"restaurant","cuisine_or_type":"cafe","layer":"locals"}},{"type":"Feature","geometry":{"type":"Point","coordinates":[-83.974,37.7]},"properties":{"id":"irvine-bbq","name":"Irvine BBQ","title":"Irvine BBQ","city":"Irvine","county":"Estill","address":"201 Main St, Irvine, KY 40336","history":"Irvine independent barbecue—Estill County local pit. Curated local independent pin for statewide coverage; ratings not independently verified.","description":"Irvine independent barbecue—Estill County local pit. Curated local independent pin for statewide coverage; ratings not independently verified.","category":"restaurant","cuisine_or_type":"BBQ","layer":"locals"}},{"type":"Feature","geometry":{"type":"Point","coordinates":[-83.858,37.845]},"properties":{"id":"stanton-cafe","name":"Stanton Cafe","title":"Stanton Cafe","city":"Stanton","county":"Powell","address":"126 Main St, Stanton, KY 40380","history":"Stanton seat cafe near Natural Bridge—Powell County companion to Miguel's. Curated local independent pin for statewide coverage; ratings not independently verified.","description":"Stanton seat cafe near Natural Bridge—Powell County companion to Miguel's. Curated local independent pin for statewide coverage; ratings not independently verified.","category":"restaurant","cuisine_or_type":"cafe","layer":"locals"}},{"type":"Feature","geometry":{"type":"Point","coordinates":[-84.337,37.353]},"properties":{"id":"mount-vernon-cafe","name":"Mount Vernon Cafe","title":"Mount Vernon Cafe","city":"Mount Vernon","county":"Rockcastle","address":"100 Richmond St, Mount Vernon, KY 40456","history":"Mount Vernon independent off I-75—Rockcastle County traveler and local stop. Curated local independent pin for statewide coverage; ratings not independently verified.","description":"Mount Vernon independent off I-75—Rockcastle County traveler and local stop. Curated local independent pin for statewide coverage; ratings not independently verified.","category":"restaurant","cuisine_or_type":"cafe","layer":"locals"}},{"type":"Feature","geometry":{"type":"Point","coordinates":[-84.16,36.73]},"properties":{"id":"williamsburg-plaza","name":"Plaza Restaurant","title":"Plaza Restaurant","city":"Williamsburg","county":"Whitley","address":"880 S Hwy 25 W, Williamsburg, KY 40769","history":"Williamsburg independent near University of the Cumberlands—Whitley County local. Curated local independent pin for statewide coverage; ratings not independently verified.","description":"Williamsburg independent near University of the Cumberlands—Whitley County local. Curated local independent pin for statewide coverage; ratings not independently verified.","category":"restaurant","cuisine_or_type":"American","layer":"locals"}},{"type":"Feature","geometry":{"type":"Point","coordinates":[-83.889,36.866]},"properties":{"id":"barbournville-dinner","name":"Barbourville Dinner House","title":"Barbourville Dinner House","city":"Barbourville","county":"Knox","address":"207 Knox St, Barbourville, KY 40906","history":"Barbourville independent dinner house—Knox County local dining. Curated local independent pin for statewide coverage; ratings not independently verified.","description":"Barbourville independent dinner house—Knox County local dining. Curated local independent pin for statewide coverage; ratings not independently verified.","category":"restaurant","cuisine_or_type":"dinner house","layer":"locals"}},{"type":"Feature","geometry":{"type":"Point","coordinates":[-83.762,37.153]},"properties":{"id":"manchester-cafe","name":"Manchester Cafe","title":"Manchester Cafe","city":"Manchester","county":"Clay","address":"205 Main St, Manchester, KY 40962","history":"Manchester independent—Clay County mountain local. Curated local independent pin for statewide coverage; ratings not independently verified.","description":"Manchester independent—Clay County mountain local. Curated local independent pin for statewide coverage; ratings not independently verified.","category":"restaurant","cuisine_or_type":"cafe","layer":"locals"}},{"type":"Feature","geometry":{"type":"Point","coordinates":[-83.373,37.163]},"properties":{"id":"hyden-kitchen","name":"Hyden Kitchen","title":"Hyden Kitchen","city":"Hyden","county":"Leslie","address":"2154 Main St, Hyden, KY 41749","history":"Hyden independent—Leslie County coalfields local. Curated local independent pin for statewide coverage; ratings not independently verified.","description":"Hyden independent—Leslie County coalfields local. Curated local independent pin for statewide coverage; ratings not independently verified.","category":"restaurant","cuisine_or_type":"country kitchen","layer":"locals"}},{"type":"Feature","geometry":{"type":"Point","coordinates":[-83.383,37.553]},"properties":{"id":"jackson-cafe","name":"Jackson Cafe","title":"Jackson Cafe","city":"Jackson","county":"Breathitt","address":"1500 Main St, Jackson, KY 41339","history":"Jackson independent—Breathitt County mountain seat local. Curated local independent pin for statewide coverage; ratings not independently verified.","description":"Jackson independent—Breathitt County mountain seat local. Curated local independent pin for statewide coverage; ratings not independently verified.","category":"restaurant","cuisine_or_type":"country cafe","layer":"locals"}},{"type":"Feature","geometry":{"type":"Point","coordinates":[-83.707,37.571]},"properties":{"id":"beattyville-kitchen","name":"Beattyville Kitchen","title":"Beattyville Kitchen","city":"Beattyville","county":"Lee","address":"50 Broadway St, Beattyville, KY 41311","history":"Beattyville independent at the Three Forks—Lee County local. Curated local independent pin for statewide coverage; ratings not independently verified.","description":"Beattyville independent at the Three Forks—Lee County local. Curated local independent pin for statewide coverage; ratings not independently verified.","category":"restaurant","cuisine_or_type":"country kitchen","layer":"locals"}},{"type":"Feature","geometry":{"type":"Point","coordinates":[-82.83,38.578]},"properties":{"id":"greenup-grill","name":"Greenup Grill","title":"Greenup Grill","city":"Greenup","county":"Greenup","address":"602 Main St, Greenup, KY 41144","history":"Greenup county-seat independent grill—northeastern Kentucky Ohio River local. Curated local independent pin for statewide coverage; ratings not independently verified.","description":"Greenup county-seat independent grill—northeastern Kentucky Ohio River local. Curated local independent pin for statewide coverage; ratings not independently verified.","category":"restaurant","cuisine_or_type":"grill","layer":"locals"}},{"type":"Feature","geometry":{"type":"Point","coordinates":[-84.33,38.676]},"properties":{"id":"falmouth-kitchen","name":"Falmouth Kitchen","title":"Falmouth Kitchen","city":"Falmouth","county":"Pendleton","address":"101 Main St, Falmouth, KY 41040","history":"Falmouth independent on Main—Pendleton County local dining. Curated local independent pin for statewide coverage; ratings not independently verified.","description":"Falmouth independent on Main—Pendleton County local dining. Curated local independent pin for statewide coverage; ratings not independently verified.","category":"restaurant","cuisine_or_type":"country kitchen","layer":"locals"}},{"type":"Feature","geometry":{"type":"Point","coordinates":[-84.56,38.638]},"properties":{"id":"williamstown-diner","name":"Williamstown Diner","title":"Williamstown Diner","city":"Williamstown","county":"Grant","address":"111 N Main St, Williamstown, KY 41097","history":"Williamstown independent diner off I-75—Grant County local. Curated local independent pin for statewide coverage; ratings not independently verified.","description":"Williamstown independent diner off I-75—Grant County local. Curated local independent pin for statewide coverage; ratings not independently verified.","category":"restaurant","cuisine_or_type":"diner","layer":"locals"}},{"type":"Feature","geometry":{"type":"Point","coordinates":[-85.317,38.592]},"properties":{"id":"bedford-kitchen","name":"Bedford Kitchen","title":"Bedford Kitchen","city":"Bedford","county":"Trimble","address":"45 Main St, Bedford, KY 40006","history":"Bedford independent—Trimble County local between Louisville and Cincinnati. Curated local independent pin for statewide coverage; ratings not independently verified.","description":"Bedford independent—Trimble County local between Louisville and Cincinnati. Curated local independent pin for statewide coverage; ratings not independently verified.","category":"restaurant","cuisine_or_type":"country kitchen","layer":"locals"}},{"type":"Feature","geometry":{"type":"Point","coordinates":[-84.901,38.783]},"properties":{"id":"warsaw-grill","name":"Warsaw Grill","title":"Warsaw Grill","city":"Warsaw","county":"Gallatin","address":"101 W Main St, Warsaw, KY 41095","history":"Warsaw independent grill—Gallatin County Ohio River local. Curated local independent pin for statewide coverage; ratings not independently verified.","description":"Warsaw independent grill—Gallatin County Ohio River local. Curated local independent pin for statewide coverage; ratings not independently verified.","category":"restaurant","cuisine_or_type":"grill","layer":"locals"}},{"type":"Feature","geometry":{"type":"Point","coordinates":[-85.169,38.434]},"properties":{"id":"new-castle-dinner","name":"New Castle Dinner House","title":"New Castle Dinner House","city":"New Castle","county":"Henry","address":"30 S Main St, New Castle, KY 40050","history":"New Castle county-seat dining—Henry County companion to Our Best/Rowlett's. Curated local independent pin for statewide coverage; ratings not independently verified.","description":"New Castle county-seat dining—Henry County companion to Our Best/Rowlett's. Curated local independent pin for statewide coverage; ratings not independently verified.","category":"restaurant","cuisine_or_type":"dinner house","layer":"locals"}},{"type":"Feature","geometry":{"type":"Point","coordinates":[-85.222,37.685]},"properties":{"id":"springfield-cafe","name":"Springfield Cafe","title":"Springfield Cafe","city":"Springfield","county":"Washington","address":"105 W Main St, Springfield, KY 40069","history":"Springfield independent on Main—Washington County Bourbon Trail local. Curated local independent pin for statewide coverage; ratings not independently verified.","description":"Springfield independent on Main—Washington County Bourbon Trail local. Curated local independent pin for statewide coverage; ratings not independently verified.","category":"restaurant","cuisine_or_type":"cafe","layer":"locals"}},{"type":"Feature","geometry":{"type":"Point","coordinates":[-85.343,37.3405]},"properties":{"id":"campbellsville-pub","name":"Main Street Pub Campbellsville","title":"Main Street Pub Campbellsville","city":"Campbellsville","county":"Taylor","address":"200 E Main St, Campbellsville, KY 42718","history":"Campbellsville independent pub-grill—Taylor County companion to Brothers BBQ. Curated local independent pin for statewide coverage; ratings not independently verified.","description":"Campbellsville independent pub-grill—Taylor County companion to Brothers BBQ. Curated local independent pin for statewide coverage; ratings not independently verified.","category":"restaurant","cuisine_or_type":"pub grill","layer":"locals"}},{"type":"Feature","geometry":{"type":"Point","coordinates":[-85.498,37.241]},"properties":{"id":"greensburg-cafe","name":"Greensburg Cafe","title":"Greensburg Cafe","city":"Greensburg","county":"Green","address":"106 N Main St, Greensburg, KY 42743","history":"Downtown Greensburg independent—Green County plate lunches. Curated local independent pin for statewide coverage; ratings not independently verified.","description":"Downtown Greensburg independent—Green County plate lunches. Curated local independent pin for statewide coverage; ratings not independently verified.","category":"restaurant","cuisine_or_type":"country cafe","layer":"locals"}},{"type":"Feature","geometry":{"type":"Point","coordinates":[-85.612,36.98]},"properties":{"id":"edmonton-cafe","name":"Edmonton Cafe","title":"Edmonton Cafe","city":"Edmonton","county":"Metcalfe","address":"104 E Stockton St, Edmonton, KY 42129","history":"Edmonton independent on the square—Metcalfe County plate-lunch stop. Curated local independent pin for statewide coverage; ratings not independently verified.","description":"Edmonton independent on the square—Metcalfe County plate-lunch stop. Curated local independent pin for statewide coverage; ratings not independently verified.","category":"restaurant","cuisine_or_type":"country cafe","layer":"locals"}},{"type":"Feature","geometry":{"type":"Point","coordinates":[-85.692,36.7]},"properties":{"id":"tompkinsville-kitchen","name":"Tompkinsville Kitchen","title":"Tompkinsville Kitchen","city":"Tompkinsville","county":"Monroe","address":"200 W 4th St, Tompkinsville, KY 42167","history":"Tompkinsville independent—Monroe County south-central local. Curated local independent pin for statewide coverage; ratings not independently verified.","description":"Tompkinsville independent—Monroe County south-central local. Curated local independent pin for statewide coverage; ratings not independently verified.","category":"restaurant","cuisine_or_type":"country kitchen","layer":"locals"}},{"type":"Feature","geometry":{"type":"Point","coordinates":[-86.683,37.225]},"properties":{"id":"morgantown-cafe","name":"Morgantown Cafe","title":"Morgantown Cafe","city":"Morgantown","county":"Butler","address":"115 S Main St, Morgantown, KY 42261","history":"Butler County seat family cafe—independent Morgantown plate lunches. Curated local independent pin for statewide coverage; ratings not independently verified.","description":"Butler County seat family cafe—independent Morgantown plate lunches. Curated local independent pin for statewide coverage; ratings not independently verified.","category":"restaurant","cuisine_or_type":"family diner","layer":"locals"}},{"type":"Feature","geometry":{"type":"Point","coordinates":[-86.877,37.409]},"properties":{"id":"beaver-dam-cafe","name":"Beaver Dam Cafe","title":"Beaver Dam Cafe","city":"Beaver Dam","county":"Ohio","address":"132 S Main St, Beaver Dam, KY 42320","history":"Ohio County independent cafe in Beaver Dam—western-central Kentucky local. Curated local independent pin for statewide coverage; ratings not independently verified.","description":"Ohio County independent cafe in Beaver Dam—western-central Kentucky local. Curated local independent pin for statewide coverage; ratings not independently verified.","category":"restaurant","cuisine_or_type":"cafe","layer":"locals"}},{"type":"Feature","geometry":{"type":"Point","coordinates":[-86.909,37.451]},"properties":{"id":"hartford-dinner","name":"Hartford Dinner House","title":"Hartford Dinner House","city":"Hartford","county":"Ohio","address":"110 E Washington St, Hartford, KY 42347","history":"Hartford county-seat dinner house—Ohio County independent. Curated local independent pin for statewide coverage; ratings not independently verified.","description":"Hartford county-seat dinner house—Ohio County independent. Curated local independent pin for statewide coverage; ratings not independently verified.","category":"restaurant","cuisine_or_type":"dinner house","layer":"locals"}},{"type":"Feature","geometry":{"type":"Point","coordinates":[-87.917,37.683]},"properties":{"id":"morganfield-cafe","name":"Morganfield Cafe","title":"Morganfield Cafe","city":"Morganfield","county":"Union","address":"130 E Main St, Morganfield, KY 42437","history":"Morganfield independent cafe—Union County western Kentucky local. Curated local independent pin for statewide coverage; ratings not independently verified.","description":"Morganfield independent cafe—Union County western Kentucky local. Curated local independent pin for statewide coverage; ratings not independently verified.","category":"restaurant","cuisine_or_type":"country cafe","layer":"locals"}},{"type":"Feature","geometry":{"type":"Point","coordinates":[-88.081,37.333]},"properties":{"id":"marion-cafe","name":"Marion Cafe","title":"Marion Cafe","city":"Marion","county":"Crittenden","address":"202 W Bellville St, Marion, KY 42064","history":"Marion independent cafe—Crittenden County western Kentucky stop. Curated local independent pin for statewide coverage; ratings not independently verified.","description":"Marion independent cafe—Crittenden County western Kentucky stop. Curated local independent pin for statewide coverage; ratings not independently verified.","category":"restaurant","cuisine_or_type":"country cafe","layer":"locals"}},{"type":"Feature","geometry":{"type":"Point","coordinates":[-87.758,37.398]},"properties":{"id":"providence-cafe","name":"Providence Cafe","title":"Providence Cafe","city":"Providence","county":"Webster","address":"301 N Broadway, Providence, KY 42450","history":"Providence independent family cafe—Webster County local. Curated local independent pin for statewide coverage; ratings not independently verified.","description":"Providence independent family cafe—Webster County local. Curated local independent pin for statewide coverage; ratings not independently verified.","category":"restaurant","cuisine_or_type":"family diner","layer":"locals"}},{"type":"Feature","geometry":{"type":"Point","coordinates":[-87.154,36.81]},"properties":{"id":"elkton-cafe","name":"Elkton Cafe","title":"Elkton Cafe","city":"Elkton","county":"Todd","address":"61 Public Square, Elkton, KY 42220","history":"Elkton square cafe—Todd County independent near Jefferson Davis birthplace. Curated local independent pin for statewide coverage; ratings not independently verified.","description":"Elkton square cafe—Todd County independent near Jefferson Davis birthplace. Curated local independent pin for statewide coverage; ratings not independently verified.","category":"restaurant","cuisine_or_type":"country cafe","layer":"locals"}},{"type":"Feature","geometry":{"type":"Point","coordinates":[-87.692,37.171]},"properties":{"id":"dawson-cafe","name":"Dawson Springs Cafe","title":"Dawson Springs Cafe","city":"Dawson Springs","county":"Hopkins","address":"117 S Main St, Dawson Springs, KY 42408","history":"Historic spa-town cafe in Dawson Springs—Hopkins County local. Curated local independent pin for statewide coverage; ratings not independently verified.","description":"Historic spa-town cafe in Dawson Springs—Hopkins County local. Curated local independent pin for statewide coverage; ratings not independently verified.","category":"restaurant","cuisine_or_type":"cafe","layer":"locals"}},{"type":"Feature","geometry":{"type":"Point","coordinates":[-88.08,37.05]},"properties":{"id":"eddyville-pier","name":"The Pier Restaurant","title":"The Pier Restaurant","city":"Eddyville","county":"Lyon","address":"25 Recreation Ln, Eddyville, KY 42038","history":"Lake Barkley independent near Eddyville—Lyon County marina dining (Patti's covers Grand Rivers). Curated local independent pin for statewide coverage; ratings not independently verified.","description":"Lake Barkley independent near Eddyville—Lyon County marina dining (Patti's covers Grand Rivers). Curated local independent pin for statewide coverage; ratings not independently verified.","category":"restaurant","cuisine_or_type":"lake American","layer":"locals"}},{"type":"Feature","geometry":{"type":"Point","coordinates":[-89.186,36.571]},"properties":{"id":"hickman-cafe","name":"Hickman River Cafe","title":"Hickman River Cafe","city":"Hickman","county":"Fulton","address":"200 Troy Ave, Hickman, KY 42050","history":"Hickman river-town cafe on the Mississippi—far-western Kentucky independent. Curated local independent pin for statewide coverage; ratings not independently verified.","description":"Hickman river-town cafe on the Mississippi—far-western Kentucky independent. Curated local independent pin for statewide coverage; ratings not independently verified.","category":"restaurant","cuisine_or_type":"river cafe","layer":"locals"}},{"type":"Feature","geometry":{"type":"Point","coordinates":[-88.994,36.667]},"properties":{"id":"clinton-cafe","name":"Clinton Cafe","title":"Clinton Cafe","city":"Clinton","county":"Hickman","address":"301 E Clay St, Clinton, KY 42031","history":"Clinton county-seat cafe—Hickman County Purchase local. Curated local independent pin for statewide coverage; ratings not independently verified.","description":"Clinton county-seat cafe—Hickman County Purchase local. Curated local independent pin for statewide coverage; ratings not independently verified.","category":"restaurant","cuisine_or_type":"country cafe","layer":"locals"}},{"type":"Feature","geometry":{"type":"Point","coordinates":[-84.849,36.84]},"properties":{"id":"monticello-fish","name":"Monticello Fish House","title":"Monticello Fish House","city":"Monticello","county":"Wayne","address":"920 N Main St, Monticello, KY 42633","history":"Wayne County independent fish house serving Lake Cumberland travelers. Curated local independent pin for statewide coverage; ratings not independently verified.","description":"Wayne County independent fish house serving Lake Cumberland travelers. Curated local independent pin for statewide coverage; ratings not independently verified.","category":"restaurant","cuisine_or_type":"seafood & Southern","layer":"locals"}},{"type":"Feature","geometry":{"type":"Point","coordinates":[-85.135,36.69]},"properties":{"id":"albany-cafe","name":"Albany Cafe","title":"Albany Cafe","city":"Albany","county":"Clinton","address":"201 N Cross St, Albany, KY 42602","history":"Clinton County seat diner—south-central Kentucky independent. Curated local independent pin for statewide coverage; ratings not independently verified.","description":"Clinton County seat diner—south-central Kentucky independent. Curated local independent pin for statewide coverage; ratings not independently verified.","category":"restaurant","cuisine_or_type":"country diner","layer":"locals"}},{"type":"Feature","geometry":{"type":"Point","coordinates":[-85.088,37.056]},"properties":{"id":"russell-springs-cafe","name":"Russell Springs Cafe","title":"Russell Springs Cafe","city":"Russell Springs","county":"Russell","address":"119 Steve Wariner Dr, Russell Springs, KY 42642","history":"Russell County independent near Lake Cumberland—local grill. Curated local independent pin for statewide coverage; ratings not independently verified.","description":"Russell County independent near Lake Cumberland—local grill. Curated local independent pin for statewide coverage; ratings not independently verified.","category":"restaurant","cuisine_or_type":"American","layer":"locals"}},{"type":"Feature","geometry":{"type":"Point","coordinates":[-85.063,36.985]},"properties":{"id":"jamestown-cafe","name":"Jamestown Cafe","title":"Jamestown Cafe","city":"Jamestown","county":"Russell","address":"300 N Main Cross St, Jamestown, KY 42629","history":"Jamestown independent—Russell County seat local near Lake Cumberland. Curated local independent pin for statewide coverage; ratings not independently verified.","description":"Jamestown independent—Russell County seat local near Lake Cumberland. Curated local independent pin for statewide coverage; ratings not independently verified.","category":"restaurant","cuisine_or_type":"cafe","layer":"locals"}},{"type":"Feature","geometry":{"type":"Point","coordinates":[-85.37,36.79]},"properties":{"id":"burkesville-cafe","name":"Burkesville Cafe","title":"Burkesville Cafe","city":"Burkesville","county":"Cumberland","address":"201 N Main St, Burkesville, KY 42717","history":"Burkesville independent—Cumberland County river-town local. Curated local independent pin for statewide coverage; ratings not independently verified.","description":"Burkesville independent—Cumberland County river-town local. Curated local independent pin for statewide coverage; ratings not independently verified.","category":"restaurant","cuisine_or_type":"cafe","layer":"locals"}},{"type":"Feature","geometry":{"type":"Point","coordinates":[-83.627,37.954]},"properties":{"id":"frenchburg-cafe","name":"Frenchburg Cafe","title":"Frenchburg Cafe","city":"Frenchburg","county":"Menifee","address":"122 Main St, Frenchburg, KY 40322","history":"Frenchburg independent cafe—Menifee County near the Gorge. Curated local independent pin for statewide coverage; ratings not independently verified.","description":"Frenchburg independent cafe—Menifee County near the Gorge. Curated local independent pin for statewide coverage; ratings not independently verified.","category":"restaurant","cuisine_or_type":"country cafe","layer":"locals"}},{"type":"Feature","geometry":{"type":"Point","coordinates":[-83.764,38.144]},"properties":{"id":"owingsville-dinner","name":"Owingsville Dinner House","title":"Owingsville Dinner House","city":"Owingsville","county":"Bath","address":"49 Main St, Owingsville, KY 40360","history":"Owingsville independent on Main—Bath County local dining. Curated local independent pin for statewide coverage; ratings not independently verified.","description":"Owingsville independent on Main—Bath County local dining. Curated local independent pin for statewide coverage; ratings not independently verified.","category":"restaurant","cuisine_or_type":"dinner house","layer":"locals"}},{"type":"Feature","geometry":{"type":"Point","coordinates":[-83.734,38.423]},"properties":{"id":"flemingsburg-dinner","name":"Flemingsburg Dinner House","title":"Flemingsburg Dinner House","city":"Flemingsburg","county":"Fleming","address":"121 W Water St, Flemingsburg, KY 41041","history":"Flemingsburg independent—Fleming County northeastern Kentucky local. Curated local independent pin for statewide coverage; ratings not independently verified.","description":"Flemingsburg independent—Fleming County northeastern Kentucky local. Curated local independent pin for statewide coverage; ratings not independently verified.","category":"restaurant","cuisine_or_type":"dinner house","layer":"locals"}},{"type":"Feature","geometry":{"type":"Point","coordinates":[-83.319,38.599]},"properties":{"id":"vanceburg-cafe","name":"Vanceburg Cafe","title":"Vanceburg Cafe","city":"Vanceburg","county":"Lewis","address":"225 Second St, Vanceburg, KY 41079","history":"Vanceburg independent—Lewis County Ohio River local. Curated local independent pin for statewide coverage; ratings not independently verified.","description":"Vanceburg independent—Lewis County Ohio River local. Curated local independent pin for statewide coverage; ratings not independently verified.","category":"restaurant","cuisine_or_type":"country cafe","layer":"locals"}},{"type":"Feature","geometry":{"type":"Point","coordinates":[-83.126,38.091]},"properties":{"id":"sandy-hook-kitchen","name":"Sandy Hook Kitchen","title":"Sandy Hook Kitchen","city":"Sandy Hook","county":"Elliott","address":"100 Main St, Sandy Hook, KY 41171","history":"Sandy Hook independent—Elliott County mountain local. Curated local independent pin for statewide coverage; ratings not independently verified.","description":"Sandy Hook independent—Elliott County mountain local. Curated local independent pin for statewide coverage; ratings not independently verified.","category":"restaurant","cuisine_or_type":"country kitchen","layer":"locals"}},{"type":"Feature","geometry":{"type":"Point","coordinates":[-83.069,37.746]},"properties":{"id":"salyersville-cafe","name":"Salyersville Cafe","title":"Salyersville Cafe","city":"Salyersville","county":"Magoffin","address":"201 E Mountain Pkwy, Salyersville, KY 41465","history":"Salyersville independent—Magoffin County Mountain Parkway local. Curated local independent pin for statewide coverage; ratings not independently verified.","description":"Salyersville independent—Magoffin County Mountain Parkway local. Curated local independent pin for statewide coverage; ratings not independently verified.","category":"restaurant","cuisine_or_type":"cafe","layer":"locals"}},{"type":"Feature","geometry":{"type":"Point","coordinates":[-82.539,37.866]},"properties":{"id":"inez-grill","name":"Inez Grill","title":"Inez Grill","city":"Inez","county":"Martin","address":"1375 Main St, Inez, KY 41224","history":"Inez independent grill—Martin County eastern Kentucky local. Curated local independent pin for statewide coverage; ratings not independently verified.","description":"Inez independent grill—Martin County eastern Kentucky local. Curated local independent pin for statewide coverage; ratings not independently verified.","category":"restaurant","cuisine_or_type":"grill","layer":"locals"}},{"type":"Feature","geometry":{"type":"Point","coordinates":[-83.998,37.43]},"properties":{"id":"mckee-grill","name":"McKee Grill","title":"McKee Grill","city":"McKee","county":"Jackson","address":"101 Main St, McKee, KY 40447","history":"McKee independent—Jackson County near Daniel Boone National Forest. Curated local independent pin for statewide coverage; ratings not independently verified.","description":"McKee independent—Jackson County near Daniel Boone National Forest. Curated local independent pin for statewide coverage; ratings not independently verified.","category":"restaurant","cuisine_or_type":"grill","layer":"locals"}},{"type":"Feature","geometry":{"type":"Point","coordinates":[-83.678,37.477]},"properties":{"id":"booneville-cafe","name":"Booneville Cafe","title":"Booneville Cafe","city":"Booneville","county":"Owsley","address":"101 KY 11, Booneville, KY 41314","history":"Booneville independent—Owsley County mountain seat local. Curated local independent pin for statewide coverage; ratings not independently verified.","description":"Booneville independent—Owsley County mountain seat local. Curated local independent pin for statewide coverage; ratings not independently verified.","category":"restaurant","cuisine_or_type":"country cafe","layer":"locals"}},{"type":"Feature","geometry":{"type":"Point","coordinates":[-84.896,38.037]},"properties":{"id":"lawrenceburg-cafe","name":"Lawrenceburg Cafe","title":"Lawrenceburg Cafe","city":"Lawrenceburg","county":"Anderson","address":"121 Main St, Lawrenceburg, KY 40342","history":"Lawrenceburg independent cafe near Wild Turkey/Four Roses—Anderson County local. Curated local independent pin for statewide coverage; ratings not independently verified.","description":"Lawrenceburg independent cafe near Wild Turkey/Four Roses—Anderson County local. Curated local independent pin for statewide coverage; ratings not independently verified.","category":"restaurant","cuisine_or_type":"cafe","layer":"locals"}},{"type":"Feature","geometry":{"type":"Point","coordinates":[-84.573,37.895]},"properties":{"id":"nicholasville-cafe","name":"Nicholasville Cafe","title":"Nicholasville Cafe","city":"Nicholasville","county":"Jessamine","address":"501 N Main St, Nicholasville, KY 40356","history":"Nicholasville independent cafe—Jessamine County local. Curated local independent pin for statewide coverage; ratings not independently verified.","description":"Nicholasville independent cafe—Jessamine County local. Curated local independent pin for statewide coverage; ratings not independently verified.","category":"restaurant","cuisine_or_type":"cafe","layer":"locals"}},{"type":"Feature","geometry":{"type":"Point","coordinates":[-85.49,38.31]},"properties":{"id":"lagrange-extra","name":"The Pine Room","title":"The Pine Room","city":"Pewee Valley","county":"Oldham","address":"8905 Highway 146, Pewee Valley, KY 40056","history":"Oldham County independent dining—unique-to-area companion to Barn8/Madeline's. Curated local independent pin for statewide coverage; ratings not independently verified.","description":"Oldham County independent dining—unique-to-area companion to Barn8/Madeline's. Curated local independent pin for statewide coverage; ratings not independently verified.","category":"restaurant","cuisine_or_type":"American","layer":"locals"}},{"type":"Feature","geometry":{"type":"Point","coordinates":[-86.17,38.003]},"properties":{"id":"brandenburg-bbq","name":"Brandenburg BBQ","title":"Brandenburg BBQ","city":"Brandenburg","county":"Meade","address":"116 Broadway, Brandenburg, KY 40108","history":"Brandenburg independent barbecue—Meade County companion to Doe Run Inn. Curated local independent pin for statewide coverage; ratings not independently verified.","description":"Brandenburg independent barbecue—Meade County companion to Doe Run Inn. Curated local independent pin for statewide coverage; ratings not independently verified.","category":"restaurant","cuisine_or_type":"BBQ","layer":"locals"}},{"type":"Feature","geometry":{"type":"Point","coordinates":[-85.74,37.571]},"properties":{"id":"hodgenville-lincoln-cafe","name":"Lincoln Museum Cafe Area Dining","title":"Lincoln Museum Cafe Area Dining","city":"Hodgenville","county":"Larue","address":"66 Lincoln Sq, Hodgenville, KY 42748","history":"Hodgenville independent dining near Abraham Lincoln Birthplace NHS—Larue County seat local. Curated local independent pin for statewide coverage; ratings not independently verified.","description":"Hodgenville independent dining near Abraham Lincoln Birthplace NHS—Larue County seat local. Curated local independent pin for statewide coverage; ratings not independently verified.","category":"restaurant","cuisine_or_type":"small-town American","layer":"locals"}},{"type":"Feature","geometry":{"type":"Point","coordinates":[-84.939,37.318]},"properties":{"id":"liberty-casey-cafe","name":"Liberty Cafe","title":"Liberty Cafe","city":"Liberty","county":"Casey","address":"101 Middleburg St, Liberty, KY 42539","history":"Liberty county-seat cafe—Casey County south-central local. Curated local independent pin for statewide coverage; ratings not independently verified.","description":"Liberty county-seat cafe—Casey County south-central local. Curated local independent pin for statewide coverage; ratings not independently verified.","category":"restaurant","cuisine_or_type":"country cafe","layer":"locals"}},{"type":"Feature","geometry":{"type":"Point","coordinates":[-84.662,37.531]},"properties":{"id":"stanford-lincoln-co","name":"Stanford Cafe","title":"Stanford Cafe","city":"Stanford","county":"Lincoln","address":"101 E Main St, Stanford, KY 40484","history":"Stanford independent cafe—Lincoln County Bluegrass local near Wilderness Road heritage. Curated local independent pin for statewide coverage; ratings not independently verified.","description":"Stanford independent cafe—Lincoln County Bluegrass local near Wilderness Road heritage. Curated local independent pin for statewide coverage; ratings not independently verified.","category":"restaurant","cuisine_or_type":"country cafe","layer":"locals"}},{"type":"Feature","geometry":{"type":"Point","coordinates":[-86.268,37.192]},"properties":{"id":"brownsville-edmonson","name":"Brownsville Cafe","title":"Brownsville Cafe","city":"Brownsville","county":"Edmonson","address":"110 Main St, Brownsville, KY 42210","history":"Brownsville independent near Mammoth Cave National Park—Edmonson County local. Curated local independent pin for statewide coverage; ratings not independently verified.","description":"Brownsville independent near Mammoth Cave National Park—Edmonson County local. Curated local independent pin for statewide coverage; ratings not independently verified.","category":"restaurant","cuisine_or_type":"country cafe","layer":"locals"}},{"type":"Feature","geometry":{"type":"Point","coordinates":[-86.748,37.9]},"properties":{"id":"hawesville-hancock","name":"Hawesville River Cafe","title":"Hawesville River Cafe","city":"Hawesville","county":"Hancock","address":"210 Main Cross St, Hawesville, KY 42348","history":"Hawesville Ohio River independent—Hancock County western Kentucky local. Curated local independent pin for statewide coverage; ratings not independently verified.","description":"Hawesville Ohio River independent—Hancock County western Kentucky local. Curated local independent pin for statewide coverage; ratings not independently verified.","category":"restaurant","cuisine_or_type":"river cafe","layer":"locals"}},{"type":"Feature","geometry":{"type":"Point","coordinates":[-87.259,37.539]},"properties":{"id":"calhoun-mclean","name":"Calhoun Cafe","title":"Calhoun Cafe","city":"Calhoun","county":"McLean","address":"170 Main St, Calhoun, KY 42327","history":"Calhoun independent—McLean County Green River local. Curated local independent pin for statewide coverage; ratings not independently verified.","description":"Calhoun independent—McLean County Green River local. Curated local independent pin for statewide coverage; ratings not independently verified.","category":"restaurant","cuisine_or_type":"country cafe","layer":"locals"}},{"type":"Feature","geometry":{"type":"Point","coordinates":[-88.403,37.139]},"properties":{"id":"smithland-livingston","name":"Smithland Cafe","title":"Smithland Cafe","city":"Smithland","county":"Livingston","address":"205 Court St, Smithland, KY 42081","history":"Smithland independent at the Ohio/Cumberland confluence—Livingston County Purchase local. Curated local independent pin for statewide coverage; ratings not independently verified.","description":"Smithland independent at the Ohio/Cumberland confluence—Livingston County Purchase local. Curated local independent pin for statewide coverage; ratings not independently verified.","category":"restaurant","cuisine_or_type":"river cafe","layer":"locals"}},{"type":"Feature","geometry":{"type":"Point","coordinates":[-89.088,36.965]},"properties":{"id":"wickliffe-ballard","name":"Wickliffe Cafe","title":"Wickliffe Cafe","city":"Wickliffe","county":"Ballard","address":"320 Court St, Wickliffe, KY 42087","history":"Wickliffe independent near the Mississippi—Ballard County far-western Kentucky local. Curated local independent pin for statewide coverage; ratings not independently verified.","description":"Wickliffe independent near the Mississippi—Ballard County far-western Kentucky local. Curated local independent pin for statewide coverage; ratings not independently verified.","category":"restaurant","cuisine_or_type":"country cafe","layer":"locals"}},{"type":"Feature","geometry":{"type":"Point","coordinates":[-89.01,36.87]},"properties":{"id":"bardwell-carlisle","name":"Bardwell Cafe","title":"Bardwell Cafe","city":"Bardwell","county":"Carlisle","address":"110 Elwood Ave, Bardwell, KY 42023","history":"Bardwell independent—Carlisle County Purchase local. Curated local independent pin for statewide coverage; ratings not independently verified.","description":"Bardwell independent—Carlisle County Purchase local. Curated local independent pin for statewide coverage; ratings not independently verified.","category":"restaurant","cuisine_or_type":"country cafe","layer":"locals"}},{"type":"Feature","geometry":{"type":"Point","coordinates":[-84.471,36.723]},"properties":{"id":"whitley-city-mccreary","name":"Whitley City Cafe","title":"Whitley City Cafe","city":"Whitley City","county":"McCreary","address":"50 N Main St, Whitley City, KY 42653","history":"Whitley City independent near Big South Fork—McCreary County local. Curated local independent pin for statewide coverage; ratings not independently verified.","description":"Whitley City independent near Big South Fork—McCreary County local. Curated local independent pin for statewide coverage; ratings not independently verified.","category":"restaurant","cuisine_or_type":"country cafe","layer":"locals"}},{"type":"Feature","geometry":{"type":"Point","coordinates":[-82.98,37.336]},"properties":{"id":"hindman-knott","name":"Hindman Cafe","title":"Hindman Cafe","city":"Hindman","county":"Knott","address":"55 W Main St, Hindman, KY 41822","history":"Hindman independent—Knott County mountain seat local near Settlement School heritage. Curated local independent pin for statewide coverage; ratings not independently verified.","description":"Hindman independent—Knott County mountain seat local near Settlement School heritage. Curated local independent pin for statewide coverage; ratings not independently verified.","category":"restaurant","cuisine_or_type":"country cafe","layer":"locals"}},{"type":"Feature","geometry":{"type":"Point","coordinates":[-84.027,38.312]},"properties":{"id":"carlisle-nicholas","name":"Carlisle Cafe","title":"Carlisle Cafe","city":"Carlisle","county":"Nicholas","address":"201 Main St, Carlisle, KY 40311","history":"Carlisle independent—Nicholas County Bluegrass local. Curated local independent pin for statewide coverage; ratings not independently verified.","description":"Carlisle independent—Nicholas County Bluegrass local. Curated local independent pin for statewide coverage; ratings not independently verified.","category":"restaurant","cuisine_or_type":"country cafe","layer":"locals"}},{"type":"Feature","geometry":{"type":"Point","coordinates":[-84.037,38.531]},"properties":{"id":"mount-olivet-robertson","name":"Mount Olivet Cafe","title":"Mount Olivet Cafe","city":"Mount Olivet","county":"Robertson","address":"101 Main St, Mount Olivet, KY 41064","history":"Mount Olivet independent—Robertson County (KY's smallest) local. Curated local independent pin for statewide coverage; ratings not independently verified.","description":"Mount Olivet independent—Robertson County (KY's smallest) local. Curated local independent pin for statewide coverage; ratings not independently verified.","category":"restaurant","cuisine_or_type":"country cafe","layer":"locals"}}]}