{"type":"FeatureCollection","features":[{"type":"Feature","geometry":{"type":"Point","coordinates":[-83.889121,36.867283]},"properties":{"id":"lccn-sn87060032","name":"Mountain Advocate","title":"Mountain Advocate","city":"Barbourville","county":"Knox","history":"Weekly Vol. 1, no. 1 (Feb. 19, 1904)-v. 32, no. 31 (May 31, 1935). The official organ of the Republican Party in Knox County. Archived issues are available in digital format as part of the Library of Congress Chronicling America online collection. Barbourville mountain advocate (DLC)sn 87060033 (OCoLC)15122929","description":"Weekly Vol. 1, no. 1 (Feb. 19, 1904)-v. 32, no. 31 (May 31, 1935). The official organ of the Republican Party in Knox County. Archived issues are available in digital format as part of the Library of Congress Chronicling America online collection. Barbourville mountain advocate (DLC)sn 87060033 (OCoLC)15122929","website":"https://www.loc.gov/item/sn87060032/","first_year":1904,"last_year":1922,"yearStart":1904,"yearEnd":1922,"lccn":"sn87060032","frequency":"weekly","layer":"newspapers"}},{"type":"Feature","geometry":{"type":"Point","coordinates":[-84.296789,37.568457]},"properties":{"id":"lccn-sn85052076","name":"The Citizen","title":"The Citizen","city":"Berea","county":"Madison","history":"Weekly Vol. 1, no. 1 (June 21, 1899)-v. 59, no. 52 (June 26, 1958). Archived issues are available in digital format as part of the Library of Congress Chronicling America online collection. Berea citizen (DLC)sn 85052075 (OCoLC)12249111","description":"Weekly Vol. 1, no. 1 (June 21, 1899)-v. 59, no. 52 (June 26, 1958). Archived issues are available in digital format as part of the Library of Congress Chronicling America online collection. Berea citizen (DLC)sn 85052075 (OCoLC)12249111","website":"https://www.loc.gov/item/sn85052076/","first_year":2076,"last_year":2076,"yearStart":2076,"yearEnd":2076,"lccn":"sn85052076","frequency":"weekly","layer":"newspapers"}},{"type":"Feature","geometry":{"type":"Point","coordinates":[-83.917419,37.858237]},"properties":{"id":"lccn-sn86069657","name":"The Clay City Times","title":"The Clay City Times","city":"Clay City","county":"Powell","history":"Weekly Vol. 6, no. 36 (Nov. 28, 1901)- Continues volume numbering of Spout Spring times. Archived issues are available in digital format as part of the Library of Congress Chronicling America online collection. Appeared concurrently with Spout Spring times from <Mar. 13-Apr. 3, 1901>","description":"Weekly Vol. 6, no. 36 (Nov. 28, 1901)- Continues volume numbering of Spout Spring times. Archived issues are available in digital format as part of the Library of Congress Chronicling America online collection. Appeared concurrently with Spout Spring times from <Mar. 13-Apr. 3, 1901>","website":"https://www.loc.gov/item/sn86069657/","first_year":1901,"last_year":1922,"yearStart":1901,"yearEnd":1922,"lccn":"sn86069657","frequency":"weekly","layer":"newspapers"}},{"type":"Feature","geometry":{"type":"Point","coordinates":[-85.306198,37.102703]},"properties":{"id":"lccn-sn86069496","name":"The Adair County News","title":"The Adair County News","city":"Columbia","county":"Adair","history":"Weekly, -Aug. 10, 1987 Vol. 1, no. 1 (Nov. 3, 1897)-v. 70, no. 41 (Aug. 10, 1987). Archived issues are available in digital format as part of the Library of Congress Chronicling America online collection. Columbia statesman (Columbia, Ky. : 1986) 0890-894X (DLC)sn 86069549 (OCoLC)14208057 Columbia-Adair County news-statesman 0896-3355 (DLC)sn 87060313 (OCoLC)16617850","description":"Weekly, -Aug. 10, 1987 Vol. 1, no. 1 (Nov. 3, 1897)-v. 70, no. 41 (Aug. 10, 1987). Archived issues are available in digital format as part of the Library of Congress Chronicling America online collection. Columbia statesman (Columbia, Ky. : 1986) 0890-894X (DLC)sn 86069549 (OCoLC)14208057 Columbia-Adair County news-statesman 0896-3355 (DLC)sn 87060313 (OCoLC)16617850","website":"https://www.loc.gov/item/sn86069496/","first_year":1900,"last_year":1922,"yearStart":1900,"yearEnd":1922,"lccn":"sn86069496","frequency":"weekly","layer":"newspapers"}},{"type":"Feature","geometry":{"type":"Point","coordinates":[-87.510349,37.272139]},"properties":{"id":"lccn-sn87060004","name":"The Bee","title":"The Bee","city":"Earlington","county":"Hopkins","history":"Semiweekly Began in 1889. Archived issues are available in digital forma as part of the Library of Congress Chronicling America online collection. Description based on: 3rd year, no. 21 (Apr. 28, 1892). Earlington news (DLC)sn 87060005 (OCoLC)15057343","description":"Semiweekly Began in 1889. Archived issues are available in digital forma as part of the Library of Congress Chronicling America online collection. Description based on: 3rd year, no. 21 (Apr. 28, 1892). Earlington news (DLC)sn 87060005 (OCoLC)15057343","website":"https://www.loc.gov/item/sn87060004/","first_year":1892,"last_year":1916,"yearStart":1892,"yearEnd":1916,"lccn":"sn87060004","frequency":"semiweekly","layer":"newspapers"}},{"type":"Feature","geometry":{"type":"Point","coordinates":[-84.330157,38.676803]},"properties":{"id":"lccn-sn86069024","name":"The Falmouth Democrat 18??-1???","title":"The Falmouth Democrat 18??-1???","city":"Falmouth","county":"Pendleton","history":"Weekly Description based on: Vol. 3, no. 19 (Oct. 10, 1884).","description":"Weekly Description based on: Vol. 3, no. 19 (Oct. 10, 1884).","website":"https://www.loc.gov/item/sn86069024/","first_year":1886,"last_year":1913,"yearStart":1886,"yearEnd":1913,"lccn":"sn86069024","frequency":"weekly","layer":"newspapers"}},{"type":"Feature","geometry":{"type":"Point","coordinates":[-84.330157,38.676803]},"properties":{"id":"lccn-sn86069021","name":"The Falmouth Outlook","title":"The Falmouth Outlook","city":"Falmouth","county":"Pendleton","history":"Weekly Vol. 1, no. 1 (June 21, 1907)- Published: <Oct. 22, 1986->, Outlook Publications. Latest issue consulted: Vol. 78, no. 33 (Wed., Oct. 22, 1986).","description":"Weekly Vol. 1, no. 1 (June 21, 1907)- Published: <Oct. 22, 1986->, Outlook Publications. Latest issue consulted: Vol. 78, no. 33 (Wed., Oct. 22, 1986).","website":"https://www.loc.gov/item/sn86069021/","first_year":1907,"last_year":1948,"yearStart":1907,"yearEnd":1948,"lccn":"sn86069021","frequency":"weekly","layer":"newspapers"}},{"type":"Feature","geometry":{"type":"Point","coordinates":[-84.330157,38.676803]},"properties":{"id":"lccn-sn86069032","name":"The Falmouth Pendletonian","title":"The Falmouth Pendletonian","city":"Falmouth","county":"Pendleton","history":"Weekly Vol. 1, no. 1 (Jan. 20, 1881)- Guide (Falmouth, Ky.) (DLC)sn 86069033","description":"Weekly Vol. 1, no. 1 (Jan. 20, 1881)- Guide (Falmouth, Ky.) (DLC)sn 86069033","website":"https://www.loc.gov/item/sn86069032/","first_year":1881,"last_year":1881,"yearStart":1881,"yearEnd":1881,"lccn":"sn86069032","frequency":"weekly","layer":"newspapers"}},{"type":"Feature","geometry":{"type":"Point","coordinates":[-84.330157,38.676803]},"properties":{"id":"lccn-sn86069033","name":"The Guide 188?-18??","title":"The Guide 188?-18??","city":"Falmouth","county":"Pendleton","history":"Weekly Continued by: Falmouth guide (non-extant). Description based on: Vol. 9, no. 1 (Feb. 11, 1886). Falmouth guide","description":"Weekly Continued by: Falmouth guide (non-extant). Description based on: Vol. 9, no. 1 (Feb. 11, 1886). Falmouth guide","website":"https://www.loc.gov/item/sn86069033/","first_year":1886,"last_year":1886,"yearStart":1886,"yearEnd":1886,"lccn":"sn86069033","frequency":"weekly","layer":"newspapers"}},{"type":"Feature","geometry":{"type":"Point","coordinates":[-84.330157,38.676803]},"properties":{"id":"lccn-sn86069023","name":"The Pendleton Democrat 187?-1???","title":"The Pendleton Democrat 187?-1???","city":"Falmouth","county":"Pendleton","history":"Weekly Description based on: Vol. 1, no. 17 (July 7, 1876).","description":"Weekly Description based on: Vol. 1, no. 17 (July 7, 1876).","website":"https://www.loc.gov/item/sn86069023/","first_year":1886,"last_year":1895,"yearStart":1886,"yearEnd":1895,"lccn":"sn86069023","frequency":"weekly","layer":"newspapers"}},{"type":"Feature","geometry":{"type":"Point","coordinates":[-84.330157,38.676803]},"properties":{"id":"lccn-sn86069041","name":"The Pendletonian 189?-19??","title":"The Pendletonian 189?-19??","city":"Falmouth","county":"Pendleton","history":"Weekly Issues for Oct. 13, 1898- called also Old ser., 19 years- Continues: Falmouth guide (non-extant). Description based on: New ser., v. 1, no. 33 (Oct. 13, 1898).","description":"Weekly Issues for Oct. 13, 1898- called also Old ser., 19 years- Continues: Falmouth guide (non-extant). Description based on: New ser., v. 1, no. 33 (Oct. 13, 1898).","website":"https://www.loc.gov/item/sn86069041/","first_year":1898,"last_year":1912,"yearStart":1898,"yearEnd":1912,"lccn":"sn86069041","frequency":"weekly","layer":"newspapers"}},{"type":"Feature","geometry":{"type":"Point","coordinates":[-84.87329,38.201005]},"properties":{"id":"lccn-sn86069849","name":"Frankfort Weekly News and Roundabout","title":"Frankfort Weekly News and Roundabout","city":"Frankfort","county":"Franklin","history":"Weekly Vol. 31, no. 27 (Mar. 7, 1908)- Continues volume numbering of: The Frankfort roundabout. Archived issues are available in digital format as part of the Library of Congress Chronicling America online collection.","description":"Weekly Vol. 31, no. 27 (Mar. 7, 1908)- Continues volume numbering of: The Frankfort roundabout. Archived issues are available in digital format as part of the Library of Congress Chronicling America online collection.","website":"https://www.loc.gov/item/sn86069849/","first_year":1908,"last_year":1908,"yearStart":1908,"yearEnd":1908,"lccn":"sn86069849","frequency":"weekly","layer":"newspapers"}},{"type":"Feature","geometry":{"type":"Point","coordinates":[-84.87329,38.201005]},"properties":{"id":"lccn-sn86069848","name":"The Frankfort Roundabout","title":"The Frankfort Roundabout","city":"Frankfort","county":"Franklin","history":"Weekly Vol. 6, no. 1 (Sept. 23, 1882)-v. 31, no. 26 (Feb. 29, 1908). Continues volume numbering of: The Weekly roundabout. Archived issues are available in digital format as part of the Library of Congress Chronicling America online collection. Frankfort weekly news and roundabout 1941-0735 (DLC)sn 86069849 (OCoLC)13501090","description":"Weekly Vol. 6, no. 1 (Sept. 23, 1882)-v. 31, no. 26 (Feb. 29, 1908). Continues volume numbering of: The Weekly roundabout. Archived issues are available in digital format as part of the Library of Congress Chronicling America online collection. Frankfort weekly news and roundabout 1941-0735 (DLC)sn 86069849 (OCoLC)13501090","website":"https://www.loc.gov/item/sn86069848/","first_year":1882,"last_year":1908,"yearStart":1882,"yearEnd":1908,"lccn":"sn86069848","frequency":"weekly","layer":"newspapers"}},{"type":"Feature","geometry":{"type":"Point","coordinates":[-84.87329,38.201005]},"properties":{"id":"lccn-sn86069847","name":"The Weekly Roundabout","title":"The Weekly Roundabout","city":"Frankfort","county":"Franklin","history":"Weekly Vol. 1, no. 1 (Sept. 29, 1877)- ; <Sept. 16, 1882>. Archived issues are available in digital format as part of the Library of Congress Chronicling America online collection. Frankfort roundabout 1941-0727 (DLC)sn 86069848 (OCoLC)13500967","description":"Weekly Vol. 1, no. 1 (Sept. 29, 1877)- ; <Sept. 16, 1882>. Archived issues are available in digital format as part of the Library of Congress Chronicling America online collection. Frankfort roundabout 1941-0727 (DLC)sn 86069848 (OCoLC)13500967","website":"https://www.loc.gov/item/sn86069847/","first_year":1879,"last_year":1882,"yearStart":1879,"yearEnd":1882,"lccn":"sn86069847","frequency":"weekly","layer":"newspapers"}},{"type":"Feature","geometry":{"type":"Point","coordinates":[-87.17854,37.201149]},"properties":{"id":"lccn-sn87060049","name":"The Record","title":"The Record","city":"Greenville","county":"Muhlenberg","history":"Weekly Vol. 1, no. 1 (Feb. 9, 1899)- Archived issues are available in digital format as part of the Library of Congress Chronicling America online collection.","description":"Weekly Vol. 1, no. 1 (Feb. 9, 1899)- Archived issues are available in digital format as part of the Library of Congress Chronicling America online collection.","website":"https://www.loc.gov/item/sn87060049/","first_year":1899,"last_year":1920,"yearStart":1899,"yearEnd":1920,"lccn":"sn87060049","frequency":"weekly","layer":"newspapers"}},{"type":"Feature","geometry":{"type":"Point","coordinates":[-86.63037,37.830179]},"properties":{"id":"lccn-sn86069309","name":"The Breckenridge News","title":"The Breckenridge News","city":"Hardinsburg","county":"Breckinridge","history":"Weekly Began in 1876. Cf. Gregory W. Amer. newspapers. -80th yr., no. 6 (June 24, 1955). Published at Hardinsburg, Ky. beginning with the Apr. 16, 1953 issue. Archived issues are available in digital format from the Library of Congress Chronicling America online collection. Description based on: Vol. 1, no. 11 (Sept. 30, 1876). Breckenridge news and the Irvington herald (DLC)sn 86069310 (OCoLC)13908612","description":"Weekly Began in 1876. Cf. Gregory W. Amer. newspapers. -80th yr., no. 6 (June 24, 1955). Published at Hardinsburg, Ky. beginning with the Apr. 16, 1953 issue. Archived issues are available in digital format from the Library of Congress Chronicling America online collection. Description based on: Vol. 1, no. 11 (Sept. 30, 1876). Breckenridge news and the Irvington herald (DLC)sn 86069310 (OCoLC)13908612","website":"https://www.loc.gov/item/sn86069309/","first_year":1878,"last_year":1921,"yearStart":1878,"yearEnd":1921,"lccn":"sn86069309","frequency":"weekly","layer":"newspapers"}},{"type":"Feature","geometry":{"type":"Point","coordinates":[-86.909267,37.451371]},"properties":{"id":"lccn-sn84037890","name":"The Hartford Herald","title":"The Hartford Herald","city":"Hartford","county":"Ohio","history":"Weekly Vol. 1, no. 1 (Jan. 6, 1875)-v. 52, no. 6 (Feb. 10, 1926). Publishers: John P. Barrett & Co., <1875>, <1877>; John P. Barrett, <1876>. Editors: John P. Barrett, 1875-<1877>; Lycurgus Barrett, <1876>. Archived issues are available in digital format as part of the Library of Congress Chronicling America online collection. Hartford republican 1941-2983 (DLC)sn 86069313 (OCoLC)13917261 Ohio County news (Hartford, Ky.) (DLC)sn 86069314 (OCoLC)13917437","description":"Weekly Vol. 1, no. 1 (Jan. 6, 1875)-v. 52, no. 6 (Feb. 10, 1926). Publishers: John P. Barrett & Co., <1875>, <1877>; John P. Barrett, <1876>. Editors: John P. Barrett, 1875-<1877>; Lycurgus Barrett, <1876>. Archived issues are available in digital format as part of the Library of Congress Chronicling America online collection. Hartford republican 1941-2983 (DLC)sn 86069313 (OCoLC)13917261 Ohio County news (Hartford, Ky.) (DLC)sn 86069314 (OCoLC)13917437","website":"https://www.loc.gov/item/sn84037890/","first_year":1875,"last_year":1922,"yearStart":1875,"yearEnd":1922,"lccn":"sn84037890","frequency":"weekly","layer":"newspapers"}},{"type":"Feature","geometry":{"type":"Point","coordinates":[-86.909267,37.451371]},"properties":{"id":"lccn-sn86069313","name":"The Hartford Republican 18??-1926","title":"The Hartford Republican 18??-1926","city":"Hartford","county":"Ohio","history":"Weekly -v. 38, no. 34 (Feb. 12, 1926). Archived issues are available in digital format as part of the Library of Congress Chronicling America online collection. Description based on: Vol. 4, no. 21 (Dec. 18, 1891). Hartford herald (Hartford, Ky.) 1943-8710 (DLC)sn 84037890 (OCoLC)11119946 Ohio County news (Hartford, Ky.) (DLC)sn 86069314 (OCoLC)13917437","description":"Weekly -v. 38, no. 34 (Feb. 12, 1926). Archived issues are available in digital format as part of the Library of Congress Chronicling America online collection. Description based on: Vol. 4, no. 21 (Dec. 18, 1891). Hartford herald (Hartford, Ky.) 1943-8710 (DLC)sn 84037890 (OCoLC)11119946 Ohio County news (Hartford, Ky.) (DLC)sn 86069314 (OCoLC)13917437","website":"https://www.loc.gov/item/sn86069313/","first_year":1891,"last_year":1922,"yearStart":1891,"yearEnd":1922,"lccn":"sn86069313","frequency":"weekly","layer":"newspapers"}},{"type":"Feature","geometry":{"type":"Point","coordinates":[-83.195258,37.252046]},"properties":{"id":"lccn-sn85052003","name":"The Hazard Herald","title":"The Hazard Herald","city":"Hazard","county":"Perry","history":"Weekly Began in 1911; ceased in 1975. Vol. 1, no. 1 located as a reprint in June 22, 1949 issue. Suspended Nov. 1951-May 1952. Description based on: Vol. 1, no. 1 (June 22, 1911). Herald-voice (Hazard, Ky.) (DLC)sn 85052006","description":"Weekly Began in 1911; ceased in 1975. Vol. 1, no. 1 located as a reprint in June 22, 1949 issue. Suspended Nov. 1951-May 1952. Description based on: Vol. 1, no. 1 (June 22, 1911). Herald-voice (Hazard, Ky.) (DLC)sn 85052006","website":"https://www.loc.gov/item/sn85052003/","first_year":2003,"last_year":2003,"yearStart":2003,"yearEnd":2003,"lccn":"sn85052003","frequency":"weekly","layer":"newspapers"}},{"type":"Feature","geometry":{"type":"Point","coordinates":[-83.195258,37.252046]},"properties":{"id":"lccn-sn87060006","name":"The Hazard Leader 192?-19??","title":"The Hazard Leader 192?-19??","city":"Hazard","county":"Perry","history":"Weekly Description based on: Vol. 1, no. 7 (July 7, 1921).","description":"Weekly Description based on: Vol. 1, no. 7 (July 7, 1921).","website":"https://www.loc.gov/item/sn87060006/","first_year":1921,"last_year":1927,"yearStart":1921,"yearEnd":1927,"lccn":"sn87060006","frequency":"weekly","layer":"newspapers"}},{"type":"Feature","geometry":{"type":"Point","coordinates":[-83.415675,37.798183]},"properties":{"id":"lccn-sn86063242","name":"The Hazel Green Herald","title":"The Hazel Green Herald","city":"Hazel Green","county":"Wolfe","history":"Weekly Vol. 1, no. 1 (Mar. 4, 1885)- Archived issues are available in digital format as part of the Library of Congress Chronicling America online collection.","description":"Weekly Vol. 1, no. 1 (Mar. 4, 1885)- Archived issues are available in digital format as part of the Library of Congress Chronicling America online collection.","website":"https://www.loc.gov/item/sn86063242/","first_year":1885,"last_year":1917,"yearStart":1885,"yearEnd":1917,"lccn":"sn86063242","frequency":"weekly","layer":"newspapers"}},{"type":"Feature","geometry":{"type":"Point","coordinates":[-89.18661,36.567637]},"properties":{"id":"lccn-sn85052141","name":"The Hickman Courier","title":"The Hickman Courier","city":"Hickman","county":"Fulton","history":"Weekly Began in 1859. Cf. Gregory, W. Amer. newspapers. Archived issues are available in digital format from the Library of Congress Chronicling America online collection. Description based on: Vol. 2, no. 18 (Apr. 18, 1868).","description":"Weekly Began in 1859. Cf. Gregory, W. Amer. newspapers. Archived issues are available in digital format from the Library of Congress Chronicling America online collection. Description based on: Vol. 2, no. 18 (Apr. 18, 1868).","website":"https://www.loc.gov/item/sn85052141/","first_year":1868,"last_year":1922,"yearStart":1868,"yearEnd":1922,"lccn":"sn85052141","frequency":"weekly","layer":"newspapers"}},{"type":"Feature","geometry":{"type":"Point","coordinates":[-87.488906,36.865586]},"properties":{"id":"lccn-sn86069397","name":"Daily Kentuckian","title":"Daily Kentuckian","city":"Hopkinsville","county":"Christian","history":"Daily (except Mon.) Vol. 1, no. 1 (Mar. 9, 1918)- Archived issues are available in digital format as part of the Library of Congress Chronicling America online collection. Kentuckian (Hopkinsville, Ky.) 2332-5283 (DLC)sn 86069398 (OCoLC)14119673","description":"Daily (except Mon.) Vol. 1, no. 1 (Mar. 9, 1918)- Archived issues are available in digital format as part of the Library of Congress Chronicling America online collection. Kentuckian (Hopkinsville, Ky.) 2332-5283 (DLC)sn 86069398 (OCoLC)14119673","website":"https://www.loc.gov/item/sn86069397/","first_year":1918,"last_year":1918,"yearStart":1918,"yearEnd":1918,"lccn":"sn86069397","frequency":"daily","layer":"newspapers"}},{"type":"Feature","geometry":{"type":"Point","coordinates":[-87.488906,36.865586]},"properties":{"id":"lccn-sn86069393","name":"Daily South Kentuckian","title":"Daily South Kentuckian","city":"Hopkinsville","county":"Christian","history":"Daily No. 1 (Oct. 6, 1881)- Archived issues are available in digital format as part of the Library of Congress Chronicling America online collection. Issued also in a weekly edition called: South Kentuckian.","description":"Daily No. 1 (Oct. 6, 1881)- Archived issues are available in digital format as part of the Library of Congress Chronicling America online collection. Issued also in a weekly edition called: South Kentuckian.","website":"https://www.loc.gov/item/sn86069393/","first_year":1884,"last_year":1885,"yearStart":1884,"yearEnd":1885,"lccn":"sn86069393","frequency":"daily","layer":"newspapers"}},{"type":"Feature","geometry":{"type":"Point","coordinates":[-87.488906,36.865586]},"properties":{"id":"lccn-sn86069395","name":"Hopkinsville Kentuckian","title":"Hopkinsville Kentuckian","city":"Hopkinsville","county":"Christian","history":"Three times a week Vol. 11, no. 4 (Jan. 11, 1889)-v. 40, no. 29 (Mar. 7, 1918). Archived issues are available in digital format from the Library of Congress Chronicling America online collection. Daily ed.: Daily Kentuckian (Hopkinsville, Ky. : 1898), 1898. Daily Kentuckian (Hopkinsville, Ky. : 1918) 2326-6244 (DLC)sn 86069397 (OCoLC)14119528","description":"Three times a week Vol. 11, no. 4 (Jan. 11, 1889)-v. 40, no. 29 (Mar. 7, 1918). Archived issues are available in digital format from the Library of Congress Chronicling America online collection. Daily ed.: Daily Kentuckian (Hopkinsville, Ky. : 1898), 1898. Daily Kentuckian (Hopkinsville, Ky. : 1918) 2326-6244 (DLC)sn 86069397 (OCoLC)14119528","website":"https://www.loc.gov/item/sn86069395/","first_year":1889,"last_year":1918,"yearStart":1889,"yearEnd":1918,"lccn":"sn86069395","frequency":"three times a week","layer":"newspapers"}},{"type":"Feature","geometry":{"type":"Point","coordinates":[-87.488906,36.865586]},"properties":{"id":"lccn-sn86069394","name":"Semi-Weekly South Kentuckian","title":"Semi-Weekly South Kentuckian","city":"Hopkinsville","county":"Christian","history":"Semiweekly Vol. 5, no. 45 (Nov. 6, 1883)-v. 11, no. 3 (Jan. 8, 1889). Archived issues are available in digital format as part of the Library of Congress Chronicling America online collection. Daily ed.: Daily south Kentuckian, <1883-1885> Hopkinsville Kentuckian 1941-9996 (DLC)sn 86069395 (OCoLC)14115903","description":"Semiweekly Vol. 5, no. 45 (Nov. 6, 1883)-v. 11, no. 3 (Jan. 8, 1889). Archived issues are available in digital format as part of the Library of Congress Chronicling America online collection. Daily ed.: Daily south Kentuckian, <1883-1885> Hopkinsville Kentuckian 1941-9996 (DLC)sn 86069395 (OCoLC)14115903","website":"https://www.loc.gov/item/sn86069394/","first_year":1883,"last_year":1889,"yearStart":1883,"yearEnd":1889,"lccn":"sn86069394","frequency":"semiweekly","layer":"newspapers"}},{"type":"Feature","geometry":{"type":"Point","coordinates":[-87.488906,36.865586]},"properties":{"id":"lccn-sn86069396","name":"The Daily Kentuckian","title":"The Daily Kentuckian","city":"Hopkinsville","county":"Christian","history":"Daily (except Mon.) Vol. 1, no. 1 (Apr. 29, 1898)-v. 1, no. 93 (Aug. 13, 1898). Archived issues are available in digital format as part of the Library of Congress Chronicling America online collection. Issued also in a semiweekly edition called: Hopkinsville Kentuckian.","description":"Daily (except Mon.) Vol. 1, no. 1 (Apr. 29, 1898)-v. 1, no. 93 (Aug. 13, 1898). Archived issues are available in digital format as part of the Library of Congress Chronicling America online collection. Issued also in a semiweekly edition called: Hopkinsville Kentuckian.","website":"https://www.loc.gov/item/sn86069396/","first_year":1898,"last_year":1898,"yearStart":1898,"yearEnd":1898,"lccn":"sn86069396","frequency":"daily","layer":"newspapers"}},{"type":"Feature","geometry":{"type":"Point","coordinates":[-87.488906,36.865586]},"properties":{"id":"lccn-sn86069398","name":"The Kentuckian 191?-19??","title":"The Kentuckian 191?-19??","city":"Hopkinsville","county":"Christian","history":"Three times a week Archived issues are available in digital format as part of the Library of Congress Chronicling America online collection. Description based on: Vol. 41, no. 1 (Apr. 5, 1919).","description":"Three times a week Archived issues are available in digital format as part of the Library of Congress Chronicling America online collection. Description based on: Vol. 41, no. 1 (Apr. 5, 1919).","website":"https://www.loc.gov/item/sn86069398/","first_year":1919,"last_year":1919,"yearStart":1919,"yearEnd":1919,"lccn":"sn86069398","frequency":"three times a week","layer":"newspapers"}},{"type":"Feature","geometry":{"type":"Point","coordinates":[-87.488906,36.865586]},"properties":{"id":"lccn-sn86069392","name":"The South Kentuckian","title":"The South Kentuckian","city":"Hopkinsville","county":"Christian","history":"Weekly Began in 1879? -v. 5, no. 44 (Oct. 30, 1883). Archived issues are available in digital format as part of the Library of Congress Chronicling America online collection. Daily ed.: Daily south Kentuckian, 1881-<1885> Description based on: Vol. 1, no. 6 (Feb. 18, 1879). Semi-weekly south Kentuckian 2332-5240 (DLC)sn 86069394 (OCoLC)14115606","description":"Weekly Began in 1879? -v. 5, no. 44 (Oct. 30, 1883). Archived issues are available in digital format as part of the Library of Congress Chronicling America online collection. Daily ed.: Daily south Kentuckian, 1881-<1885> Description based on: Vol. 1, no. 6 (Feb. 18, 1879). Semi-weekly south Kentuckian 2332-5240 (DLC)sn 86069394 (OCoLC)14115606","website":"https://www.loc.gov/item/sn86069392/","first_year":1879,"last_year":1883,"yearStart":1879,"yearEnd":1883,"lccn":"sn86069392","frequency":"weekly","layer":"newspapers"}},{"type":"Feature","geometry":{"type":"Point","coordinates":[-83.381557,37.557603]},"properties":{"id":"lccn-sn86069667","name":"Breathitt County News 190?-19??","title":"Breathitt County News 190?-19??","city":"Jackson","county":"Breathitt","history":"Weekly Archived issues are available in digital format as part of the Library of Congress Chronicling America online collection. Description based on: Vol. 2, no. 34 (May 29, 1903).","description":"Weekly Archived issues are available in digital format as part of the Library of Congress Chronicling America online collection. Description based on: Vol. 2, no. 34 (May 29, 1903).","website":"https://www.loc.gov/item/sn86069667/","first_year":1903,"last_year":1909,"yearStart":1903,"yearEnd":1909,"lccn":"sn86069667","frequency":"weekly","layer":"newspapers"}},{"type":"Feature","geometry":{"type":"Point","coordinates":[-88.973437,37.075745]},"properties":{"id":"lccn-sn88061275","name":"Liberty 19??-19??","title":"Liberty 19??-19??","city":"La Center","county":"Ballard","history":"Weekly Archived issues are available in digital format from the Library of Congress Chronicling America online collection. Description based on: Vol. 1, no. 9 (Feb. 16, 1910).","description":"Weekly Archived issues are available in digital format from the Library of Congress Chronicling America online collection. Description based on: Vol. 1, no. 9 (Feb. 16, 1910).","website":"https://www.loc.gov/item/sn88061275/","first_year":1910,"last_year":1910,"yearStart":1910,"yearEnd":1910,"lccn":"sn88061275","frequency":"weekly","layer":"newspapers"}},{"type":"Feature","geometry":{"type":"Point","coordinates":[-84.578721,37.619336]},"properties":{"id":"lccn-sn86069201","name":"The Central Record 18??-Current","title":"The Central Record 18??-Current","city":"Lancaster","county":"Garrard","history":"Weekly Archived issues are available in digital format as part of the Library of Congress Chronicling America online collection. Description based on: Vol. 5, no. 50 (Apr. 5, 1895).","description":"Weekly Archived issues are available in digital format as part of the Library of Congress Chronicling America online collection. Description based on: Vol. 5, no. 50 (Apr. 5, 1895).","website":"https://www.loc.gov/item/sn86069201/","first_year":1898,"last_year":1922,"yearStart":1898,"yearEnd":1922,"lccn":"sn86069201","frequency":"weekly","layer":"newspapers"}},{"type":"Feature","geometry":{"type":"Point","coordinates":[-84.895387,38.034294]},"properties":{"id":"lccn-sn86069240","name":"It 190?-19??","title":"It 190?-19??","city":"Lawrenceburg","county":"Anderson","history":"Weekly Archived issues are available in digital format as part of the Library of Congress Chronicling America online collection. Description based on: Vol. 1, no. 4 (Nov. 27, 1902).","description":"Weekly Archived issues are available in digital format as part of the Library of Congress Chronicling America online collection. Description based on: Vol. 1, no. 4 (Nov. 27, 1902).","website":"https://www.loc.gov/item/sn86069240/","first_year":1902,"last_year":1903,"yearStart":1902,"yearEnd":1903,"lccn":"sn86069240","frequency":"weekly","layer":"newspapers"}},{"type":"Feature","geometry":{"type":"Point","coordinates":[-84.895387,38.034294]},"properties":{"id":"lccn-sn86069242","name":"The Anderson News 18??-Current","title":"The Anderson News 18??-Current","city":"Lawrenceburg","county":"Anderson","history":"Weekly, Aug. 17, 1978- Description based on: Vol. 7, no. 12 (July 13, 1882).","description":"Weekly, Aug. 17, 1978- Description based on: Vol. 7, no. 12 (July 13, 1882).","website":"https://www.loc.gov/item/sn86069242/","first_year":1885,"last_year":1929,"yearStart":1885,"yearEnd":1929,"lccn":"sn86069242","frequency":"weekly","layer":"newspapers"}},{"type":"Feature","geometry":{"type":"Point","coordinates":[-84.51439,39.12711]},"properties":{"id":"lccn-sn86069867","name":"Blue-Grass Blade 188?-19??","title":"Blue-Grass Blade 188?-19??","city":"Lexington","county":"Fayette","history":"Weekly Published for a short period in Cincinnati, Ohio. Archived issues are available in digital format as part of the Library of Congress Chronicling America online collection. Description based on: Vol. 1, no. 4 (Feb. 6, 1886). Latest issue consulted: Vol. 18, no. 5 (May 30, 1909) (surrogate).","description":"Weekly Published for a short period in Cincinnati, Ohio. Archived issues are available in digital format as part of the Library of Congress Chronicling America online collection. Description based on: Vol. 1, no. 4 (Feb. 6, 1886). Latest issue consulted: Vol. 18, no. 5 (May 30, 1909) (surrogate).","website":"https://www.loc.gov/item/sn86069867/","first_year":1886,"last_year":1910,"yearStart":1886,"yearEnd":1910,"lccn":"sn86069867","frequency":"weekly","layer":"newspapers"}},{"type":"Feature","geometry":{"type":"Point","coordinates":[-84.497021,38.046356]},"properties":{"id":"lccn-sn82014783","name":"Kentucky Gazette","title":"Kentucky Gazette","city":"Lexington","county":"Fayette","history":"Weekly, Jan. 5, 1837-<Nov. 3, 1848> Vol. 22, no. 1224 (Apr. 11, 1809)-v. 26, no. 1369 (Jan. 7, 1812) ; new ser., v. 3, no. 3 (Jan. 14, 1812)-new ser., v. 4, no. 34 (Aug. 24, 1827) ; v. 40, no. 35 (Aug. 31, 1827)- Ceased in 1848. Issues for Jan. 1, 1811-Jan. 7, 1812 called also new ser., v. 2, no. 1-new ser., v. 3, no. 2. Issues for Jan. 14, 1812-Jan. 13, 1826 called also v. 26-40. Issues for Jan. 20, 1826-Aug. 24, 1827 called also whole v. 40. Also issued on microfilm from University Microfilms, Inc., Ann Arbor, MI, and the Library of Congress, Photoduplication Service.","description":"Weekly, Jan. 5, 1837-<Nov. 3, 1848> Vol. 22, no. 1224 (Apr. 11, 1809)-v. 26, no. 1369 (Jan. 7, 1812) ; new ser., v. 3, no. 3 (Jan. 14, 1812)-new ser., v. 4, no. 34 (Aug. 24, 1827) ; v. 40, no. 35 (Aug. 31, 1827)- Ceased in 1848. Issues for Jan. 1, 1811-Jan. 7, 1812 called also new ser., v. 2, no. 1-new ser., v. 3, no. 2. Issues for Jan. 14, 1812-Jan. 13, 1826 called also v. 26-40. Issues for Jan. 20, 1826-Aug. 24, 1827 called also whole v. 40. Also issued on microfilm from University Microfilms, Inc., Ann Arbor, MI, and the Library of Congress, Photoduplication Service.","website":"https://www.loc.gov/item/sn82014783/","first_year":2014,"last_year":2014,"yearStart":2014,"yearEnd":2014,"lccn":"sn82014783","frequency":"weekly","layer":"newspapers"}},{"type":"Feature","geometry":{"type":"Point","coordinates":[-84.497021,38.046356]},"properties":{"id":"lccn-sn84038147","name":"Kentucky Gazette and General Advertiser","title":"Kentucky Gazette and General Advertiser","city":"Lexington","county":"Fayette","history":"Weekly, Jan. 3, 1807-1809 Vol. 16, no. 853 (Jan. 18, 1803)-v. 22, no. 1223 (Apr. 4, 1809). Supplements accompany some issues. Available on microfilm from OmniSys Corp. (for the Library of Virginia). Kentucky gazette (Lexington, Ky. : 1809) 2638-7255 (DLC)sn 82014783 (OCoLC)8797047","description":"Weekly, Jan. 3, 1807-1809 Vol. 16, no. 853 (Jan. 18, 1803)-v. 22, no. 1223 (Apr. 4, 1809). Supplements accompany some issues. Available on microfilm from OmniSys Corp. (for the Library of Virginia). Kentucky gazette (Lexington, Ky. : 1809) 2638-7255 (DLC)sn 82014783 (OCoLC)8797047","website":"https://www.loc.gov/item/sn84038147/","first_year":1803,"last_year":1809,"yearStart":1803,"yearEnd":1809,"lccn":"sn84038147","frequency":"weekly","layer":"newspapers"}},{"type":"Feature","geometry":{"type":"Point","coordinates":[-84.497021,38.046356]},"properties":{"id":"lccn-sn86069070","name":"Lexington Weekly News","title":"Lexington Weekly News","city":"Lexington","county":"Fayette","history":"Weekly Began in 1912. Cf. Ayer, 1918. Archived issues are available in digital format as part of the Library of Congress Chronicling America online collection. Description based on: Vol. 1, no. [3] (Mar. 15, 1912).","description":"Weekly Began in 1912. Cf. Ayer, 1918. Archived issues are available in digital format as part of the Library of Congress Chronicling America online collection. Description based on: Vol. 1, no. [3] (Mar. 15, 1912).","website":"https://www.loc.gov/item/sn86069070/","first_year":1912,"last_year":1912,"yearStart":1912,"yearEnd":1912,"lccn":"sn86069070","frequency":"weekly","layer":"newspapers"}},{"type":"Feature","geometry":{"type":"Point","coordinates":[-84.497021,38.046356]},"properties":{"id":"lccn-sn82014784","name":"The Kentucke Gazette","title":"The Kentucke Gazette","city":"Lexington","county":"Fayette","history":"Weekly Began with Aug. 11, 1787 issue. -v. 2, no. 28 (Mar. 7, 1789). Publishers: John and Fielding Bradford, 1787-1788; John Bradford, 1788-1789. First newspaper published in Kentucky. Cf. Available on microfilm by OmniSys Corp. (for the Library of Virginia). No. 2 (Aug. 18, 1787). Kentucky gazette (Lexington, Ky. : 1789) 2638-7239 (DLC)sn 82014782 (OCoLC)8796976","description":"Weekly Began with Aug. 11, 1787 issue. -v. 2, no. 28 (Mar. 7, 1789). Publishers: John and Fielding Bradford, 1787-1788; John Bradford, 1788-1789. First newspaper published in Kentucky. Cf. Available on microfilm by OmniSys Corp. (for the Library of Virginia). No. 2 (Aug. 18, 1787). Kentucky gazette (Lexington, Ky. : 1789) 2638-7239 (DLC)sn 82014782 (OCoLC)8796976","website":"https://www.loc.gov/item/sn82014784/","first_year":2014,"last_year":2014,"yearStart":2014,"yearEnd":2014,"lccn":"sn82014784","frequency":"weekly","layer":"newspapers"}},{"type":"Feature","geometry":{"type":"Point","coordinates":[-84.497021,38.046356]},"properties":{"id":"lccn-sn82014782","name":"The Kentucky Gazette","title":"The Kentucky Gazette","city":"Lexington","county":"Fayette","history":"Weekly, Jan. 3, 1798-1803 Vol. 2, no. 29 (Mar. 14, 1789)-v. 16, no. 852 (Jan. 11, 1803). Available on microfilm by OmniSys Corp. (for the Library of Virginia). Kentucky gazette and general advertiser 2638-7247 (DLC)sn 84038147 (OCoLC)11189735","description":"Weekly, Jan. 3, 1798-1803 Vol. 2, no. 29 (Mar. 14, 1789)-v. 16, no. 852 (Jan. 11, 1803). Available on microfilm by OmniSys Corp. (for the Library of Virginia). Kentucky gazette and general advertiser 2638-7247 (DLC)sn 84038147 (OCoLC)11189735","website":"https://www.loc.gov/item/sn82014782/","first_year":2014,"last_year":2014,"yearStart":2014,"yearEnd":2014,"lccn":"sn82014782","frequency":"weekly","layer":"newspapers"}},{"type":"Feature","geometry":{"type":"Point","coordinates":[-84.497021,38.046356]},"properties":{"id":"lccn-sn84027460","name":"The Kentucky Gazette","title":"The Kentucky Gazette","city":"Lexington","county":"Fayette","history":"Semiweekly, 1866- New ser., v. [1, no. 1] (June 23, 1866)- Ceased in 1907? Some alternating issues called: Kentucky gazette weekly. Published every Wednesday and Saturday. Issues for June 23, 1866- called also Old ser., v. 52, no. 53- Kentucky evening gazette (DLC)sn 86069088 (OCoLC)13351480","description":"Semiweekly, 1866- New ser., v. [1, no. 1] (June 23, 1866)- Ceased in 1907? Some alternating issues called: Kentucky gazette weekly. Published every Wednesday and Saturday. Issues for June 23, 1866- called also Old ser., v. 52, no. 53- Kentucky evening gazette (DLC)sn 86069088 (OCoLC)13351480","website":"https://www.loc.gov/item/sn84027460/","first_year":1866,"last_year":1902,"yearStart":1866,"yearEnd":1902,"lccn":"sn84027460","frequency":"semiweekly","layer":"newspapers"}},{"type":"Feature","geometry":{"type":"Point","coordinates":[-84.497021,38.046356]},"properties":{"id":"lccn-sn86069074","name":"The Lexington Record","title":"The Lexington Record","city":"Lexington","county":"Fayette","history":"Monthly Began in 1890? Archived issues are available in digital format as part of the Library of Congress Chronicling America online collection. Description based on: Vol. 1, no. 2 (Oct. 1890). Latest issue consulted: Vol. 1, no. 9 (May 1891).","description":"Monthly Began in 1890? Archived issues are available in digital format as part of the Library of Congress Chronicling America online collection. Description based on: Vol. 1, no. 2 (Oct. 1890). Latest issue consulted: Vol. 1, no. 9 (May 1891).","website":"https://www.loc.gov/item/sn86069074/","first_year":1890,"last_year":1891,"yearStart":1890,"yearEnd":1891,"lccn":"sn86069074","frequency":"monthly","layer":"newspapers"}},{"type":"Feature","geometry":{"type":"Point","coordinates":[-84.497021,38.046356]},"properties":{"id":"lccn-sn83025729","name":"The Lexington Standard","title":"The Lexington Standard","city":"Lexington","county":"Fayette","history":"Weekly Began in 1892; ceased in 1912. Editors: W. D. Johnson, 1892-1897; Robert C. O. Benjamin, <January 27, 1900>. Microfilmed by the Library of Congress for the Committee on Negro Studies of the American Council of Learned Societies. Archived issues are available in digital format as part of the Library of Congress Chronicling America online collection. Description based on: 9th yr. (Jan. 27, 1900). Lexington weekly news (Lexington, Ky. : 1912) 2332-4627 (DLC)sn 86069070 (OCoLC)13244309","description":"Weekly Began in 1892; ceased in 1912. Editors: W. D. Johnson, 1892-1897; Robert C. O. Benjamin, <January 27, 1900>. Microfilmed by the Library of Congress for the Committee on Negro Studies of the American Council of Learned Societies. Archived issues are available in digital format as part of the Library of Congress Chronicling America online collection. Description based on: 9th yr. (Jan. 27, 1900). Lexington weekly news (Lexington, Ky. : 1912) 2332-4627 (DLC)sn 86069070 (OCoLC)13244309","website":"https://www.loc.gov/item/sn83025729/","first_year":1900,"last_year":1911,"yearStart":1900,"yearEnd":1911,"lccn":"sn83025729","frequency":"weekly","layer":"newspapers"}},{"type":"Feature","geometry":{"type":"Point","coordinates":[-82.603071,38.114542]},"properties":{"id":"lccn-sn83004226","name":"The Big Sandy News","title":"The Big Sandy News","city":"Louisa","county":"Lawrence","history":"Weekly Vol. 1, no. 1 (Aug. 27, 1885)-v. 45, no. 3 (Oct. 4, 1929). Merged with: Lawrence County recorder, to form: Big Sandy news-recorder. Archived issues are available in digital format from the Library of Congress Chronicling America online collection. Lawrence County recorder (DLC)sn 85052059 (OCoLC)12183663 Big Sandy news-recorder (DLC)sn 85052056 (OCoLC)12183249","description":"Weekly Vol. 1, no. 1 (Aug. 27, 1885)-v. 45, no. 3 (Oct. 4, 1929). Merged with: Lawrence County recorder, to form: Big Sandy news-recorder. Archived issues are available in digital format from the Library of Congress Chronicling America online collection. Lawrence County recorder (DLC)sn 85052059 (OCoLC)12183663 Big Sandy news-recorder (DLC)sn 85052056 (OCoLC)12183249","website":"https://www.loc.gov/item/sn83004226/","first_year":1885,"last_year":1922,"yearStart":1885,"yearEnd":1922,"lccn":"sn83004226","frequency":"weekly","layer":"newspapers"}},{"type":"Feature","geometry":{"type":"Point","coordinates":[-85.751569,38.256078]},"properties":{"id":"lccn-sn93062854","name":"American Baptist","title":"American Baptist","city":"Louisville","county":"Jefferson","history":"Weekly Began in 1879? Archived issues are available in digital format from the Library of Congress Chronicling America online collection. Description based on: Vol. 25, no. 15 (Apr. 10, 1903). Latest issue consulted: Vol. 121, no. 13 (Mar. 22, 1991).","description":"Weekly Began in 1879? Archived issues are available in digital format from the Library of Congress Chronicling America online collection. Description based on: Vol. 25, no. 15 (Apr. 10, 1903). Latest issue consulted: Vol. 121, no. 13 (Mar. 22, 1991).","website":"https://www.loc.gov/item/sn93062854/","first_year":1903,"last_year":1904,"yearStart":1903,"yearEnd":1904,"lccn":"sn93062854","frequency":"weekly","layer":"newspapers"}},{"type":"Feature","geometry":{"type":"Point","coordinates":[-85.751569,38.256078]},"properties":{"id":"lccn-sn86069180","name":"Kentucky Irish American","title":"Kentucky Irish American","city":"Louisville","county":"Jefferson","history":"Weekly Vol. 1, no. 1 (July 4, 1898)-v. 140, no. 22 (Nov. 30, 1968). Archived issues are available in digital format from the Library of Congress Chronicling America online collection.","description":"Weekly Vol. 1, no. 1 (July 4, 1898)-v. 140, no. 22 (Nov. 30, 1968). Archived issues are available in digital format from the Library of Congress Chronicling America online collection.","website":"https://www.loc.gov/item/sn86069180/","first_year":1898,"last_year":1921,"yearStart":1898,"yearEnd":1921,"lccn":"sn86069180","frequency":"weekly","layer":"newspapers"}},{"type":"Feature","geometry":{"type":"Point","coordinates":[-85.751569,38.256078]},"properties":{"id":"lccn-sn83045285","name":"Louisville Anzeiger 184?-1938","title":"Louisville Anzeiger 184?-1938","city":"Louisville","county":"Jefferson","history":"Weekly, 1937-1938 -Jahrg. 90 (4. Marz 1938). Called: \"Tägliche Ausgabe,\" <Sept. 10, 1874>. Publishers: Georg Philip Doern, 1849-1877; Louisville Anzeiger Co., 1877-1938. Editors: Otto Scheeffer, 1849-1852; Louis Stierlin, 1851-1852, 1856-1870; Theodor Dietsch, 1852-1853; Ludwig Wittig, 1853-1854; Karl Resch, 1854-1856; W.B. Schirach, <1874-1877>. In German, some notices in English. Weekly eds.: Louisville Anzeiger (Louisville, Ky. : Weekly); Südliche Anzeiger (non-extant?). Cf. Arndt & Olson. German lang. press. Sunday ed.: Westliche Blätter. Cf. Arndt & Olson. German lang. press.","description":"Weekly, 1937-1938 -Jahrg. 90 (4. Marz 1938). Called: \"Tägliche Ausgabe,\" <Sept. 10, 1874>. Publishers: Georg Philip Doern, 1849-1877; Louisville Anzeiger Co., 1877-1938. Editors: Otto Scheeffer, 1849-1852; Louis Stierlin, 1851-1852, 1856-1870; Theodor Dietsch, 1852-1853; Ludwig Wittig, 1853-1854; Karl Resch, 1854-1856; W.B. Schirach, <1874-1877>. In German, some notices in English. Weekly eds.: Louisville Anzeiger (Louisville, Ky. : Weekly); Südliche Anzeiger (non-extant?). Cf. Arndt & Olson. German lang. press. Sunday ed.: Westliche Blätter. Cf. Arndt & Olson. German lang. press.","website":"https://www.loc.gov/item/sn83045285/","first_year":1849,"last_year":1928,"yearStart":1849,"yearEnd":1928,"lccn":"sn83045285","frequency":"weekly","layer":"newspapers"}},{"type":"Feature","geometry":{"type":"Point","coordinates":[-85.751569,38.256078]},"properties":{"id":"lccn-sn84038556","name":"Louisville Weekly Courier","title":"Louisville Weekly Courier","city":"Louisville","county":"Jefferson","history":"Weekly Vol. 3, no. 41 (Oct. 10, 1846)- = whole no. 152- Ceased Nov. 11, 1868. Louisville weekly journal (DLC)sn 82016286 Louisville weekly courier-journal (DLC)sn 84038557","description":"Weekly Vol. 3, no. 41 (Oct. 10, 1846)- = whole no. 152- Ceased Nov. 11, 1868. Louisville weekly journal (DLC)sn 82016286 Louisville weekly courier-journal (DLC)sn 84038557","website":"https://www.loc.gov/item/sn84038556/","first_year":1859,"last_year":1865,"yearStart":1859,"yearEnd":1865,"lccn":"sn84038556","frequency":"weekly","layer":"newspapers"}},{"type":"Feature","geometry":{"type":"Point","coordinates":[-85.751569,38.256078]},"properties":{"id":"lccn-sn82016286","name":"Louisville Weekly Journal","title":"Louisville Weekly Journal","city":"Louisville","county":"Jefferson","history":"Weekly Began in 1840? Ceased Nov. 1, 1868. Merged with: Louisville weekly courier, to form: Louisville weekly courier-journal. Description based on: Vol. 10, no. 21 (May 13, 1840). Louisville weekly courier (DLC)sn 84038556 Louisville weekly courier-journal (DLC)sn 84038557","description":"Weekly Began in 1840? Ceased Nov. 1, 1868. Merged with: Louisville weekly courier, to form: Louisville weekly courier-journal. Description based on: Vol. 10, no. 21 (May 13, 1840). Louisville weekly courier (DLC)sn 84038556 Louisville weekly courier-journal (DLC)sn 84038557","website":"https://www.loc.gov/item/sn82016286/","first_year":2016,"last_year":2016,"yearStart":2016,"yearEnd":2016,"lccn":"sn82016286","frequency":"weekly","layer":"newspapers"}},{"type":"Feature","geometry":{"type":"Point","coordinates":[-85.726632,38.298859]},"properties":{"id":"lccn-sn2007058207","name":"Ohio Valley Worker : Official Paper of the Federated Trades Council of Louisville, Trades and Labor Council of New Albany, Central Labor Union of Jeffersonville","title":"Ohio Valley Worker : Official Paper of the Federated Trades Council of Louisville, Trades and Labor Council of New Albany, Central Labor Union of Jeffersonville","city":"Louisville","county":"Jefferson","history":"Weekly Archived issues are available in digital format as part of the Library of Congress Chronicling America online collection. Description based on: Vol. 1, no. 33 (Sept. 10, 1904).","description":"Weekly Archived issues are available in digital format as part of the Library of Congress Chronicling America online collection. Description based on: Vol. 1, no. 33 (Sept. 10, 1904).","website":"https://www.loc.gov/item/sn2007058207/","first_year":2007,"last_year":2007,"yearStart":2007,"yearEnd":2007,"lccn":"sn2007058207","frequency":"weekly","layer":"newspapers"}},{"type":"Feature","geometry":{"type":"Point","coordinates":[-85.751569,38.256078]},"properties":{"id":"lccn-sn87060184","name":"Omnibus","title":"Omnibus","city":"Louisville","county":"Jefferson","history":"Weekly [Jahrg. 1], Nr. 1 (1. Jan. 1867)- In German.","description":"Weekly [Jahrg. 1], Nr. 1 (1. Jan. 1867)- In German.","website":"https://www.loc.gov/item/sn87060184/","first_year":1866,"last_year":1883,"yearStart":1866,"yearEnd":1883,"lccn":"sn87060184","frequency":"weekly","layer":"newspapers"}},{"type":"Feature","geometry":{"type":"Point","coordinates":[-85.751569,38.256078]},"properties":{"id":"lccn-sn83016361","name":"The Bulletin 18??-18??","title":"The Bulletin 18??-18??","city":"Louisville","county":"Jefferson","history":"Weekly Microfilmed by the Library of Congress for the Committee on Negro Studies of the American Council of Learned Societies. Archived issues are available in digital format from the Library of Congress Chronicling America online collection. Description based on: Vol. 5, no. 17 (Sept. 24, 1881).","description":"Weekly Microfilmed by the Library of Congress for the Committee on Negro Studies of the American Council of Learned Societies. Archived issues are available in digital format from the Library of Congress Chronicling America online collection. Description based on: Vol. 5, no. 17 (Sept. 24, 1881).","website":"https://www.loc.gov/item/sn83016361/","first_year":1881,"last_year":1881,"yearStart":1881,"yearEnd":1881,"lccn":"sn83016361","frequency":"weekly","layer":"newspapers"}},{"type":"Feature","geometry":{"type":"Point","coordinates":[-85.234475,38.212255]},"properties":{"id":"lccn-sn83045188","name":"The Courier-Journal","title":"The Courier-Journal","city":"Louisville","county":"Jefferson","history":"Daily Vol. 39, new ser., no. 217 (Mar. 7/8, 1869)-v. 172, new ser., no. 26,298 (Dec. 31, 1940) ; v. 173, no. 1 (Jan. 1, 1941)- Issue for Jan. 1, 1942 classified as a serial in LC. Sunday and holiday issues published jointly with: Louisville times (Louisville, Ky. : 1885), as: Courier-journal & times, Feb. 5, 1967-Oct. 9, 1977. Published a centennial ed. insert Nov. 20, 1960 called: The Civil War in Kentucky. Some days represented also by: Kentucky or State eds., Indiana ed., and Early ed. Issue for Sept. 16, 1881 called also minature ed.; issue for Mar.","description":"Daily Vol. 39, new ser., no. 217 (Mar. 7/8, 1869)-v. 172, new ser., no. 26,298 (Dec. 31, 1940) ; v. 173, no. 1 (Jan. 1, 1941)- Issue for Jan. 1, 1942 classified as a serial in LC. Sunday and holiday issues published jointly with: Louisville times (Louisville, Ky. : 1885), as: Courier-journal & times, Feb. 5, 1967-Oct. 9, 1977. Published a centennial ed. insert Nov. 20, 1960 called: The Civil War in Kentucky. Some days represented also by: Kentucky or State eds., Indiana ed., and Early ed. Issue for Sept. 16, 1881 called also minature ed.; issue for Mar.","website":"https://www.loc.gov/item/sn83045188/","first_year":1893,"last_year":1908,"yearStart":1893,"yearEnd":1908,"lccn":"sn83045188","frequency":"daily","layer":"newspapers"}},{"type":"Feature","geometry":{"type":"Point","coordinates":[-85.751569,38.256078]},"properties":{"id":"lccn-sn82015050","name":"The Examiner","title":"The Examiner","city":"Louisville","county":"Jefferson","history":"Weekly Vol. 1, no. 1 (June 19, 1847)-v. 3, whole no. 130 (Dec. 8, 1849). Anti-slavery. Editors: John C. Vaughan, 1847-1848; F. Cosby, 1848-1849; John H. Heywood, 1848-1849; Noble Butler, 1848-1849. Archived issues are available in digital format as part of the Library of Congress Chronicling America online collection. Louisville examiner (DLC)sn 86069153 (OCoLC)13655967","description":"Weekly Vol. 1, no. 1 (June 19, 1847)-v. 3, whole no. 130 (Dec. 8, 1849). Anti-slavery. Editors: John C. Vaughan, 1847-1848; F. Cosby, 1848-1849; John H. Heywood, 1848-1849; Noble Butler, 1848-1849. Archived issues are available in digital format as part of the Library of Congress Chronicling America online collection. Louisville examiner (DLC)sn 86069153 (OCoLC)13655967","website":"https://www.loc.gov/item/sn82015050/","first_year":2015,"last_year":2015,"yearStart":2015,"yearEnd":2015,"lccn":"sn82015050","frequency":"weekly","layer":"newspapers"}},{"type":"Feature","geometry":{"type":"Point","coordinates":[-86.779054,36.166349]},"properties":{"id":"lccn-sn82016258","name":"The Louisville Daily Courier","title":"The Louisville Daily Courier","city":"Louisville","county":"Jefferson","history":"Daily (except Sunday) Vol. 13, no. 100 (Jan. 1, 1851)- Ceased Nov. 7, 1868? Published: Bowling Green, Ky., <1861>; Nashville, Tenn., <1861>-1862. Suspended after the fall of Nashville in Feb. 1862; resumed with Dec. 4, 1865 issue. Also issued on microfilm from Bell & Howell and Readex Film Products. Merged with: Louisville daily journal (Louisville, Ky. : 1833); to form: Louisville courier-journal (Louisville, Ky. : Daily). Louisville daily journal (Louisville, Ky. : 1833) (DLC)sn 84027471 (OCoLC)11207218 Louisville courier-journal (Louisville, Ky. : Daily) (DLC)sn 82015931 (OCoLC)8833596","description":"Daily (except Sunday) Vol. 13, no. 100 (Jan. 1, 1851)- Ceased Nov. 7, 1868? Published: Bowling Green, Ky., <1861>; Nashville, Tenn., <1861>-1862. Suspended after the fall of Nashville in Feb. 1862; resumed with Dec. 4, 1865 issue. Also issued on microfilm from Bell & Howell and Readex Film Products. Merged with: Louisville daily journal (Louisville, Ky. : 1833); to form: Louisville courier-journal (Louisville, Ky. : Daily). Louisville daily journal (Louisville, Ky. : 1833) (DLC)sn 84027471 (OCoLC)11207218 Louisville courier-journal (Louisville, Ky. : Daily) (DLC)sn 82015931 (OCoLC)8833596","website":"https://www.loc.gov/item/sn82016258/","first_year":2016,"last_year":2016,"yearStart":2016,"yearEnd":2016,"lccn":"sn82016258","frequency":"daily","layer":"newspapers"}},{"type":"Feature","geometry":{"type":"Point","coordinates":[-85.751569,38.256078]},"properties":{"id":"lccn-sn84027471","name":"The Louisville Daily Journal","title":"The Louisville Daily Journal","city":"Louisville","county":"Jefferson","history":"Daily Began in 1833. -v. 38, no. 295 (Nov. 7, 1868). Published as: Louisville journal, with no masthead <Dec. 31, 1838>-Mar. 18, 1839. Publishers: Prentice & Weissinger, <1840>; Prentice, Henderson & Osborne, <Jan. 3, 1860>-May 17, 1867; Journal Office Co., May 18, 1867; Louisville Journal Co., May 20, 1867-<1868> Available on microfilm from Bell & Howell. Evening eds.: Louisville evening bulletin; Evening bulletin (Louisville, Ky.). Campaign ed.: Louisville journal, extra. Merged with: Louisville daily courier (Louisville, Ky. : 1851), to form: Louisville courier-journal (Louisville, Ky.","description":"Daily Began in 1833. -v. 38, no. 295 (Nov. 7, 1868). Published as: Louisville journal, with no masthead <Dec. 31, 1838>-Mar. 18, 1839. Publishers: Prentice & Weissinger, <1840>; Prentice, Henderson & Osborne, <Jan. 3, 1860>-May 17, 1867; Journal Office Co., May 18, 1867; Louisville Journal Co., May 20, 1867-<1868> Available on microfilm from Bell & Howell. Evening eds.: Louisville evening bulletin; Evening bulletin (Louisville, Ky.). Campaign ed.: Louisville journal, extra. Merged with: Louisville daily courier (Louisville, Ky. : 1851), to form: Louisville courier-journal (Louisville, Ky.","website":"https://www.loc.gov/item/sn84027471/","first_year":1836,"last_year":1937,"yearStart":1836,"yearEnd":1937,"lccn":"sn84027471","frequency":"daily","layer":"newspapers"}},{"type":"Feature","geometry":{"type":"Point","coordinates":[-85.751569,38.256078]},"properties":{"id":"lccn-sn84025830","name":"The Ohio Falls Express","title":"The Ohio Falls Express","city":"Louisville","county":"Jefferson","history":"Weekly Began in 1878. Microfilmed by the Library of Congress for the Committee on Negro Studies of the American Council of Learned Societies. Description based on: Vol. 5, no. 42 (July 12, 1884).","description":"Weekly Began in 1878. Microfilmed by the Library of Congress for the Committee on Negro Studies of the American Council of Learned Societies. Description based on: Vol. 5, no. 42 (July 12, 1884).","website":"https://www.loc.gov/item/sn84025830/","first_year":1891,"last_year":1891,"yearStart":1891,"yearEnd":1891,"lccn":"sn84025830","frequency":"weekly","layer":"newspapers"}},{"type":"Feature","geometry":{"type":"Point","coordinates":[-85.751569,38.256078]},"properties":{"id":"lccn-sn86063243","name":"The Twice-A-Week Courier-Journal","title":"The Twice-A-Week Courier-Journal","city":"Louisville","county":"Jefferson","history":"Semiweekly Vol. 58, whole no. 2,965 = new ser. no. 1 (Jan. 2, 1897)- \"News edition issued Wednesday. Family edition issued Saturday.\"","description":"Semiweekly Vol. 58, whole no. 2,965 = new ser. no. 1 (Jan. 2, 1897)- \"News edition issued Wednesday. Family edition issued Saturday.\"","website":"https://www.loc.gov/item/sn86063243/","first_year":1897,"last_year":1902,"yearStart":1897,"yearEnd":1902,"lccn":"sn86063243","frequency":"semiweekly","layer":"newspapers"}},{"type":"Feature","geometry":{"type":"Point","coordinates":[-85.751569,38.256078]},"properties":{"id":"lccn-sn84038560","name":"Weekly Courier-Journal","title":"Weekly Courier-Journal","city":"Louisville","county":"Jefferson","history":"Weekly Vol. 35, new ser., no. 1 (Jan. 7, 1874)- = whole no. 1414- Ceased in 1917?","description":"Weekly Vol. 35, new ser., no. 1 (Jan. 7, 1874)- = whole no. 1414- Ceased in 1917?","website":"https://www.loc.gov/item/sn84038560/","first_year":1872,"last_year":1908,"yearStart":1872,"yearEnd":1908,"lccn":"sn84038560","frequency":"weekly","layer":"newspapers"}},{"type":"Feature","geometry":{"type":"Point","coordinates":[-88.08132,37.332986]},"properties":{"id":"lccn-sn86069457","name":"Crittenden Press","title":"Crittenden Press","city":"Marion","county":"Crittenden","history":"Weekly -v. 28, no. 36 (Feb. 7, 1907). Began in 1879? Archived issues are available in digital format as part of the Library of Congress Chronicling America online collection. Description based on: Vol. 1, no. 4 (June 24, 1879). Crittenden record 2332-5305 (DLC)sn 86069456 (OCoLC)14173641 Crittenden record=press (Marion, Ky. : 1907) 2157-6416 (DLC)sn 86069458 (OCoLC)14173746","description":"Weekly -v. 28, no. 36 (Feb. 7, 1907). Began in 1879? Archived issues are available in digital format as part of the Library of Congress Chronicling America online collection. Description based on: Vol. 1, no. 4 (June 24, 1879). Crittenden record 2332-5305 (DLC)sn 86069456 (OCoLC)14173641 Crittenden record=press (Marion, Ky. : 1907) 2157-6416 (DLC)sn 86069458 (OCoLC)14173746","website":"https://www.loc.gov/item/sn86069457/","first_year":1886,"last_year":1907,"yearStart":1886,"yearEnd":1907,"lccn":"sn86069457","frequency":"weekly","layer":"newspapers"}},{"type":"Feature","geometry":{"type":"Point","coordinates":[-88.08132,37.332986]},"properties":{"id":"lccn-sn86069460","name":"Crittenden Record-Press","title":"Crittenden Record-Press","city":"Marion","county":"Crittenden","history":"Weekly Began in Sept. 1909. Archived issues are available in digital format as part of the Library of Congress Chronicling America online collection. Description based on: Vol. 31, no. 22 (Sept. 23, 1909). Crittenden press (Marion, Ky. : 1919) 2332-5321 (DLC)sn 86069461 (OCoLC)14183519","description":"Weekly Began in Sept. 1909. Archived issues are available in digital format as part of the Library of Congress Chronicling America online collection. Description based on: Vol. 31, no. 22 (Sept. 23, 1909). Crittenden press (Marion, Ky. : 1919) 2332-5321 (DLC)sn 86069461 (OCoLC)14183519","website":"https://www.loc.gov/item/sn86069460/","first_year":1909,"last_year":1918,"yearStart":1909,"yearEnd":1918,"lccn":"sn86069460","frequency":"weekly","layer":"newspapers"}},{"type":"Feature","geometry":{"type":"Point","coordinates":[-88.08132,37.332986]},"properties":{"id":"lccn-sn86069458","name":"Crittenden Record=press","title":"Crittenden Record=press","city":"Marion","county":"Crittenden","history":"Weekly Vol. 28, no. 37 (Feb. 14, 1907)-v. 31, no. 10 (Aug. 5, 1909). Issue for Feb. 14, 1907 published as: Crittenden press=record. Continues the numbering of Crittenden press (Marion, Ky. : 1879). Archived issues are available in digital format as part of the Library of Congress Chronicling America online collection. Twice-a-week record-press 2157-6408 (DLC)sn 86069459 (OCoLC)14174270","description":"Weekly Vol. 28, no. 37 (Feb. 14, 1907)-v. 31, no. 10 (Aug. 5, 1909). Issue for Feb. 14, 1907 published as: Crittenden press=record. Continues the numbering of Crittenden press (Marion, Ky. : 1879). Archived issues are available in digital format as part of the Library of Congress Chronicling America online collection. Twice-a-week record-press 2157-6408 (DLC)sn 86069459 (OCoLC)14174270","website":"https://www.loc.gov/item/sn86069458/","first_year":1907,"last_year":1909,"yearStart":1907,"yearEnd":1909,"lccn":"sn86069458","frequency":"weekly","layer":"newspapers"}},{"type":"Feature","geometry":{"type":"Point","coordinates":[-88.08132,37.332986]},"properties":{"id":"lccn-sn86069461","name":"The Crittenden Press","title":"The Crittenden Press","city":"Marion","county":"Crittenden","history":"Weekly Began in 1919? Archived issues are available in digital format as part of the Library of Congress Chronicling America online collection. Description based on: Vol. 42, no. 5 (Aug. 29, 1919). Latest issue consulted: Vol. 141, no. 37 (Sept. 15, 2022) (surrogate).","description":"Weekly Began in 1919? Archived issues are available in digital format as part of the Library of Congress Chronicling America online collection. Description based on: Vol. 42, no. 5 (Aug. 29, 1919). Latest issue consulted: Vol. 141, no. 37 (Sept. 15, 2022) (surrogate).","website":"https://www.loc.gov/item/sn86069461/","first_year":1919,"last_year":1922,"yearStart":1919,"yearEnd":1922,"lccn":"sn86069461","frequency":"weekly","layer":"newspapers"}},{"type":"Feature","geometry":{"type":"Point","coordinates":[-88.08132,37.332986]},"properties":{"id":"lccn-sn86069456","name":"The Crittenden Record","title":"The Crittenden Record","city":"Marion","county":"Crittenden","history":"Weekly Vol. 1, no. 1 (July 15, 1904)-v. 3, no. 30 (Feb. 8, 1907). Archived issues are available in digital format as part of the Library of Congress Chronicling America online collection. Crittenden press (Marion, Ky. : 1879) 2151-4461 (DLC)sn 86069457 (OCoLC)14173848 Crittenden record=press (Marion, Ky. : 1907) 2157-6416 (DLC)sn 86069458 (OCoLC)14173746","description":"Weekly Vol. 1, no. 1 (July 15, 1904)-v. 3, no. 30 (Feb. 8, 1907). Archived issues are available in digital format as part of the Library of Congress Chronicling America online collection. Crittenden press (Marion, Ky. : 1879) 2151-4461 (DLC)sn 86069457 (OCoLC)14173848 Crittenden record=press (Marion, Ky. : 1907) 2157-6416 (DLC)sn 86069458 (OCoLC)14173746","website":"https://www.loc.gov/item/sn86069456/","first_year":1904,"last_year":1907,"yearStart":1904,"yearEnd":1907,"lccn":"sn86069456","frequency":"weekly","layer":"newspapers"}},{"type":"Feature","geometry":{"type":"Point","coordinates":[-88.08132,37.332986]},"properties":{"id":"lccn-sn86069459","name":"Twice-A-Week Record-Press","title":"Twice-A-Week Record-Press","city":"Marion","county":"Crittenden","history":"Semiweekly Vol. 31, no. 11 (Aug. 10, 1909)- Ceased in Sept. 1909. Archived issues are available in digital format as part of the Library of Congress Chronicling America online collection. Crittenden record-press (Marion, Ky. : 1909) 2157-6394 (DLC)sn 86069460 (OCoLC)14173908","description":"Semiweekly Vol. 31, no. 11 (Aug. 10, 1909)- Ceased in Sept. 1909. Archived issues are available in digital format as part of the Library of Congress Chronicling America online collection. Crittenden record-press (Marion, Ky. : 1909) 2157-6394 (DLC)sn 86069460 (OCoLC)14173908","website":"https://www.loc.gov/item/sn86069459/","first_year":1909,"last_year":1909,"yearStart":1909,"yearEnd":1909,"lccn":"sn86069459","frequency":"semiweekly","layer":"newspapers"}},{"type":"Feature","geometry":{"type":"Point","coordinates":[-83.784323,38.639885]},"properties":{"id":"lccn-sn86069124","name":"Daily Evening Bulletin","title":"Daily Evening Bulletin","city":"Maysville","county":"Mason","history":"Daily Began in 1881? -v. 1, no. 75 (Feb. 17, 1882). Archived issues are available in digital format as part of the Library of Congress Chronicling America online collection. Weekly ed.: Maysville bulletin. Description based on: Vol. 1, no. 3 (Nov. 24, 1881). Evening bulletin (Maysville, Ky. : 1882) 2157-6432 (DLC)sn 86069125 (OCoLC)13576417","description":"Daily Began in 1881? -v. 1, no. 75 (Feb. 17, 1882). Archived issues are available in digital format as part of the Library of Congress Chronicling America online collection. Weekly ed.: Maysville bulletin. Description based on: Vol. 1, no. 3 (Nov. 24, 1881). Evening bulletin (Maysville, Ky. : 1882) 2157-6432 (DLC)sn 86069125 (OCoLC)13576417","website":"https://www.loc.gov/item/sn86069124/","first_year":1881,"last_year":1882,"yearStart":1881,"yearEnd":1882,"lccn":"sn86069124","frequency":"daily","layer":"newspapers"}},{"type":"Feature","geometry":{"type":"Point","coordinates":[-83.784323,38.639885]},"properties":{"id":"lccn-sn87060189","name":"Daily Evening Bulletin","title":"Daily Evening Bulletin","city":"Maysville","county":"Mason","history":"Daily (except Sun.) Vol. 2, no. 106 (Mar. 26, 1883)-v. 6, no. 291 (Nov. 1, 1887). Archived issues are available in digital format as part of the Library of Congress Chronicling America online collection. Weekly ed.: Maysville bulletin. Evening bulletin (Maysville, Ky. : 1887) 2157-488X (DLC)sn 87060190 (OCoLC)15471894","description":"Daily (except Sun.) Vol. 2, no. 106 (Mar. 26, 1883)-v. 6, no. 291 (Nov. 1, 1887). Archived issues are available in digital format as part of the Library of Congress Chronicling America online collection. Weekly ed.: Maysville bulletin. Evening bulletin (Maysville, Ky. : 1887) 2157-488X (DLC)sn 87060190 (OCoLC)15471894","website":"https://www.loc.gov/item/sn87060189/","first_year":1883,"last_year":1887,"yearStart":1883,"yearEnd":1887,"lccn":"sn87060189","frequency":"daily","layer":"newspapers"}},{"type":"Feature","geometry":{"type":"Point","coordinates":[-83.784323,38.639885]},"properties":{"id":"lccn-sn86069117","name":"Daily Public Ledger","title":"Daily Public Ledger","city":"Maysville","county":"Mason","history":"Daily (except Sun.) Began in 1892; ceased 1912. Cf Ayer. Industrial supplement edited and compiled by Albert E. Walker, Apr. 9, 1910. \"Maysville Republican\" appears in ornament. Editor: Thomas A. Davis. Archived issues are available in digital format as part of the Library of Congress Chronicling America online collection. Description based on: 1st year (Apr. 6, 1892.). Public ledger (Maysville, Ky.) 2159-3779 (DLC)sn 85038022 (OCoLC)11737644","description":"Daily (except Sun.) Began in 1892; ceased 1912. Cf Ayer. Industrial supplement edited and compiled by Albert E. Walker, Apr. 9, 1910. \"Maysville Republican\" appears in ornament. Editor: Thomas A. Davis. Archived issues are available in digital format as part of the Library of Congress Chronicling America online collection. Description based on: 1st year (Apr. 6, 1892.). Public ledger (Maysville, Ky.) 2159-3779 (DLC)sn 85038022 (OCoLC)11737644","website":"https://www.loc.gov/item/sn86069117/","first_year":1892,"last_year":1912,"yearStart":1892,"yearEnd":1912,"lccn":"sn86069117","frequency":"daily","layer":"newspapers"}},{"type":"Feature","geometry":{"type":"Point","coordinates":[-83.784323,38.639885]},"properties":{"id":"lccn-sn86069125","name":"Evening Bulletin","title":"Evening Bulletin","city":"Maysville","county":"Mason","history":"Daily Vol. 1, no. 76 (Feb. 18, 1882)-v. 2, no. 105 (Mar. 24, 1883). Sometimes called: Daily evening bulletin. Archived issues are available in digital format as part of the Library of Congress Chronicling America online collection. Weekly ed.: Maysville bulletin. Daily evening bulletin (Maysville, Ky. : 1883) 2157-4944 (DLC)sn 87060189 (OCoLC)15471717","description":"Daily Vol. 1, no. 76 (Feb. 18, 1882)-v. 2, no. 105 (Mar. 24, 1883). Sometimes called: Daily evening bulletin. Archived issues are available in digital format as part of the Library of Congress Chronicling America online collection. Weekly ed.: Maysville bulletin. Daily evening bulletin (Maysville, Ky. : 1883) 2157-4944 (DLC)sn 87060189 (OCoLC)15471717","website":"https://www.loc.gov/item/sn86069125/","first_year":1882,"last_year":1883,"yearStart":1882,"yearEnd":1883,"lccn":"sn86069125","frequency":"daily","layer":"newspapers"}},{"type":"Feature","geometry":{"type":"Point","coordinates":[-83.784323,38.639885]},"properties":{"id":"lccn-sn84038223","name":"Maysville Weekly Bulletin","title":"Maysville Weekly Bulletin","city":"Maysville","county":"Mason","history":"Weekly Vol. 2, no. 46 (May 6, 1864)-v. 4, no. [2] (Mar. 1, 1866). Published as: Bulletin, Oct. 13, 1864-Oct. 27, 1864. Recorded in reference source as: Maysville bulletin. Cf. Gregory, W. Amer. newspapers. Publication suspended Oct. 28, 1864-Jan. 25, 1865. Archived issues are available in digital format as part of the Library of Congress Chronicling America online collection. Maysville bulletin (DLC)sn 84027430 (OCoLC)11132437","description":"Weekly Vol. 2, no. 46 (May 6, 1864)-v. 4, no. [2] (Mar. 1, 1866). Published as: Bulletin, Oct. 13, 1864-Oct. 27, 1864. Recorded in reference source as: Maysville bulletin. Cf. Gregory, W. Amer. newspapers. Publication suspended Oct. 28, 1864-Jan. 25, 1865. Archived issues are available in digital format as part of the Library of Congress Chronicling America online collection. Maysville bulletin (DLC)sn 84027430 (OCoLC)11132437","website":"https://www.loc.gov/item/sn84038223/","first_year":1864,"last_year":1864,"yearStart":1864,"yearEnd":1864,"lccn":"sn84038223","frequency":"weekly","layer":"newspapers"}},{"type":"Feature","geometry":{"type":"Point","coordinates":[-83.784323,38.639885]},"properties":{"id":"lccn-sn86069123","name":"The Dollar Weekly Bulletin","title":"The Dollar Weekly Bulletin","city":"Maysville","county":"Mason","history":"Weekly Vol. 1, no. 1 (June 19, 1862)-v. 2, no. 45 (Apr. 28, 1864). Archived issues are available in digital format as part of the Library of Congress Chronicling America online collection. Maysville weekly bulletin 2332-4600 (DLC)sn 84038223 (OCoLC)11223055","description":"Weekly Vol. 1, no. 1 (June 19, 1862)-v. 2, no. 45 (Apr. 28, 1864). Archived issues are available in digital format as part of the Library of Congress Chronicling America online collection. Maysville weekly bulletin 2332-4600 (DLC)sn 84038223 (OCoLC)11223055","website":"https://www.loc.gov/item/sn86069123/","first_year":1862,"last_year":1864,"yearStart":1862,"yearEnd":1864,"lccn":"sn86069123","frequency":"weekly","layer":"newspapers"}},{"type":"Feature","geometry":{"type":"Point","coordinates":[-83.784323,38.639885]},"properties":{"id":"lccn-sn87060190","name":"The Evening Bulletin","title":"The Evening Bulletin","city":"Maysville","county":"Mason","history":"Daily (except Sun.) Vol. 6, no. 292 (Nov. 2, 1887)-v. 24, no. 93 (Mar. 11, 1905). Archived issues are available in digital format as part of the Library of Congress Chronicling America online collection. Weekly ed.: Maysville bulletin. Daily bulletin (Maysville, Ky.) (DLC)sn 85038021 (OCoLC)11737552","description":"Daily (except Sun.) Vol. 6, no. 292 (Nov. 2, 1887)-v. 24, no. 93 (Mar. 11, 1905). Archived issues are available in digital format as part of the Library of Congress Chronicling America online collection. Weekly ed.: Maysville bulletin. Daily bulletin (Maysville, Ky.) (DLC)sn 85038021 (OCoLC)11737552","website":"https://www.loc.gov/item/sn87060190/","first_year":1887,"last_year":1904,"yearStart":1887,"yearEnd":1904,"lccn":"sn87060190","frequency":"daily","layer":"newspapers"}},{"type":"Feature","geometry":{"type":"Point","coordinates":[-83.784323,38.639885]},"properties":{"id":"lccn-sn85038022","name":"The Public Ledger","title":"The Public Ledger","city":"Maysville","county":"Mason","history":"Daily (except Sun.) Began in 1913? -Sept. 30, 1968. Logo title: Daily public ledger; Daily Maysville Republican public ledger. Two editions daily. Archived issues are available in digital format as part of the Library of Congress Chronicling America online collection. Description based on: Sept. 4, 1913. Daily independent (Maysville, Ky.) (DLC)sn 82014711 (OCoLC)8791818 Public ledger the daily independent (DLC)sn 86069118 (OCoLC)13567059","description":"Daily (except Sun.) Began in 1913? -Sept. 30, 1968. Logo title: Daily public ledger; Daily Maysville Republican public ledger. Two editions daily. Archived issues are available in digital format as part of the Library of Congress Chronicling America online collection. Description based on: Sept. 4, 1913. Daily independent (Maysville, Ky.) (DLC)sn 82014711 (OCoLC)8791818 Public ledger the daily independent (DLC)sn 86069118 (OCoLC)13567059","website":"https://www.loc.gov/item/sn85038022/","first_year":1914,"last_year":1922,"yearStart":1914,"yearEnd":1922,"lccn":"sn85038022","frequency":"daily","layer":"newspapers"}},{"type":"Feature","geometry":{"type":"Point","coordinates":[-83.71443,36.608606]},"properties":{"id":"lccn-sn86069530","name":"Cumberland Republican","title":"Cumberland Republican","city":"Middlesboro","county":"Bell","history":"Weekly Vol. 1, no. 1 (May 28, 1891)-","description":"Weekly Vol. 1, no. 1 (May 28, 1891)-","website":"https://www.loc.gov/item/sn86069530/","first_year":1891,"last_year":1891,"yearStart":1891,"yearEnd":1891,"lccn":"sn86069530","frequency":"weekly","layer":"newspapers"}},{"type":"Feature","geometry":{"type":"Point","coordinates":[-83.71443,36.608606]},"properties":{"id":"lccn-sn86069533","name":"Mining Journal","title":"Mining Journal","city":"Middlesboro","county":"Bell","history":"Daily (except Sun.) No. 1 (Feb. 2, 1891)-no. 36 (Mar. 14, 1891).","description":"Daily (except Sun.) No. 1 (Feb. 2, 1891)-no. 36 (Mar. 14, 1891).","website":"https://www.loc.gov/item/sn86069533/","first_year":1891,"last_year":1891,"yearStart":1891,"yearEnd":1891,"lccn":"sn86069533","frequency":"daily","layer":"newspapers"}},{"type":"Feature","geometry":{"type":"Point","coordinates":[-83.71443,36.608606]},"properties":{"id":"lccn-sn86069529","name":"The Daily Democrat 189?-1891","title":"The Daily Democrat 189?-1891","city":"Middlesboro","county":"Bell","history":"Daily -v. 1, no. 42 (Feb. 10, 1891). Description based on: Vol. 1, no. 9 (Jan. 1, 1891). Democrat (Middlesborough, Ky.) (DLC)sn 86069528","description":"Daily -v. 1, no. 42 (Feb. 10, 1891). Description based on: Vol. 1, no. 9 (Jan. 1, 1891). Democrat (Middlesborough, Ky.) (DLC)sn 86069528","website":"https://www.loc.gov/item/sn86069529/","first_year":1891,"last_year":1891,"yearStart":1891,"yearEnd":1891,"lccn":"sn86069529","frequency":"daily","layer":"newspapers"}},{"type":"Feature","geometry":{"type":"Point","coordinates":[-83.71443,36.608606]},"properties":{"id":"lccn-sn86069526","name":"The Daily Herald","title":"The Daily Herald","city":"Middlesboro","county":"Bell","history":"Daily Vol. 1, no. 1 (Apr. 26, 1891)-","description":"Daily Vol. 1, no. 1 (Apr. 26, 1891)-","website":"https://www.loc.gov/item/sn86069526/","first_year":1891,"last_year":1891,"yearStart":1891,"yearEnd":1891,"lccn":"sn86069526","frequency":"daily","layer":"newspapers"}},{"type":"Feature","geometry":{"type":"Point","coordinates":[-83.71443,36.608606]},"properties":{"id":"lccn-sn86060451","name":"The Daily News","title":"The Daily News","city":"Middlesboro","county":"Bell","history":"Daily Vol. 1, no. 1 (May 22, 1890)-v. 3, no. 417 (Sept. 19, 1891). Weekly ed.: Middlesborough news.","description":"Daily Vol. 1, no. 1 (May 22, 1890)-v. 3, no. 417 (Sept. 19, 1891). Weekly ed.: Middlesborough news.","website":"https://www.loc.gov/item/sn86060451/","first_year":1891,"last_year":1891,"yearStart":1891,"yearEnd":1891,"lccn":"sn86060451","frequency":"daily","layer":"newspapers"}},{"type":"Feature","geometry":{"type":"Point","coordinates":[-83.71443,36.608606]},"properties":{"id":"lccn-sn86069528","name":"The Democrat","title":"The Democrat","city":"Middlesboro","county":"Bell","history":"Weekly Vol. 1, no. 43 (Feb. 15, 1891)-","description":"Weekly Vol. 1, no. 43 (Feb. 15, 1891)-","website":"https://www.loc.gov/item/sn86069528/","first_year":1891,"last_year":1891,"yearStart":1891,"yearEnd":1891,"lccn":"sn86069528","frequency":"weekly","layer":"newspapers"}},{"type":"Feature","geometry":{"type":"Point","coordinates":[-83.71443,36.608606]},"properties":{"id":"lccn-sn86069525","name":"The Herald","title":"The Herald","city":"Middlesboro","county":"Bell","history":"Weekly Vol. 3, no. 50 (Dec. 3, 1898)-","description":"Weekly Vol. 3, no. 50 (Dec. 3, 1898)-","website":"https://www.loc.gov/item/sn86069525/","first_year":1898,"last_year":1898,"yearStart":1898,"yearEnd":1898,"lccn":"sn86069525","frequency":"weekly","layer":"newspapers"}},{"type":"Feature","geometry":{"type":"Point","coordinates":[-83.71443,36.608606]},"properties":{"id":"lccn-sn86069452","name":"The Middlesborough News","title":"The Middlesborough News","city":"Middlesboro","county":"Bell","history":"Weekly Vol. 1, new no. 1 (Oct. 31, 1889)- Sometimes published as: Middlesboro news; Evening news. Vol. 1, new no. 1- called also old no. 24-","description":"Weekly Vol. 1, new no. 1 (Oct. 31, 1889)- Sometimes published as: Middlesboro news; Evening news. Vol. 1, new no. 1- called also old no. 24-","website":"https://www.loc.gov/item/sn86069452/","first_year":1889,"last_year":1901,"yearStart":1889,"yearEnd":1901,"lccn":"sn86069452","frequency":"weekly","layer":"newspapers"}},{"type":"Feature","geometry":{"type":"Point","coordinates":[-83.71443,36.608606]},"properties":{"id":"lccn-sn86069524","name":"The Weekly Herald","title":"The Weekly Herald","city":"Middlesboro","county":"Bell","history":"Weekly Vol. 1, no. 1 (Dec. 13, 1895)-v. 3, no. 50 (Nov. 25, 1898). Nov. 4-25, 1898 called Vol. 3, no. 50. Herald (Middlesboro, Ky.) (DLC)sn 86069525","description":"Weekly Vol. 1, no. 1 (Dec. 13, 1895)-v. 3, no. 50 (Nov. 25, 1898). Nov. 4-25, 1898 called Vol. 3, no. 50. Herald (Middlesboro, Ky.) (DLC)sn 86069525","website":"https://www.loc.gov/item/sn86069524/","first_year":1895,"last_year":1898,"yearStart":1895,"yearEnd":1898,"lccn":"sn86069524","frequency":"weekly","layer":"newspapers"}},{"type":"Feature","geometry":{"type":"Point","coordinates":[-83.942105,38.056374]},"properties":{"id":"lccn-sn86069675","name":"The Mt. Sterling Advocate","title":"The Mt. Sterling Advocate","city":"Mount Sterling","county":"Montgomery","history":"Weekly Began in 1890? For a short time published as the Mt. Sterling advocate the sentinel democrat. Archived issues are available in digital format from the Library of Congress Chronicling America online collection. Description based on: Vol. 1, no. 28 (Feb. 17, 1891).","description":"Weekly Began in 1890? For a short time published as the Mt. Sterling advocate the sentinel democrat. Archived issues are available in digital format from the Library of Congress Chronicling America online collection. Description based on: Vol. 1, no. 28 (Feb. 17, 1891).","website":"https://www.loc.gov/item/sn86069675/","first_year":1891,"last_year":1922,"yearStart":1891,"yearEnd":1922,"lccn":"sn86069675","frequency":"weekly","layer":"newspapers"}},{"type":"Feature","geometry":{"type":"Point","coordinates":[-84.340566,37.352895]},"properties":{"id":"lccn-sn86069561","name":"Mount Vernon Signal 18??-Current","title":"Mount Vernon Signal 18??-Current","city":"Mount Vernon","county":"Rockcastle","history":"Weekly Archived issues are available in digital format as part of the Library of Congress Chronicling America online collection. Description based on: Vol. 8, no. 14 (Dec. 11, 1896).","description":"Weekly Archived issues are available in digital format as part of the Library of Congress Chronicling America online collection. Description based on: Vol. 8, no. 14 (Dec. 11, 1896).","website":"https://www.loc.gov/item/sn86069561/","first_year":1896,"last_year":1922,"yearStart":1896,"yearEnd":1922,"lccn":"sn86069561","frequency":"weekly","layer":"newspapers"}},{"type":"Feature","geometry":{"type":"Point","coordinates":[-84.340566,37.352895]},"properties":{"id":"lccn-sn86069560","name":"The Mountain Signal","title":"The Mountain Signal","city":"Mount Vernon","county":"Rockcastle","history":"Weekly Began in 1887. Archived issues are available in digital format as part of the Library of Congress Chronicling America online collection. Description based on: Vol. 1, no. 3 (Nov. 24, 1887). Mount Vernon signal 1941-2940 (DLC)sn 86069561 (OCoLC)14252933","description":"Weekly Began in 1887. Archived issues are available in digital format as part of the Library of Congress Chronicling America online collection. Description based on: Vol. 1, no. 3 (Nov. 24, 1887). Mount Vernon signal 1941-2940 (DLC)sn 86069561 (OCoLC)14252933","website":"https://www.loc.gov/item/sn86069560/","first_year":1888,"last_year":1889,"yearStart":1888,"yearEnd":1889,"lccn":"sn86069560","frequency":"weekly","layer":"newspapers"}},{"type":"Feature","geometry":{"type":"Point","coordinates":[-87.111033,37.772696]},"properties":{"id":"lccn-sn86069325","name":"Kentucky Reporter 1???-19??","title":"Kentucky Reporter 1???-19??","city":"Owensboro","county":"Daviess","history":"Weekly Archived issues are available in digital format from the Library of Congress Chronicling America online collection. Description based on: Vol. 2, no. 28 (Mar. 22, 1902).","description":"Weekly Archived issues are available in digital format from the Library of Congress Chronicling America online collection. Description based on: Vol. 2, no. 28 (Mar. 22, 1902).","website":"https://www.loc.gov/item/sn86069325/","first_year":1902,"last_year":1902,"yearStart":1902,"yearEnd":1902,"lccn":"sn86069325","frequency":"weekly","layer":"newspapers"}},{"type":"Feature","geometry":{"type":"Point","coordinates":[-87.111033,37.772696]},"properties":{"id":"lccn-sn2007058208","name":"The Kentucky Vindicator 189?-19??","title":"The Kentucky Vindicator 189?-19??","city":"Owensboro","county":"Daviess","history":"Weekly Editor, W.M. Likins. Archived issues are available in digital format from the Library of Congress Chronicling America online collection. Description based on: Vol. 2, no. 24 (June 26, 1901).","description":"Weekly Editor, W.M. Likins. Archived issues are available in digital format from the Library of Congress Chronicling America online collection. Description based on: Vol. 2, no. 24 (June 26, 1901).","website":"https://www.loc.gov/item/sn2007058208/","first_year":2007,"last_year":2007,"yearStart":2007,"yearEnd":2007,"lccn":"sn2007058208","frequency":"weekly","layer":"newspapers"}},{"type":"Feature","geometry":{"type":"Point","coordinates":[-83.7641,38.144758]},"properties":{"id":"lccn-sn86069620","name":"Owingsville Outlook","title":"Owingsville Outlook","city":"Owingsville","county":"Bath","history":"Weekly Began in 1879. Archived issues are available in digital format as part of the Library of Congress Chronicling American online collection. Description based on: Vol. 6, no. 9 (Aug. 28, 1884). Bath County news-outlook (DLC)sn 86069621","description":"Weekly Began in 1879. Archived issues are available in digital format as part of the Library of Congress Chronicling American online collection. Description based on: Vol. 6, no. 9 (Aug. 28, 1884). Bath County news-outlook (DLC)sn 86069621","website":"https://www.loc.gov/item/sn86069620/","first_year":1884,"last_year":1922,"yearStart":1884,"yearEnd":1922,"lccn":"sn86069620","frequency":"weekly","layer":"newspapers"}},{"type":"Feature","geometry":{"type":"Point","coordinates":[-88.633016,37.07639]},"properties":{"id":"lccn-sn85052117","name":"Paducah Sun 1???-1902","title":"Paducah Sun 1???-1902","city":"Paducah","county":"Mccracken","history":"Weekly -v. 9, no. 21 (June 4, 1902). Archived issues are available in digital format from the Library of Congress Chronicling America online collection. Continues: Weekly sun (non-extant). Description based on: Vol. 6, no. 28 (Jan. 10, 1901). Paducah weekly sun 1946-6099 (DLC)sn 85052115 (OCoLC)12442283","description":"Weekly -v. 9, no. 21 (June 4, 1902). Archived issues are available in digital format from the Library of Congress Chronicling America online collection. Continues: Weekly sun (non-extant). Description based on: Vol. 6, no. 28 (Jan. 10, 1901). Paducah weekly sun 1946-6099 (DLC)sn 85052115 (OCoLC)12442283","website":"https://www.loc.gov/item/sn85052117/","first_year":1901,"last_year":1902,"yearStart":1901,"yearEnd":1902,"lccn":"sn85052117","frequency":"weekly","layer":"newspapers"}},{"type":"Feature","geometry":{"type":"Point","coordinates":[-88.633016,37.07639]},"properties":{"id":"lccn-sn85052118","name":"The Paducah Daily Sun","title":"The Paducah Daily Sun","city":"Paducah","county":"Mccracken","history":"Daily (except Sun.) Began in 1896. Cf. Ayer, 1897. Ceased in Dec. 1898. Archived issues are available in digital format as part of the Library of Congress Chronicling America online collection. Issued also in a weekly edition called: Weekly sun (non-extant). Description based on: Vol. 1, no. 56 (Nov. 16, 1896). Paducah sun (Paducah, Ky. : 1898) 1943-8966 (DLC)sn 85052116 (OCoLC)12442469","description":"Daily (except Sun.) Began in 1896. Cf. Ayer, 1897. Ceased in Dec. 1898. Archived issues are available in digital format as part of the Library of Congress Chronicling America online collection. Issued also in a weekly edition called: Weekly sun (non-extant). Description based on: Vol. 1, no. 56 (Nov. 16, 1896). Paducah sun (Paducah, Ky. : 1898) 1943-8966 (DLC)sn 85052116 (OCoLC)12442469","website":"https://www.loc.gov/item/sn85052118/","first_year":1896,"last_year":1898,"yearStart":1896,"yearEnd":1898,"lccn":"sn85052118","frequency":"daily","layer":"newspapers"}},{"type":"Feature","geometry":{"type":"Point","coordinates":[-88.633016,37.07639]},"properties":{"id":"lccn-sn85052114","name":"The Paducah Evening Sun","title":"The Paducah Evening Sun","city":"Paducah","county":"Mccracken","history":"Daily (except Sun.) Vol. 1, no. 121 (May 17, 1906)-volume LII, no. 179 (July 21, 1929) On Sunday published as: Paducah news=democrat evening sun. Archived issues are available in digital format from the Library of Congress Chronicling America online collection. Merged with: News=democrat (Paducah, Ky.), to form: Sun-democrat (Paducah, Ky. : 1929). News=democrat (Paducah, Ky.) (DLC)sn 84027479 (OCoLC)11213591 Sun-democrat (Paducah, Ky. : 1929) (DLC)sn 85052113 (OCoLC)12547016","description":"Daily (except Sun.) Vol. 1, no. 121 (May 17, 1906)-volume LII, no. 179 (July 21, 1929) On Sunday published as: Paducah news=democrat evening sun. Archived issues are available in digital format from the Library of Congress Chronicling America online collection. Merged with: News=democrat (Paducah, Ky.), to form: Sun-democrat (Paducah, Ky. : 1929). News=democrat (Paducah, Ky.) (DLC)sn 84027479 (OCoLC)11213591 Sun-democrat (Paducah, Ky. : 1929) (DLC)sn 85052113 (OCoLC)12547016","website":"https://www.loc.gov/item/sn85052114/","first_year":1906,"last_year":1910,"yearStart":1906,"yearEnd":1910,"lccn":"sn85052114","frequency":"daily","layer":"newspapers"}},{"type":"Feature","geometry":{"type":"Point","coordinates":[-88.633016,37.07639]},"properties":{"id":"lccn-sn85052116","name":"The Paducah Sun","title":"The Paducah Sun","city":"Paducah","county":"Mccracken","history":"Daily (except Sun.) Began in Dec. 1898. -v. 18, no. 120 (May 16, 1906). For a short period published as: The Paducah daily sun. Archived issues are available in digital format from the Library of Congress Chronicling America online collection. Also published in a Sunday ed. with title: Sunday chat. Description based on: Vol. 3, no. 70 (Dec. 15, 1898). Paducah evening sun 1943-8966 (DLC)sn 85052114 (OCoLC)12442761","description":"Daily (except Sun.) Began in Dec. 1898. -v. 18, no. 120 (May 16, 1906). For a short period published as: The Paducah daily sun. Archived issues are available in digital format from the Library of Congress Chronicling America online collection. Also published in a Sunday ed. with title: Sunday chat. Description based on: Vol. 3, no. 70 (Dec. 15, 1898). Paducah evening sun 1943-8966 (DLC)sn 85052114 (OCoLC)12442761","website":"https://www.loc.gov/item/sn85052116/","first_year":1898,"last_year":1906,"yearStart":1898,"yearEnd":1906,"lccn":"sn85052116","frequency":"daily","layer":"newspapers"}},{"type":"Feature","geometry":{"type":"Point","coordinates":[-88.633016,37.07639]},"properties":{"id":"lccn-sn85052115","name":"The Paducah Weekly Sun","title":"The Paducah Weekly Sun","city":"Paducah","county":"Mccracken","history":"Weekly Vol. 9, no. 22 (June 11, 1902)- Archived issues are available in digital format as part of the Library of Congress Chronicling America online collection. Daily eds.: Paducah sun (Paducah, Ky. : 1898), 1902-1906; and Paducah evening sun, 1906-<1913>. Volume XXXVI, no. 259 (October 29, 1913); newspapers.com, viewed July 17, 2020.","description":"Weekly Vol. 9, no. 22 (June 11, 1902)- Archived issues are available in digital format as part of the Library of Congress Chronicling America online collection. Daily eds.: Paducah sun (Paducah, Ky. : 1898), 1902-1906; and Paducah evening sun, 1906-<1913>. Volume XXXVI, no. 259 (October 29, 1913); newspapers.com, viewed July 17, 2020.","website":"https://www.loc.gov/item/sn85052115/","first_year":1906,"last_year":1906,"yearStart":1906,"yearEnd":1906,"lccn":"sn85052115","frequency":"weekly","layer":"newspapers"}},{"type":"Feature","geometry":{"type":"Point","coordinates":[-88.633016,37.07639]},"properties":{"id":"lccn-sn85052182","name":"The Sunday Chat","title":"The Sunday Chat","city":"Paducah","county":"Mccracken","history":"Weekly Vol. 1, no. 1 (Mar. 31, 1901)- Archived issues are available in digital format from the Library of Congress Chronicling America online collection. Also published in a daily ed. with title: Paducah sun (Paducah, Ky. : 1898).","description":"Weekly Vol. 1, no. 1 (Mar. 31, 1901)- Archived issues are available in digital format from the Library of Congress Chronicling America online collection. Also published in a daily ed. with title: Paducah sun (Paducah, Ky. : 1898).","website":"https://www.loc.gov/item/sn85052182/","first_year":1901,"last_year":1901,"yearStart":1901,"yearEnd":1901,"lccn":"sn85052182","frequency":"weekly","layer":"newspapers"}},{"type":"Feature","geometry":{"type":"Point","coordinates":[-84.25226,38.20954]},"properties":{"id":"lccn-sn86069872","name":"Semi-Weekly Bourbon News","title":"Semi-Weekly Bourbon News","city":"Paris","county":"Bourbon","history":"Semiweekly [Vol. II], no. 150 (August 3, 1883)- ; -15th year, no. 38 (May 10, 1895). Volume designation is replaced by a yearly designation. Archived issues are available in digital format as part of the Library of Congress Chronicling America online collection. Bourbon news (Paris, Ky. : 1895) 1940-9737 (DLC)sn 86069873 (OCoLC)13528482","description":"Semiweekly [Vol. II], no. 150 (August 3, 1883)- ; -15th year, no. 38 (May 10, 1895). Volume designation is replaced by a yearly designation. Archived issues are available in digital format as part of the Library of Congress Chronicling America online collection. Bourbon news (Paris, Ky. : 1895) 1940-9737 (DLC)sn 86069873 (OCoLC)13528482","website":"https://www.loc.gov/item/sn86069872/","first_year":1883,"last_year":1883,"yearStart":1883,"yearEnd":1883,"lccn":"sn86069872","frequency":"semiweekly","layer":"newspapers"}},{"type":"Feature","geometry":{"type":"Point","coordinates":[-84.149,38.300358]},"properties":{"id":"lccn-sn86069871","name":"The Bourbon News","title":"The Bourbon News","city":"Paris","county":"Bourbon","history":"Weekly Vol. 1, no. 1 (Jan. 12, 1881)- ; vol. I, no. 1 (March 7, 1882)-vol. II, no. 149 (July 31, 1883) Published in Millersburg, Ky., Jan. 12, 1881-<Feb. 15, 1882>; in Paris, Ky, thereafter. Archived issues are available in digital format as part of the Library of Congress Chronicling America online collection. Semi-weekly Bourbon news 2157-5061 (DLC)sn 86069872 (OCoLC)13528428","description":"Weekly Vol. 1, no. 1 (Jan. 12, 1881)- ; vol. I, no. 1 (March 7, 1882)-vol. II, no. 149 (July 31, 1883) Published in Millersburg, Ky., Jan. 12, 1881-<Feb. 15, 1882>; in Paris, Ky, thereafter. Archived issues are available in digital format as part of the Library of Congress Chronicling America online collection. Semi-weekly Bourbon news 2157-5061 (DLC)sn 86069872 (OCoLC)13528428","website":"https://www.loc.gov/item/sn86069871/","first_year":1882,"last_year":1883,"yearStart":1882,"yearEnd":1883,"lccn":"sn86069871","frequency":"weekly","layer":"newspapers"}},{"type":"Feature","geometry":{"type":"Point","coordinates":[-84.25226,38.20954]},"properties":{"id":"lccn-sn86069873","name":"The Bourbon News","title":"The Bourbon News","city":"Paris","county":"Bourbon","history":"Semiweekly 15th year, no. 39 (May 14, 1895)- Title from masthead, newspapers.com, viewed July 23, 2020 Archived issues are available in digital format as part of the Library of Congress Chronicling America online collection. Volume XLII (December 29, 1922); newspapers.com, viewed July 23, 2020.","description":"Semiweekly 15th year, no. 39 (May 14, 1895)- Title from masthead, newspapers.com, viewed July 23, 2020 Archived issues are available in digital format as part of the Library of Congress Chronicling America online collection. Volume XLII (December 29, 1922); newspapers.com, viewed July 23, 2020.","website":"https://www.loc.gov/item/sn86069873/","first_year":1897,"last_year":1922,"yearStart":1897,"yearEnd":1922,"lccn":"sn86069873","frequency":"semiweekly","layer":"newspapers"}},{"type":"Feature","geometry":{"type":"Point","coordinates":[-84.29509,37.747764]},"properties":{"id":"lccn-sn86069168","name":"Richmond Daily Register","title":"Richmond Daily Register","city":"Richmond","county":"Madison","history":"Daily (except Sunday) Began in 1917? -v. 62 (June 21, 1978). Continues the volume numbering of the Kentucky register (Richmond, Ky.). Archived issues are available in digital format as part of the Library of Congress Chronicling America online collection. Description based on: 52nd year, no. 41 (Jan. 18, 1918). Richmond register (Richmond, Ky.) (DLC)sn 86069169 (OCoLC)13674346","description":"Daily (except Sunday) Began in 1917? -v. 62 (June 21, 1978). Continues the volume numbering of the Kentucky register (Richmond, Ky.). Archived issues are available in digital format as part of the Library of Congress Chronicling America online collection. Description based on: 52nd year, no. 41 (Jan. 18, 1918). Richmond register (Richmond, Ky.) (DLC)sn 86069169 (OCoLC)13674346","website":"https://www.loc.gov/item/sn86069168/","first_year":1918,"last_year":1922,"yearStart":1918,"yearEnd":1922,"lccn":"sn86069168","frequency":"daily","layer":"newspapers"}},{"type":"Feature","geometry":{"type":"Point","coordinates":[-84.29509,37.747764]},"properties":{"id":"lccn-sn86069161","name":"The Climax","title":"The Climax","city":"Richmond","county":"Madison","history":"Weekly Vol. 1, no. 1 (June 22, 1887)-v. 10, no. 39 (Mar. 3, 1897). Archived issues are available in digital format as part of the Library of Congress Chronicling America online collection. Richmond climax (Richmond, Ky. : 1897) 1940-9648 (DLC)sn 86069162 (OCoLC)13672016","description":"Weekly Vol. 1, no. 1 (June 22, 1887)-v. 10, no. 39 (Mar. 3, 1897). Archived issues are available in digital format as part of the Library of Congress Chronicling America online collection. Richmond climax (Richmond, Ky. : 1897) 1940-9648 (DLC)sn 86069162 (OCoLC)13672016","website":"https://www.loc.gov/item/sn86069161/","first_year":1887,"last_year":1897,"yearStart":1887,"yearEnd":1897,"lccn":"sn86069161","frequency":"weekly","layer":"newspapers"}},{"type":"Feature","geometry":{"type":"Point","coordinates":[-84.29509,37.747764]},"properties":{"id":"lccn-sn86069164","name":"The Climax-Madisonian","title":"The Climax-Madisonian","city":"Richmond","county":"Madison","history":"Weekly Vol. 41, no. 1 (Oct. 7, 1914)- Ceased in 1917. Continues the volume numbering of the Richmond climax (Richmond, Ky. : 1897). Issues for Oct. 7, 1914- called also New v. 1- Archived issues are available in digital format as part of the Library of Congress Chronicling America online collection. Richmond climax (Richmond, Ky. : 1917) (DLC)sn 86069165 (OCoLC)13672106","description":"Weekly Vol. 41, no. 1 (Oct. 7, 1914)- Ceased in 1917. Continues the volume numbering of the Richmond climax (Richmond, Ky. : 1897). Issues for Oct. 7, 1914- called also New v. 1- Archived issues are available in digital format as part of the Library of Congress Chronicling America online collection. Richmond climax (Richmond, Ky. : 1917) (DLC)sn 86069165 (OCoLC)13672106","website":"https://www.loc.gov/item/sn86069164/","first_year":1914,"last_year":1917,"yearStart":1914,"yearEnd":1917,"lccn":"sn86069164","frequency":"weekly","layer":"newspapers"}},{"type":"Feature","geometry":{"type":"Point","coordinates":[-84.29509,37.747764]},"properties":{"id":"lccn-sn86069167","name":"The Kentucky Register 190?-1917","title":"The Kentucky Register 190?-1917","city":"Richmond","county":"Madison","history":"Weekly Ceased in 1917? Archived issues are available in digital format as part of the Library of Congress Chronicling America online collection. Description based on: Vol. 42, no. 63 (Oct. 8, 1907). Richmond climax (Richmond, Ky. : 1917) 2326-6147 (DLC)sn 86069165 (OCoLC)13672106 Richmond daily register 2332-4694 (DLC)sn 86069168 (OCoLC)13673900","description":"Weekly Ceased in 1917? Archived issues are available in digital format as part of the Library of Congress Chronicling America online collection. Description based on: Vol. 42, no. 63 (Oct. 8, 1907). Richmond climax (Richmond, Ky. : 1917) 2326-6147 (DLC)sn 86069165 (OCoLC)13672106 Richmond daily register 2332-4694 (DLC)sn 86069168 (OCoLC)13673900","website":"https://www.loc.gov/item/sn86069167/","first_year":1916,"last_year":1917,"yearStart":1916,"yearEnd":1917,"lccn":"sn86069167","frequency":"weekly","layer":"newspapers"}},{"type":"Feature","geometry":{"type":"Point","coordinates":[-84.29509,37.747764]},"properties":{"id":"lccn-sn86069163","name":"The Madisonian","title":"The Madisonian","city":"Richmond","county":"Madison","history":"Weekly Vol. 1, no. 1 (Jan. 1, 1913)- Ceased in Oct. 1914? Archived issues are available in digital format as part of the Library of Congress Chronicling America online collection. Richmond climax (Richmond, Ky. : 1897) 1940-9648 (DLC)sn 86069162 (OCoLC)13672016 Climax-madisonian 2326-165X (DLC)sn 86069164 (OCoLC)13672063","description":"Weekly Vol. 1, no. 1 (Jan. 1, 1913)- Ceased in Oct. 1914? Archived issues are available in digital format as part of the Library of Congress Chronicling America online collection. Richmond climax (Richmond, Ky. : 1897) 1940-9648 (DLC)sn 86069162 (OCoLC)13672016 Climax-madisonian 2326-165X (DLC)sn 86069164 (OCoLC)13672063","website":"https://www.loc.gov/item/sn86069163/","first_year":1913,"last_year":1914,"yearStart":1913,"yearEnd":1914,"lccn":"sn86069163","frequency":"weekly","layer":"newspapers"}},{"type":"Feature","geometry":{"type":"Point","coordinates":[-84.29509,37.747764]},"properties":{"id":"lccn-sn86069162","name":"The Richmond Climax","title":"The Richmond Climax","city":"Richmond","county":"Madison","history":"Weekly, Nov. 19, 1913-1914 Vol. 10, no. 40 (Mar. 10, 1897)- ; -41st year, no. 7 (Sept. 30, 1914). Volume designation is replaced by a yearly designation. Archived issues are available in digital format as part of the Library of Congress Chronicling American online collection. Madisonian (Richmond, Ky.) 2326-1625 (DLC)sn 86069163 (OCoLC)13672045 Climax-madisonian 2326-165X (DLC)sn 86069164 (OCoLC)13672063","description":"Weekly, Nov. 19, 1913-1914 Vol. 10, no. 40 (Mar. 10, 1897)- ; -41st year, no. 7 (Sept. 30, 1914). Volume designation is replaced by a yearly designation. Archived issues are available in digital format as part of the Library of Congress Chronicling American online collection. Madisonian (Richmond, Ky.) 2326-1625 (DLC)sn 86069163 (OCoLC)13672045 Climax-madisonian 2326-165X (DLC)sn 86069164 (OCoLC)13672063","website":"https://www.loc.gov/item/sn86069162/","first_year":1897,"last_year":1914,"yearStart":1897,"yearEnd":1914,"lccn":"sn86069162","frequency":"weekly","layer":"newspapers"}},{"type":"Feature","geometry":{"type":"Point","coordinates":[-84.29509,37.747764]},"properties":{"id":"lccn-sn86069165","name":"The Richmond Climax","title":"The Richmond Climax","city":"Richmond","county":"Madison","history":"Began in 1917? Archived issues are available in digital format as part of the Library of Congress Chronicling America online collection. Description based on: Vol. 45, no. 44 (Oct. 31, 1917). Kentucky register (Richmond, Ky. : 1907) 2332-4678 (DLC)sn 86069167 (OCoLC)13673731 Richmond daily register 2332-4694 (DLC)sn 86069168 (OCoLC)13673900","description":"Began in 1917? Archived issues are available in digital format as part of the Library of Congress Chronicling America online collection. Description based on: Vol. 45, no. 44 (Oct. 31, 1917). Kentucky register (Richmond, Ky. : 1907) 2332-4678 (DLC)sn 86069167 (OCoLC)13673731 Richmond daily register 2332-4694 (DLC)sn 86069168 (OCoLC)13673900","website":"https://www.loc.gov/item/sn86069165/","first_year":1917,"last_year":1917,"yearStart":1917,"yearEnd":1917,"lccn":"sn86069165","layer":"newspapers"}},{"type":"Feature","geometry":{"type":"Point","coordinates":[-86.190491,36.753286]},"properties":{"id":"lccn-sn92056607","name":"The Allen County Times","title":"The Allen County Times","city":"Scottsville","county":"Allen","history":"Began in 1890? Ceased in 1918? Description based on: Vol. 6, no. 5 (Feb. 2, 1912). Citizen (Scottsville, Ky.) (DLC)sn 92056606 (OCoLC)26713881 Citizen=times (Scottsville, Ky.) (DLC)sn 86069484 (OCoLC)14195447","description":"Began in 1890? Ceased in 1918? Description based on: Vol. 6, no. 5 (Feb. 2, 1912). Citizen (Scottsville, Ky.) (DLC)sn 92056606 (OCoLC)26713881 Citizen=times (Scottsville, Ky.) (DLC)sn 86069484 (OCoLC)14195447","website":"https://www.loc.gov/item/sn92056607/","first_year":2056,"last_year":2056,"yearStart":2056,"yearEnd":2056,"lccn":"sn92056607","layer":"newspapers"}},{"type":"Feature","geometry":{"type":"Point","coordinates":[-86.190491,36.753286]},"properties":{"id":"lccn-sn92056606","name":"The Citizen","title":"The Citizen","city":"Scottsville","county":"Allen","history":"Began in 1908? Ceased in 1918? Merged with: Allen County times (Scottsville, Ky.); to form: Citizen=times (Scottsville, Ky.). Description based on: V. 4, no. 3 (Aug. 3, 1911). Allen County times (Scottsville, Ky.) (DLC)sn 92056607 (OCoLC)26713971 Citizen=times (Scottsville, Ky.) (DLC)sn 86069484 (OCoLC)14195447","description":"Began in 1908? Ceased in 1918? Merged with: Allen County times (Scottsville, Ky.); to form: Citizen=times (Scottsville, Ky.). Description based on: V. 4, no. 3 (Aug. 3, 1911). Allen County times (Scottsville, Ky.) (DLC)sn 92056607 (OCoLC)26713971 Citizen=times (Scottsville, Ky.) (DLC)sn 86069484 (OCoLC)14195447","website":"https://www.loc.gov/item/sn92056606/","first_year":2056,"last_year":2056,"yearStart":2056,"yearEnd":2056,"lccn":"sn92056606","layer":"newspapers"}},{"type":"Feature","geometry":{"type":"Point","coordinates":[-86.190491,36.753286]},"properties":{"id":"lccn-sn86069484","name":"The Citizen=times","title":"The Citizen=times","city":"Scottsville","county":"Allen","history":"Weekly Began with Oct. 10, 1918 issue? Description based on: V. 13, no. 1 (Jan. 9, 1919).","description":"Weekly Began with Oct. 10, 1918 issue? Description based on: V. 13, no. 1 (Jan. 9, 1919).","website":"https://www.loc.gov/item/sn86069484/","first_year":1919,"last_year":1928,"yearStart":1919,"yearEnd":1928,"lccn":"sn86069484","frequency":"weekly","layer":"newspapers"}},{"type":"Feature","geometry":{"type":"Point","coordinates":[-83.974645,37.827025]},"properties":{"id":"lccn-sn88061168","name":"The Spout Spring Times","title":"The Spout Spring Times","city":"Spout Springs","county":"Estill","history":"Weekly Vol. 1, no. 1 (Jan. 18, 1896)- Editor: J.E. Burger. Suspended <Aug. 29, 1901-Mar. 13, 1902>. Archived issues are available in digital format as part of the Library of Congress Chronicling America online collection. Appeared concurrently with Clay City times (Clay City, Ky.) from <Mar. 13-Apr. 3, 1902>","description":"Weekly Vol. 1, no. 1 (Jan. 18, 1896)- Editor: J.E. Burger. Suspended <Aug. 29, 1901-Mar. 13, 1902>. Archived issues are available in digital format as part of the Library of Congress Chronicling America online collection. Appeared concurrently with Clay City times (Clay City, Ky.) from <Mar. 13-Apr. 3, 1902>","website":"https://www.loc.gov/item/sn88061168/","first_year":1896,"last_year":1902,"yearStart":1896,"yearEnd":1902,"lccn":"sn88061168","frequency":"weekly","layer":"newspapers"}},{"type":"Feature","geometry":{"type":"Point","coordinates":[-84.660091,37.529543]},"properties":{"id":"lccn-sn85052020","name":"Semi-Weekly Interior Journal","title":"Semi-Weekly Interior Journal","city":"Stanford","county":"Lincoln","history":"Semiweekly Vol. 10, no. 43 (Dec. 20, 1881)-v. 33, no. 10 (Apr. 4, 1905) = No. 511- Archived issues are available in digital format as part of the Library of Congress Chronicling America online collection. Interior journal (Stanford, Ky. : 1905) 1941-3017 (DLC)sn 85052021 (OCoLC)11779836","description":"Semiweekly Vol. 10, no. 43 (Dec. 20, 1881)-v. 33, no. 10 (Apr. 4, 1905) = No. 511- Archived issues are available in digital format as part of the Library of Congress Chronicling America online collection. Interior journal (Stanford, Ky. : 1905) 1941-3017 (DLC)sn 85052021 (OCoLC)11779836","website":"https://www.loc.gov/item/sn85052020/","first_year":2020,"last_year":2020,"yearStart":2020,"yearEnd":2020,"lccn":"sn85052020","frequency":"semiweekly","layer":"newspapers"}},{"type":"Feature","geometry":{"type":"Point","coordinates":[-84.660091,37.529543]},"properties":{"id":"lccn-sn84038328","name":"The Interior Journal","title":"The Interior Journal","city":"Stanford","county":"Lincoln","history":"Weekly Vol. 1, no. 1 (Mar. 8, 1872)-v. 10, no. 42 (Dec. 16, 1881) = [No. 1]-no. 510. Democratic, <1876>. Sometimes published as: Daily interior journal. Editor: W.P. Walton, <1875-1877>. Archived issues are available in digital format as part of the Library of Congress Chronicling America online collection. Semi-weekly interior journal 1941-3009 (DLC)sn 85052020 (OCoLC)11779804","description":"Weekly Vol. 1, no. 1 (Mar. 8, 1872)-v. 10, no. 42 (Dec. 16, 1881) = [No. 1]-no. 510. Democratic, <1876>. Sometimes published as: Daily interior journal. Editor: W.P. Walton, <1875-1877>. Archived issues are available in digital format as part of the Library of Congress Chronicling America online collection. Semi-weekly interior journal 1941-3009 (DLC)sn 85052020 (OCoLC)11779804","website":"https://www.loc.gov/item/sn84038328/","first_year":1872,"last_year":1881,"yearStart":1872,"yearEnd":1881,"lccn":"sn84038328","frequency":"weekly","layer":"newspapers"}},{"type":"Feature","geometry":{"type":"Point","coordinates":[-84.660091,37.529543]},"properties":{"id":"lccn-sn85052021","name":"The Interior Journal","title":"The Interior Journal","city":"Stanford","county":"Lincoln","history":"Semiweekly Vol. 33, no. 11 (Apr. 7, 1905)-v. 37, no. 87 (Dec. 27, 1910). Archived issues are available in digital format as part of the Library of Congress Chronicling America online collection. Stanford interior journal 2163-467X (DLC)sn 85052022 (OCoLC)11779906","description":"Semiweekly Vol. 33, no. 11 (Apr. 7, 1905)-v. 37, no. 87 (Dec. 27, 1910). Archived issues are available in digital format as part of the Library of Congress Chronicling America online collection. Stanford interior journal 2163-467X (DLC)sn 85052022 (OCoLC)11779906","website":"https://www.loc.gov/item/sn85052021/","first_year":2021,"last_year":2021,"yearStart":2021,"yearEnd":2021,"lccn":"sn85052021","frequency":"semiweekly","layer":"newspapers"}},{"type":"Feature","geometry":{"type":"Point","coordinates":[-84.660091,37.529543]},"properties":{"id":"lccn-sn85052023","name":"The Interior Journal","title":"The Interior Journal","city":"Stanford","county":"Lincoln","history":"Semiweekly Vol. 39, no. 25 (Mar. 26, 1912)-v. 125, no. 14 (Apr. 27, 1984). Archived issues are available in digital format as part of the Library of Congress Chronicling America online collection. Lincoln County post (DLC)sn 85052025 (OCoLC)11788308 Interior journal & Lincoln County post 8750-1554 (DLC)sn 84006807 (OCoLC)11059532","description":"Semiweekly Vol. 39, no. 25 (Mar. 26, 1912)-v. 125, no. 14 (Apr. 27, 1984). Archived issues are available in digital format as part of the Library of Congress Chronicling America online collection. Lincoln County post (DLC)sn 85052025 (OCoLC)11788308 Interior journal & Lincoln County post 8750-1554 (DLC)sn 84006807 (OCoLC)11059532","website":"https://www.loc.gov/item/sn85052023/","first_year":2023,"last_year":2023,"yearStart":2023,"yearEnd":2023,"lccn":"sn85052023","frequency":"semiweekly","layer":"newspapers"}},{"type":"Feature","geometry":{"type":"Point","coordinates":[-84.660091,37.529543]},"properties":{"id":"lccn-sn85052022","name":"The Stanford Interior Journal","title":"The Stanford Interior Journal","city":"Stanford","county":"Lincoln","history":"Semiweekly Vol. 38, no. 1 (Jan. 6, 1911)-v. 39, no. 24 (Mar. 22, 1912). Archived issues are available in digital format as part of the Library of Congress Chronicling America online collection. Interior journal (Stanford, Ky. : 1912) 2163-4688 (DLC)sn 85052023 (OCoLC)11779960","description":"Semiweekly Vol. 38, no. 1 (Jan. 6, 1911)-v. 39, no. 24 (Mar. 22, 1912). Archived issues are available in digital format as part of the Library of Congress Chronicling America online collection. Interior journal (Stanford, Ky. : 1912) 2163-4688 (DLC)sn 85052023 (OCoLC)11779960","website":"https://www.loc.gov/item/sn85052022/","first_year":2022,"last_year":2022,"yearStart":2022,"yearEnd":2022,"lccn":"sn85052022","frequency":"semiweekly","layer":"newspapers"}},{"type":"Feature","geometry":{"type":"Point","coordinates":[-83.319047,38.599633]},"properties":{"id":"lccn-sn86069599","name":"The Sun","title":"The Sun","city":"Vanceburg","county":"Lewis","history":"Weekly Vol. 21, no. 1 (Aug. 4, 1910)-v. 25, no. 26 (Feb. 4, 1915). Vanceburg sun (Vanceburg, Ky. : 1915) (DLC)sn 86069600","description":"Weekly Vol. 21, no. 1 (Aug. 4, 1910)-v. 25, no. 26 (Feb. 4, 1915). Vanceburg sun (Vanceburg, Ky. : 1915) (DLC)sn 86069600","website":"https://www.loc.gov/item/sn86069599/","first_year":1911,"last_year":1915,"yearStart":1911,"yearEnd":1915,"lccn":"sn86069599","frequency":"weekly","layer":"newspapers"}},{"type":"Feature","geometry":{"type":"Point","coordinates":[-83.319047,38.599633]},"properties":{"id":"lccn-sn86069601","name":"The Sun","title":"The Sun","city":"Vanceburg","county":"Lewis","history":"Weekly Vol. 27, no. 29 (Mar. 1, 1917)- Ceased in 1924. Lewis County herald (Vanceburg, Ky.) (DLC)sn 86069602","description":"Weekly Vol. 27, no. 29 (Mar. 1, 1917)- Ceased in 1924. Lewis County herald (Vanceburg, Ky.) (DLC)sn 86069602","website":"https://www.loc.gov/item/sn86069601/","first_year":1917,"last_year":1924,"yearStart":1917,"yearEnd":1924,"lccn":"sn86069601","frequency":"weekly","layer":"newspapers"}},{"type":"Feature","geometry":{"type":"Point","coordinates":[-83.319047,38.599633]},"properties":{"id":"lccn-sn86069597","name":"The Vanceburg Courier 187?-1???","title":"The Vanceburg Courier 187?-1???","city":"Vanceburg","county":"Lewis","history":"Weekly Description based on: Vol. 8, no. 11 (July 9, 1884).","description":"Weekly Description based on: Vol. 8, no. 11 (July 9, 1884).","website":"https://www.loc.gov/item/sn86069597/","first_year":1884,"last_year":1884,"yearStart":1884,"yearEnd":1884,"lccn":"sn86069597","frequency":"weekly","layer":"newspapers"}},{"type":"Feature","geometry":{"type":"Point","coordinates":[-83.319047,38.599633]},"properties":{"id":"lccn-sn86069598","name":"The Vanceburg Sun","title":"The Vanceburg Sun","city":"Vanceburg","county":"Lewis","history":"Weekly Began in 1889? -v. 20, no. 52 (July 28, 1910). Description based on: Vol. 17, no. 1 (Aug. 2, 1906). Sun (Vanceburg, Ky. : 1910) (DLC)sn 86069599","description":"Weekly Began in 1889? -v. 20, no. 52 (July 28, 1910). Description based on: Vol. 17, no. 1 (Aug. 2, 1906). Sun (Vanceburg, Ky. : 1910) (DLC)sn 86069599","website":"https://www.loc.gov/item/sn86069598/","first_year":1906,"last_year":1910,"yearStart":1906,"yearEnd":1910,"lccn":"sn86069598","frequency":"weekly","layer":"newspapers"}},{"type":"Feature","geometry":{"type":"Point","coordinates":[-83.319047,38.599633]},"properties":{"id":"lccn-sn86069600","name":"The Vanceburg Sun","title":"The Vanceburg Sun","city":"Vanceburg","county":"Lewis","history":"Weekly Vol. 25, no. 27 (Feb. 11, 1915)-v. 27, no. 28 (Feb. 22, 1917). Sun (Vanceburg, Ky. : 1917) (DLC)sn 86069601","description":"Weekly Vol. 25, no. 27 (Feb. 11, 1915)-v. 27, no. 28 (Feb. 22, 1917). Sun (Vanceburg, Ky. : 1917) (DLC)sn 86069601","website":"https://www.loc.gov/item/sn86069600/","first_year":1915,"last_year":1917,"yearStart":1915,"yearEnd":1917,"lccn":"sn86069600","frequency":"weekly","layer":"newspapers"}},{"type":"Feature","geometry":{"type":"Point","coordinates":[-83.259898,37.921802]},"properties":{"id":"lccn-sn86069643","name":"Licking Valley Courier 19??-Current","title":"Licking Valley Courier 19??-Current","city":"West Liberty","county":"Morgan","history":"Weekly Archived issues are available in digital format from the Library of Congress Chronicling America online collection. Description based on: Vol. 1, no. 36 (Feb. 2, 1911).","description":"Weekly Archived issues are available in digital format from the Library of Congress Chronicling America online collection. Description based on: Vol. 1, no. 36 (Feb. 2, 1911).","website":"https://www.loc.gov/item/sn86069643/","first_year":1911,"last_year":1922,"yearStart":1911,"yearEnd":1922,"lccn":"sn86069643","frequency":"weekly","layer":"newspapers"}},{"type":"Feature","geometry":{"type":"Point","coordinates":[-82.826888,37.118319]},"properties":{"id":"lccn-sn83025555","name":"The Mountain Eagle","title":"The Mountain Eagle","city":"Whitesburg","county":"Letcher","history":"Weekly Began in 1907. Cf. Gregory. Amer. newspapers. Editor: <Mar. 18, 1976> T.E. Gish. Description based on: Vol. 2, no. 16 (Dec. 17, 1908).","description":"Weekly Began in 1907. Cf. Gregory. Amer. newspapers. Editor: <Mar. 18, 1976> T.E. Gish. Description based on: Vol. 2, no. 16 (Dec. 17, 1908).","website":"https://www.loc.gov/item/sn83025555/","first_year":1909,"last_year":1926,"yearStart":1909,"yearEnd":1926,"lccn":"sn83025555","frequency":"weekly","layer":"newspapers"}},{"type":"Feature","geometry":{"type":"Point","coordinates":[-84.177782,37.991816]},"properties":{"id":"lccn-sn86069133","name":"The Winchester News","title":"The Winchester News","city":"Winchester","county":"Clark","history":"Daily (except Sunday) Vol. 1, no. 1 (Oct. 12, 1908)- Archived issues are available in digital format as part of the Library of Congress Chronicling America online collection.","description":"Daily (except Sunday) Vol. 1, no. 1 (Oct. 12, 1908)- Archived issues are available in digital format as part of the Library of Congress Chronicling America online collection.","website":"https://www.loc.gov/item/sn86069133/","first_year":1908,"last_year":1912,"yearStart":1908,"yearEnd":1912,"lccn":"sn86069133","frequency":"daily","layer":"newspapers"}}]}